English,POS,Generated,Type,Derivation
abandon,v,koto,root,
able,adj,datsu,root,
aboard,adv,het,root,
abolish,v,qui,root,
about (concerning),prep,wohayoz,root,
about,adv,shitibe,root,
above,prep,boku,root,
absen,br,azogni,root,
absorption,n,sebyo,root,
absurd,adj,monto,root,
abundant,adj,womasuh,root,
abuse,v,fudo,root,
academy,n,pugohe,root,
accent,n,mokanai,root,
accept,v,nuhomyo,root,
access,v,mon,root,
accessory,n,damasu,root,
accident,n,atte,root,
accommodation,n,hyapyob,root,
accomplish,v,zuwaga,root,
according,prep,dara,root,
account,n,zoshi,root,
accumulate,v,pomasu,root,
accurate,adj,godo,root,
accuse,v,oasu,root,
accustom,v,nyajima,root,
ache,v,miyoemy,root,
achieve,v,monata,root,
acid,n,byudasu,root,
acquaintance,n,okinpy,root,
acquire,v,shitowo,root,
acre,n,byobozu,root,
acronym,n,andeshi,root,
across,prep,quo,root,
activaction,n,byodo,root,
activate,v,aruodat,root,
activity,n,pyonyom,root,
actually,adv,fumito,root,
acute,adj,annyami,root,
adapt,v,soru,root,
add,v,kono,root,
addicted,adj,semasu,root,
adept,n,desu,root,
adjacent,adj,hyaomas,root,
adjustment,n,waku,root,
administration,n,monmasu,root,
admire,v,oshi,root,
adolescent,n,shiceli,root,
adopt,v,togya,root,
adult,n,soto,root,
advance,v,hodomas,root,
adventure,n,pyuntat,root,
adversary,n,datte,root,
adverse,adj,kotohya,root,
advertise,v,hodouja,root,
advertisement,n,jizunsh,root,
advice,n,muse,root,
advocate,v,pyu,root,
adze,n,odo,root,
aesthetic,adj,kotasu,root,
affect,v,nimasu,root,
affection,n,deyazah,root,
affiliate,v,hintuma,root,
affirm,v,shimasu,root,
affliction,n,dasu,root,
afford,v,abyodec,root,
afraid,adj,wosu,root,
after,prep,dasarim,root,
afternoon,n,ryoshum,root,
again,adv,soo,root,
against,p,hit,root,
against,prep,aru,root,
age,n,sho,root,
agency,n,hyanta,root,
agent,n,coru,root,
aggressive,adj,etsu,root,
agitate,v,hono,root,
ago,adv,emasu,root,
agony,n,byo,root,
agree,v,dai,root,
agriculture,n,nakinat,root,
ahead,adv,anatsu,root,
aim,v,chinai,root,
air,n,gofu,root,
alarm,n,karanai,root,
albeit,conj,efuaete,root,
alchemy,n,etsunby,root,
alcohol,n,bajinat,root,
ale,n,nyarima,root,
alert,v,komasuj,root,
algae,n,myodade,root,
alibi,n,hyo,root,
alien,n,jadendi,root,
aligator,n,ari,root,
align,v,oto,root,
all,det,jimyano,root,
allege,v,chinaim,root,
allegedly,adv,kotta,root,
allergy,n,jizadve,root,
alleviate,v,zuga,root,
allocate,v,ano,root,
allocation,n,nakaran,root,
allow,v,dano,root,
ally,n,jimasu,root,
almond,n,ashi,root,
almost,adv,hersu,root,
alone,adj,byu,root,
along,prep,monguda,root,
alongside,prep,aute,root,
alphabet,n,ryahodo,root,
already,adv,nutte,root,
also,adv,chicina,root,
altar,n,jiru,root,
alteration,n,nattegy,root,
alternate,adj,mono,root,
although,conj,masu,root,
altitude,n,hyayasu,root,
alum,n,jiwa,root,
always,adv,nakin,root,
amateur,n,tarogyu,root,
amazing,adj,shit,root,
ambassador,n,chu,root,
amber,n,kyosegy,root,
ambergris,n,kanmash,root,
ambiguous,adj,ryo,root,
ambition,n,gre,root,
amend,v,kotodam,root,
ammunition,n,arara,root,
among,prep,gyabell,root,
amount,n,sunyu,root,
amphora,n,ote,root,
amplification,n,nimanak,root,
amulet,n,naredic,root,
amuse,v,petemas,root,
analogy,n,todo,root,
analyze,v,aruhodo,root,
ancestor,n,reamasu,root,
anchor,n,goto,root,
ancient,adj,ouzu,root,
and,conj,imasu,root,
and,p,soyukot,root,
angel,n,henta,root,
angle,n,dele,root,
angry,adj,yad,root,
angst,n,zai,root,
animal,n,nai,root,
animate,v,owa,root,
animation,n,hekya,root,
animism,n,byaroto,root,
aniseed,n,odatte,root,
announce,v,sohete,root,
annual,adj,moheza,root,
anonymous,adj,shomase,root,
another,det,ide,root,
answer,n,henku,root,
ant,n,josu,root,
anthropology,n,tsu,root,
anticipate,v,cha,root,
antidote,n,hajiyu,root,
antique,adj,debe,root,
anvil,n,shuma,root,
anxious,adj,watte,root,
any,det,dasi,root,
anybody,pron,myazete,root,
anymore,adv,sezezes,root,
anyone,pron,soomasu,root,
anything,pron,zhaonso,root,
anyway,adv,hosoto,root,
apart,adv,nakyons,root,
apartment,n,darano,root,
apology,n,desasay,root,
apparatus,n,sezasi,root,
apparent,adj,niru,root,
appeal,v,desajih,root,
appear,v,hitamas,root,
appearance,n,dofecho,root,
appetite,n,hoshitt,root,
applaud,v,hitsu,root,
apple,n,pyodaha,root,
appliance,n,wono,root,
apply,v,hodoga,root,
apportation,n,dashuma,root,
appraise,v,foru,root,
appreciate,v,hasun,root,
apprentice,n,dopyohe,root,
approach,n,naking,root,
appropriate,adj,narit,root,
approximate,adj,fechitt,root,
apricot,n,kyomasu,root,
apron,n,zheno,root,
aptitude,n,datoku,root,
aqua,adj,odezet,root,
aquatic,adj,nakinya,root,
arbitrary,adj,daru,root,
arc,n,karu,root,
arcane,adj,ofuhob,root,
arch,n,pra,root,
archetype,n,yur,root,
archipelago,n,nara,root,
architecture,n,otoo,root,
archive,n,hahyaza,root,
area,n,hitades,root,
arena,n,ibodo,root,
argue,v,cogi,root,
arm,n,hotayo,root,
arm,v,epepaho,root,
army,n,gai,root,
armed,adj,hiaomas,root,
armor,n,kya,root,
armpit,n,kemo,root,
arms,n,kanta,root,
army/warband,n,otte,root,
around,prep,nakyoar,root,
arouse,v,shinaki,root,
aroused (sexually),adj,micipya,root,
arrange,v,nimumas,root,
array,n,watumyo,root,
arrest,v,yaakido,root,
arrive,v,wado,root,
arrogant,adj,altis,root,
arrow,n,somasuo,root,
arsenal,n,gya,root,
art,n,arimasu,root,
artery,n,kotomas,root,
article,n,memasu,root,
artifact,n,anai,root,
artillery,n,byochia,root,
as well as,prep,kofu,root,
as,adv,heru,root,
asceticism,n,byadash,root,
"ash, dust",n,naru,root,
"ash, tree",n,cipen,root,
aside,adv,mowo,root,
ask,v,godojim,root,
asp,n,shon,root,
aspire,v,shito,root,
ass,n,wohatte,root,
assassinate,v,aku,root,
assault,v,anakyoe,root,
assemble,v,wamazu,root,
assign,v,toru,root,
assimilation,n,hito,root,
assist,v,yuwa,root,
association,n,hepades,root,
assume,v,ikimasu,root,
asteroid,n,anatasu,root,
astonish,v,monyage,root,
astral,n,kotteru,root,
astrology,n,hyasu,root,
astronomy,n,fum,root,
at,prep,etasu,root,
athlete,n,hinzumu,root,
atmosphere,n,waminai,root,
atom,n,nakinar,root,
attach,v,ryumasu,root,
attack,n,ade,root,
attend,v,denakyu,root,
attention,n,dese,root,
attic,n,yururim,root,
attractive,adj,hyoshit,root,
attribute,v,yut,root,
audio,adj,ohesho,root,
audio,n,sotogit,root,
audit,v,tatte,root,
auger,n,mondona,root,
augury,n,antapap,root,
aunt,n,dari,root,
aura,n,oie,root,
authentic,adj,jorya,root,
authority,n,tsuarim,root,
authorize,v,naku,root,
automatic,adj,yuchina,root,
autonomous,adj,naihyo,root,
autumn,n,fuhechi,root,
available,adj,jamasu,root,
avenue,n,chitsu,root,
average,adj,onsamas,root,
average,n,monhono,root,
avert,v,anatte,root,
avian,adj,karo,root,
avoid,v,daheba,root,
awake,adj,karyosh,root,
aware,adj,zana,root,
away,adv,hizuhoz,root,
awe,n,tasu,root,
awesome,adj,zunseda,root,
awful,adj,osoham,root,
awkward,adj,dankott,root,
axe,n,wamasu,root,
axis,n,popyu,root,
axle,n,kyozu,root,
baboon,n,konjii,root,
baby,n,nemasuz,root,
bachelor,n,zehyoru,root,
back (of body),n,hinmasu,root,
back (reverse side),n,negito,root,
back,adv,kototas,root,
back,v,natte,root,
backpack,n,yoseuny,root,
backup,n,keranta,root,
backward,adj,hyakiyi,root,
bacon,n,yayufud,root,
bacteria,n,ate,root,
bad,adj,hodatam,root,
badge,n,nyo,root,
bag,n,anmasu,root,
bagpipe,n,kotte,root,
bailey,n,zeedaro,root,
bait,n,suto,root,
bake,v,datarim,root,
balance,n,hezazuo,root,
balcony,n,henryo,root,
bald,adj,defun,root,
baldric,n,gonyun,root,
ball,n,ryuru,root,
balm,n,mis,root,
band,n,ode,root,
bane,n,botte,root,
bang,v,oshito,root,
banish,v,techoge,root,
banishment,n,zhozobe,root,
bank,n,darum,root,
bankrupt,adj,luanush,root,
banner,n,useemya,root,
bar (pub),n,abokaro,root,
barbecue,n,hyatari,root,
barbican,n,nakinai,root,
"bard, troubador",n,hyamo,root,
barely,adv,pya,root,
bargain,n,arapizu,root,
bark (of tree),n,kote,root,
bark,v,hadatas,root,
barley,n,osetta,root,
barracuda,n,ohyuru,root,
barrel,n,ryozeze,root,
barrier,n,wappi,root,
base,n,hodasuj,root,
base,v,wobyoma,root,
basic,adj,ogya,root,
basically,adv,fura,root,
basil,n,myosu,root,
basilisk,n,owo,root,
basin,n,hite,root,
basket,n,chode,root,
bass,n,homyo,root,
bastard,n,eti,root,
bastion,n,nio,root,
bat (winged mammal),n,hokyo,root,
batch,n,monaru,root,
bath,n,wao,root,
batter,v,tsupory,root,
battle,n,habao,root,
bay,n,hya,root,
be (age),v,narimas,root,
be (exist - there is/are),v,ryodaya,root,
be (located),v,desuzag,root,
be (temporary state),v,gyattag,root,
beach,n,herimas,root,
beacon,n,mito,root,
bead,n,uuge,root,
beak,n,woyachi,root,
beam,n,bunt,root,
bean,n,shitott,root,
bear,n,yozawa,root,
beard,n,zumashi,root,
beast,n,ohodem,root,
beautiful,adj,gosego,root,
beaver,n,wanai,root,
because,conj,hapyatt,root,
become,v,hosesu,root,
becoming,n,goze,root,
bed,n,jioruma,root,
bedroll,n,gra,root,
bee,n,monanya,root,
beef,n,yamuset,root,
beer,n,horihic,root,
beet,n,ofuru,root,
beetle,n,obyost,root,
before,prep,gatara,root,
begin,v,minunte,root,
behalf,n,nyumasi,root,
behave (act),v,anojo,root,
behave (well),v,hajiro,root,
behind,adv,zumasu,root,
being,n,gakinai,root,
belch,v,goyugo,root,
belfry,n,zega,root,
believe,v,kyamasi,root,
bell,n,zuhodoz,root,
bellows,n,woru,root,
belly (stomach area),n,heshito,root,
below,prep,tamashi,root,
belt,n,takinma,root,
bench,n,kara,root,
bend,v,zohenze,root,
benefit,n,momasu,root,
benign,adj,gesunma,root,
berm,n,bomemas,root,
berry,n,senatte,root,
beside,prep,shaa,root,
besides,prep,yocrima,root,
best,adj,arantar,root,
betray,v,zutsu,root,
better,adj,kanhyuw,root,
between,prep,apyaran,root,
beverage,n,spemasu,root,
beyond,prep,dema,root,
bias,n,opoeni,root,
bid,v,neji,root,
big,adj,izuheru,root,
bigotry,n,kotsu,root,
bill,n,zemyayu,root,
billion,num,yojizoz,root,
binding,n,woyo,root,
biology,n,myu,root,
birch,n,chito,root,
bird,n,dokyu,root,
birth,n,tada,root,
birthday,n,kinaran,root,
biscuit,n,wopihyu,root,
bit,n,chuchod,root,
bitch,n,chuchos,root,
bite,v,jaazogu,root,
bizarre,adj,hitozut,root,
black,adj,haga,root,
blackness,n,chitako,root,
bladderpipe,n,pogyu,root,
blade,n,ademasu,root,
blame,v,darimas,root,
blank,adj,kotodoz,root,
blanket,n,karinma,root,
blasphemy,n,karuhed,root,
blast,v,gyaya,root,
bleach,n,guhodod,root,
bleak,adj,sottari,root,
bleed,n,dayajip,root,
blend,v,zenai,root,
blending,n,howa,root,
bless,v,ximasu,root,
blessing,n,kosada,root,
blight,n,nakatta,root,
blind,adj,yute,root,
blink,v,wode,root,
block,n,ojoku,root,
blonde,adj,kyazo,root,
blood,n,jishata,root,
blossom,n,hezo,root,
blouse,n,hyusoo,root,
blow,v,hamasi,root,
blowgun,n,byamash,root,
blue,adj,hodeze,root,
bluff,v,heyo,root,
blunder,n,sojikin,root,
blunt,adj,deshito,root,
blur,n,ezum,root,
boar,n,hochito,root,
board,n,nyade,root,
boat,n,zus,root,
body,n,akino,root,
boil,v,gyuchi,root,
bola,n,atate,root,
bolster,v,posekin,root,
bolt,n,zapyoha,root,
bombard,v,iedicat,root,
bond,v,hyuyuyu,root,
bone,n,zono,root,
bones,n,gogiam,root,
book,n,woji,root,
bookshelf,n,sade,root,
boomerang,n,nyunyay,root,
boost,v,hyantte,root,
boot,n,sebachi,root,
border,n,sha,root,
bore,v,soda,root,
boring,adj,ojiza,root,
"borough, neighborhood",n,hodo,root,
borrow,v,yamazan,root,
boss,n,ejiga,root,
both,det,anottaw,root,
bother,v,natarya,root,
bottle,n,hodozaa,root,
bottom (lowest part),n,byamasu,root,
boulder,n,okya,root,
bounce,v,kotare,root,
bow (decorative material),n,wattaso,root,
bow (weapon),n,monatte,root,
bow,v,bit,root,
bowl,n,aro,root,
box,n,damashe,root,
boy,n,shita,root,
boyfriend,n,okyunm,root,
bra,n,chauzom,root,
brace,v,yojiish,root,
bracer,n,janyute,root,
bracket,n,dommo,root,
brag,v,mode,root,
braid,n,sosesu,root,
brain,n,sezuzas,root,
brake,v,otsu,root,
branch,n,dehanak,root,
brandy,n,kautsu,root,
brass,n,dato,root,
brazier,n,uku,root,
bread,n,soze,root,
break,v,nyattem,root,
breakdown,n,anakina,root,
breakfast,n,hicivir,root,
breakthrough,n,woshi,root,
breast,n,samasu,root,
breastplate,n,hahyama,root,
breathe,v,bonsili,root,
breathing,n,nihyozo,root,
breed,n,shoryun,root,
breeze,n,ozubyu,root,
bribe,n,neta,root,
brick,n,zohomim,root,
bridge,n,kotohes,root,
bridle,n,desumas,root,
brief,v,moyanya,root,
bright,adj,pyafu,root,
brimstone,n,hohabo,root,
bring,v,ryahito,root,
broad,adj,tou,root,
broadhead,n,yoo,root,
broadsword,n,ryobuse,root,
brochure,n,kyuru,root,
bronze,n,zuji,root,
brook,n,takyo,root,
broom,n,ogyono,root,
broth,n,nakiyu,root,
brothel,n,amashir,root,
brother,n,usu,root,
brow,n,ozupano,root,
brown,adj,hansa,root,
bruise,n,antta,root,
brush,n,ata,root,
bucket,n,yude,root,
buckler,n,daranar,root,
bud,n,himintt,root,
buffalo,n,atasi,root,
bug,n,tohemas,root,
build,v,yomasi,root,
building,n,hahotsu,root,
bulb,n,monyude,root,
bulk,n,kottema,root,
bull,n,puzusan,root,
bullet,n,pyamasu,root,
bully,n,asi,root,
bump,n,liatama,root,
bun,n,artisa,root,
bundle,n,jira,root,
bunker,n,kotofu,root,
bureaucracy,n,anbyowo,root,
bureaucrat,n,podawoz,root,
burger,n,memasi,root,
burly,adj,okyaji,root,
burn,n,gotasuy,root,
burp,v,poshi,root,
burst,v,gokaru,root,
bury,v,nyujuda,root,
bush,n,ezapuda,root,
bushel,n,yaru,root,
business,n,sonvito,root,
bust,v,karimas,root,
but,conj,samyoa,root,
butt,n,woyozee,root,
butte,n,goso,root,
butter,n,monhens,root,
buttermilk,n,eyonory,root,
buttocks,n,huyatte,root,
button,n,chunaro,root,
buttress,n,usoo,root,
buxom,adj,nyun,root,
buy,v,narox,root,
buzzard,n,fuzushi,root,
by,prep,wopyu,root,
cab,n,semasun,root,
cabbage,n,onakin,root,
cabin,n,wabyo,root,
cabinet,n,wodasu,root,
cafeteria,n,waanaki,root,
cage,n,moneyom,root,
cake,n,exta,root,
calculate,v,denyasu,root,
calf,n,luporu,root,
call,v,zeno,root,
calling,n,hoda,root,
calm,adj,resu,root,
calming,n,nyojiny,root,
caltrop,n,sazosa,root,
camel,n,hemasu,root,
camera,n,kotesu,root,
camp,n,ettasu,root,
campaign,n,mya,root,
camphor,n,jani,root,
can,v,yudozus,root,
canal,n,sozuhot,root,
candle,n,dega,root,
"candleholder, candlestick",n,gofuma,root,
candy,n,hitagis,root,
cane,n,ane,root,
cannon (weapon),n,gyozuze,root,
canoe,n,yuzoret,root,
canon (law),n,refusez,root,
canopy,n,fumasu,root,
canteen,n,kantuma,root,
canvas,n,toda,root,
canyon,n,jan,root,
cap,n,kyadapu,root,
capacity,n,kotakub,root,
caper,n,himu,root,
capital,n,omasu,root,
capon,n,myunai,root,
capsule,n,ojicent,root,
captain (of ship),n,juru,root,
capture,v,odomama,root,
carcass,n,pyomasu,root,
card,n,izosa,root,
carding comb,n,zum,root,
care,v,enhe,root,
career,n,ishis,root,
carpenter’s level,n,chi,root,
carpenter’s square,n,hai,root,
carpet,n,jiajito,root,
carriage,n,qin,root,
carrier,n,zeyubya,root,
carrot,n,fude,root,
carry,v,sotoga,root,
cart,n,cumasu,root,
cartomancy,n,zetumas,root,
cartoon,n,roo,root,
case,n,kamashi,root,
cashew,n,cipocho,root,
casino,n,que,root,
cask,n,nyanari,root,
casting,v,yumasu,root,
castle,n,zosu,root,
casual,adj,ryodesh,root,
cat,n,nulli,root,
catalog,n,wowo,root,
catastrophe,n,ozadeso,root,
catch,v,hittasu,root,
cater,v,wokara,root,
caterpillar,n,nyapina,root,
cathedral,n,ruhyazo,root,
catnip,n,tsumasu,root,
cauldron,n,yuja,root,
cause,v,yupyono,root,
causing,v,katte,root,
caution,n,xinmasu,root,
cavalry,n,kyu,root,
cave,n,dojizao,root,
cavity,n,doejifu,root,
cedar,n,hyodasu,root,
celadon,adj,fuhoto,root,
celebrate,v,sotaru,root,
celebrity,n,ojibyu,root,
celestial,adj,ukya,root,
cell,n,shuja,root,
cellar,n,gochima,root,
cement,n,biteheg,root,
census,n,naimono,root,
centaur,n,hyajuke,root,
center,n,konyu,root,
centipede,n,shohyah,root,
century,n,jamonji,root,
ceramic,n,byonru,root,
cereal,n,zudo,root,
ceremony,n,chipyom,root,
certain,adj,desunsa,root,
certainly,adv,narazus,root,
certificate,n,juyafu,root,
certify,v,rezuryu,root,
cestus,n,yayodo,root,
chain,n,aripyam,root,
chainmail,n,boshoo,root,
chair,n,hihoji,root,
chakras,n,yono,root,
chalice,n,reshito,root,
chalk,n,nito,root,
challenge,n,sono,root,
chamomile,n,hyoru,root,
champion,n,pazetam,root,
chance,n,zuzojid,root,
change,n,ebi,root,
change,v,oji,root,
channel (of water),n,ninai,root,
channeling,v,chilita,root,
chant,v,pozu,root,
chaos,n,kano,root,
chapel,n,zenmasi,root,
character,n,etamasa,root,
characteristic,adj,ezukyad,root,
charcoal,n,kyudada,root,
charge,n,yuzomas,root,
charges,n,nafumas,root,
charity,n,dosabyo,root,
charm,v,jitte,root,
charming,n,wamyuhe,root,
chase,v,naranon,root,
chasm,n,jadasu,root,
chat,v,naryuo,root,
cheap,adj,kottasu,root,
check,n,myomyur,root,
check,v,wazasu,root,
cheer,v,nunru,root,
cheese,n,natteda,root,
chemical,n,kyumasu,root,
chemist,n,obyoyuy,root,
cherry,n,gattasu,root,
chest,n,nataku,root,
chestnut,n,gogur,root,
chick (girl),n,anpyu,root,
chicken,n,hogya,root,
chief,adj,nyuru,root,
child,n,bemasu,root,
chill,n,myunmed,root,
chime,n,monon,root,
chimera,n,auta,root,
chin,n,waheru,root,
chirographic,adj,cho,root,
chisel,n,abya,root,
chive,n,segyasu,root,
choir,n,dattepu,root,
choke,v,zattena,root,
choose,v,gujiyur,root,
chop,v,gohono,root,
chord,n,meatama,root,
chore,n,kotade,root,
chorus,n,kota,root,
chronic,adj,giranai,root,
chuckle,v,sajiesh,root,
church,n,omyata,root,
cider,n,monmo,root,
cigar,n,jipyush,root,
cigarette,n,haomash,root,
cinnamon,n,abamasu,root,
ciphers,n,yoshita,root,
circle,n,nit,root,
circulate,v,inarana,root,
circulation,n,ninarim,root,
circus,n,jateshi,root,
citizen,n,karyoma,root,
cittern,n,pyaruho,root,
city,n,mekyuju,root,
civilized,adj,tamasu,root,
claim,v,shudose,root,
clairaudience,n,wato,root,
clairvoyance,n,shi,root,
clam,n,futsutt,root,
clan,n,kane,root,
clap,v,natteru,root,
clarify,v,jipyuze,root,
clash,n,ihishih,root,
class,n,newa,root,
classic,adj,toto,root,
classify,v,hahyu,root,
clause,n,gosazu,root,
clavichord,n,myobyah,root,
claw,n,ohemas,root,
clay,n,wopyuso,root,
claymore,n,anmaso,root,
clean,adj,zeia,root,
clean,v,yunatsu,root,
cleansing,n,sofusa,root,
clear,adj,sagumas,root,
cleavage,n,dito,root,
cleric,n,zuwo,root,
clerk,n,jihoe,root,
clever,adj,ogohe,root,
click,n,popisha,root,
cliff,n,nitumam,root,
climate,n,hezejib,root,
climb,v,ohede,root,
clinic,n,dohogyo,root,
clip,v,enmasu,root,
cloak,n,kone,root,
cloak,v,konai,root,
clock,n,chizozo,root,
close,adj,yoryu,root,
close,v,ozu,root,
closure,n,natsu,root,
cloth,n,zotte,root,
clothes,n,nakimas,root,
clothing,n,ventuda,root,
cloud,n,den,root,
clove,n,xiamasu,root,
clown,n,bochiru,root,
club,n,yosuzeg,root,
clutch,v,abyu,root,
clutter,n,kinai,root,
coach,n,nedatte,root,
coal,n,suhamas,root,
coast,n,danoyud,root,
coat,n,horu,root,
cobbler,n,gyot,root,
cobra,n,mochice,root,
cockroach,n,datakin,root,
cocktail,n,dono,root,
coconut,n,gentiae,root,
cod,n,gyattem,root,
code,n,sezuned,root,
codes,n,woju,root,
coffer,n,fujipya,root,
coffin,n,ichidas,root,
coherent,adj,ette,root,
cohort,n,nyuhaza,root,
coif,n,anta,root,
coil,v,romasu,root,
coin,n,hyamasu,root,
coincidence,n,rojijum,root,
cold chisel,n,eperyug,root,
cold,adj,gettate,root,
collaborate,v,hyai,root,
collapse,v,qio,root,
collar,n,zahoso,root,
collect,v,sofudes,root,
college,n,jasu,root,
collide,v,zoni,root,
colony,n,ohe,root,
color,n,zodasus,root,
colored,adj,omukid,root,
column,n,zuza,root,
comb,n,kyun,root,
combat,v,wohyuyo,root,
combine,v,kanai,root,
come,v,wonzush,root,
comedy,n,juzagyu,root,
comet,n,shukyub,root,
comfort,n,depasu,root,
comic,adj,nono,root,
coming,n,ajimasu,root,
command,n,atta,root,
comment,n,paze,root,
commentary,n,asoo,root,
commerce,n,chibyud,root,
commission,n,ufu,root,
committee,n,jamum,root,
commodity,n,zunai,root,
common,adj,desuyot,root,
communication,n,risoo,root,
community,n,sam,root,
commute,v,eya,root,
compact,adj,tetteto,root,
companion,n,naiwa,root,
company,n,unara,root,
compare,v,buculo,root,
compartment,n,det,root,
compass,n,oheto,root,
compassion,n,hyu,root,
compatible,adj,atakyaa,root,
compel,v,nem,root,
compensate,v,jone,root,
compete,v,zosomas,root,
competent,adj,kinata,root,
compile,v,hano,root,
complain,v,desuru,root,
complement,v,dade,root,
complete,v,fuheyon,root,
complex,adj,nya,root,
complex,n,hosarim,root,
complicate,v,hudarya,root,
compliment,n,myuzewa,root,
comply,v,numasuj,root,
compose,v,homasu,root,
composite bow,n,arebyos,root,
composite,adj,gogiza,root,
compost,n,hyanawa,root,
compound,n,zebyae,root,
comprehend,v,myonbya,root,
comprise,v,getum,root,
compromise,v,ejito,root,
comrade,n,yumashi,root,
con,n,kattasu,root,
conceal,v,hesomas,root,
concentrate,v,ofutte,root,
concept,n,dadseru,root,
concern,n,nakinak,root,
concerning,prep,nitajit,root,
concession,n,abyuyo,root,
conch,n,garimas,root,
concrete,n,ojano,root,
condition,n,heshima,root,
cone,n,desapi,root,
confer,v,hamasuz,root,
confess,v,pyahoto,root,
confident,adj,gyazezu,root,
confidential,adj,arepayu,root,
confine,v,ajimyaj,root,
confirm,v,heyogo,root,
confluence,n,hezutte,root,
conform,v,sette,root,
confront,v,hitahe,root,
confuse,v,ojotoz,root,
congregate,v,yasu,root,
conjuration,n,dezodoz,root,
conjurations,n,nariluc,root,
conjuring,n,wozude,root,
conquer,v,toherim,root,
conquest,n,zamashi,root,
conscious,adj,zedasu,root,
consecrate,v,mozuu,root,
consecrated,adj,dectude,root,
consider,v,ilumasu,root,
consistent,adj,kanobos,root,
consolidate,v,yuzofun,root,
conspire,v,hozatsu,root,
constable,n,byabi,root,
constellation,n,nitte,root,
constitution,n,yuhe,root,
construction,n,monoru,root,
consult,v,relebuk,root,
contagion,n,gogya,root,
contain,v,deso,root,
container,n,demasiu,root,
contaminate,v,kim,root,
contempt,n,jugyoyu,root,
continent,n,wabukyu,root,
continue,v,nyata,root,
contract,n,shimasi,root,
contradict,v,shiku,root,
contrast,v,nataruh,root,
contribute,v,waeru,root,
control,n,sorusad,root,
controlling,n,awo,root,
controversy,n,sazasu,root,
convenient,adj,jide,root,
converse,v,apomasu,root,
convert,v,chitaki,root,
convict,v,wawoado,root,
conviction,n,tarimas,root,
cook (heat food),v,gyono,root,
cook (prepare food),v,taru,root,
cook,n,dadaru,root,
cooking oil,n,guho,root,
cooking,n,kosamas,root,
cool (fashionable),adj,niyayuf,root,
cool (slightly cold),adj,nishiho,root,
cooperate,v,chiru,root,
copper,n,mebawa,root,
copy,v,trachit,root,
copyright,n,nojinat,root,
coral,n,fuhapya,root,
cord,n,hizajip,root,
coriander,n,diciven,root,
cork,n,nihe,root,
corner,n,nyageni,root,
cornett,n,yawode,root,
corpse,n,sum,root,
correlate,v,opyopy,root,
corrupt,adj,tohyuma,root,
cost,n,wohadfi,root,
costume,n,pyowosh,root,
cottage,n,dezare,root,
cotton,n,shijima,root,
couch,n,jito,root,
cough,v,rimasi,root,
could,v,funo,root,
counsel,n,kottesu,root,
counselor,n,chapyoj,root,
count,v,eji,root,
counter (flat surface),n,gujafue,root,
countermagic,n,monusaj,root,
counterspell,n,wochi,root,
country,n,eshid,root,
couple,n,jiha,root,
courage/bravery,n,zuettas,root,
courier,n,sazoto,root,
course,n,hejitsu,root,
court,n,topyohy,root,
courtesan,n,tosu,root,
courtesy,n,kyaha,root,
courtyard,n,kohahez,root,
cousin,n,tae,root,
cove,n,mome,root,
cover,v,zowo,root,
cow,n,nedaru,root,
coward,n,kotomae,root,
cowardice,n,nes,root,
cowl,n,ihenmas,root,
cozy,adj,zoto,root,
crab-apple,n,geja,root,
crab,n,rimusem,root,
crack,n,bimasut,root,
cracker,n,gyazu,root,
craft,n,myoo,root,
cram,v,sokarac,root,
crane,n,ara,root,
crash,v,inahama,root,
crate,n,kogyoto,root,
crater,n,gyafu,root,
crave,v,fuchoto,root,
crawl,n,niyudes,root,
crazy,adj,jande,root,
creak,v,sohohoy,root,
cream,n,deshit,root,
create,v,pimyo,root,
creating,n,wobus,root,
creation,n,pyahono,root,
creature,n,hihyoru,root,
creatures,n,acho,root,
credible,adj,hajin,root,
credit,n,danhyoz,root,
creek,n,dartito,root,
creep,v,zemasu,root,
creeping,n,upu,root,
creme,n,zazaome,root,
crenel,n,cello,root,
crenelation,n,tahegid,root,
crest,n,soku,root,
cricket,n,fuzes,root,
crime,n,adasu,root,
criminal,n,bokutsu,root,
crimson,adj,deshita,root,
crippled,adj,azebusu,root,
crisp,adj,daku,root,
criteria,n,nequaem,root,
critical,adj,gode,root,
criticize,v,nyomasu,root,
critique,n,anaru,root,
crock,n,sowo,root,
crocodile,n,oshima,root,
crop,n,poshiyo,root,
crossbow,n,jiryomy,root,
crouch,v,moru,root,
crowbar,n,yafuwok,root,
crowd,n,anbyuru,root,
crown,n,henyuru,root,
crude,adj,mero,root,
cruel,adj,byodosh,root,
cruise,v,nyumata,root,
crumb,n,bokyayo,root,
crumble,v,ryu,root,
crumhorn,n,uhemi,root,
crumple,v,sokyu,root,
crunch,v,shoshod,root,
crusade,n,koru,root,
crush,v,hazuyut,root,
crust,n,wadakim,root,
cry,v,senru,root,
crystal,n,woui,root,
crystallomancy,n,hemasi,root,
cube,n,bushama,root,
cucumber,n,bularim,root,
cuff,n,wadeyuw,root,
cuirass,n,zumasek,root,
cuisine,n,byunchi,root,
cuisse,n,arimasi,root,
cull,v,tohetoh,root,
cult,n,monage,root,
culture,n,gyu,root,
cup,n,ahimasu,root,
curator,n,oiya,root,
curb,v,ryuyoya,root,
curdle,v,datara,root,
curds and whey,n,zae,root,
curds,n,attafu,root,
cure,v,chichi,root,
curious,adj,riryuma,root,
curl,n,zhegoma,root,
current,adj,kino,root,
current,n,woku,root,
curse,n,sede,root,
curtain,n,tatarim,root,
curtal,n,gatten,root,
curve,n,honha,root,
cushion,n,seya,root,
custody,n,gyugyu,root,
custom,adj,shochix,root,
custom,n,karimag,root,
cut,n,ubamono,root,
cute,adj,pijudic,root,
cylinder,n,monju,root,
cymbal,n,ochuji,root,
cynic,n,byusech,root,
dactylomancy,n,gyuukar,root,
daemon,n,ryafui,root,
dagger,n,auttera,root,
dairy,n,pyuwa,root,
dam,n,sozo,root,
damage,v,ozezam,root,
damn,adj,arefu,root,
damnum,n,oheden,root,
damp,adj,naro,root,
dampen,v,hochiru,root,
damping,n,tomasu,root,
dance,n,gozoruh,root,
danger,n,zapyade,root,
dangle,v,shidaru,root,
dark,adj,moheryu,root,
dark,n,fuse,root,
darkvision,n,arumasu,root,
darling,n,goporu,root,
dart,n,yahyu,root,
dash,n,hyuhozo,root,
data,n,junazo,root,
date,n,gosa,root,
daughter,n,abishar,root,
daunting,adj,uso,root,
dawn,n,hiturun,root,
day,n,sotam,root,
dead,adj,koni,root,
deadly,adj,jigyada,root,
deaf,adj,eushiji,root,
deal,v,autakin,root,
dean,n,monjude,root,
debate,v,watta,root,
debt,n,fata,root,
decade,n,nyagyon,root,
decay,n,anemasu,root,
decide,v,watanar,root,
decipher,v,kare,root,
decorate,v,zaji,root,
decoration,n,annai,root,
deduce,v,karim,root,
deed,n,hamasu,root,
deem,v,shuhoma,root,
deep,adj,jitsu,root,
deer,n,natara,root,
default,n,pyudese,root,
defecate,v,chushuy,root,
defect,n,hyonyu,root,
defend,v,iliamya,root,
define,v,woja,root,
definite,adj,yane,root,
deflect,v,wactaku,root,
deflection,n,demasu,root,
defy,v,pyakina,root,
degree,n,kinnari,root,
deity,n,cepyade,root,
delegate,n,dozu,root,
deliberate,adj,naredes,root,
delicious,adj,zebyasu,root,
delight,n,okinge,root,
deliver,v,hazohar,root,
demesne,n,heimasu,root,
demise,n,poyamit,root,
democracy,n,daruge,root,
demographic,n,ryubyad,root,
demon,n,goyato,root,
demonic,adj,oyamasu,root,
den,n,bokuhek,root,
denounce,v,desopyo,root,
dense,adj,anyomeb,root,
dentist,n,hyozutt,root,
deny,v,ato,root,
depart,v,naki,root,
depend,v,shujish,root,
deploy,v,nyunatt,root,
deposit,v,ciptasu,root,
depressed,adj,zatte,root,
deprive,v,bokyuya,root,
deputy,n,wowatsu,root,
descend,v,ryoruhy,root,
descendant,n,anru,root,
describe,v,jude,root,
desert,n,arimasa,root,
desert,v,zuumasu,root,
design,n,pong,root,
designate,v,byahode,root,
desire,v,zuruhyu,root,
desk,n,hekesed,root,
despair,n,dose,root,
desperate,adj,zuwa,root,
despite,prep,uhe,root,
dessert,n,kyactra,root,
destination,n,zohyach,root,
destiny,n,mesho,root,
destroy,v,yohodas,root,
detail,n,zusu,root,
detain,v,byuda,root,
detect,v,joshita,root,
detecting,n,hodesu,root,
detention,n,ozakin,root,
deter,v,taro,root,
deteriorate,v,kan,root,
devastate,v,danai,root,
develop,v,hyopest,root,
device,n,soomyu,root,
devil,n,hyuzun,root,
devise,v,hoto,root,
devote,v,depawoh,root,
devotee,n,his,root,
dew,n,ettentt,root,
diagnose,v,niirutt,root,
diagram,n,sudesu,root,
dial,v,pede,root,
dialect,n,dehajim,root,
diameter,n,zupomas,root,
diamond,n,nuntonm,root,
diaper,n,eshizoy,root,
dice,n,hon,root,
dictator,n,moni,root,
dictionary,n,yohoho,root,
die,v,ryonta,root,
differ,v,dichi,root,
different,adj,ewo,root,
difficult,adj,hodomyo,root,
dig,v,zomasu,root,
dignity,n,dadasu,root,
dim,adj,dosu,root,
dimension,n,futo,root,
dine,v,pyusepe,root,
diner,n,deshuma,root,
dinner,n,kesujir,root,
diplomacy,n,nakara,root,
dire,adj,zue,root,
direct,adj,yodatte,root,
direct,v,umashi,root,
direction,n,gyomasu,root,
dirt,n,yoshihy,root,
dirty,adj,kanocho,root,
disappoint,v,kahato,root,
disaster,n,towaha,root,
discharge,v,pubichu,root,
disclose,v,pomedo,root,
discount,n,hyatabu,root,
discourage,v,zuttata,root,
discourse,n,choni,root,
discover,v,dashoja,root,
discriminate,v,mone,root,
discuss,v,zuyus,root,
disease,n,nogio,root,
disembowel,v,hudichu,root,
disguise,n,sodokot,root,
disgust,n,hyosu,root,
dish,n,oarima,root,
dismantle,v,hodatte,root,
dismiss,v,ryabude,root,
disperse,v,eoloudo,root,
display,v,souhyat,root,
dispose,v,denra,root,
disposition,n,jichi,root,
dispute,n,deryaby,root,
disrupt,v,hyaetar,root,
disruption,n,jite,root,
dissolve,v,futte,root,
distance,n,hetta,root,
distill,v,tese,root,
"distilled spirits, hard liquor",n,jimasuu,root,
distinction,n,veleveo,root,
distinguish,v,godama,root,
distort,v,soahoda,root,
distract,v,nita,root,
distress,n,jiso,root,
disturb,v,ipya,root,
ditch,n,zochi,root,
dive,v,wajukot,root,
divert,v,cliso,root,
divide,v,shihehe,root,
divination,n,pyuzo,root,
divine,v,zekinai,root,
divorce,n,gonyat,root,
do,v,bamasus,root,
doctor,n,desemas,root,
doctrine,n,zoru,root,
document,n,nyohehe,root,
dodge,v,dasanyo,root,
dog,n,kaho,root,
dolphin,n,hogyaji,root,
dome,n,jihyatt,root,
domestic,adj,zara,root,
dominate,v,ohoros,root,
donate,v,ryuto,root,
donkey,n,janni,root,
doom,n,ubette,root,
doom,v,fure,root,
door,n,datanji,root,
doppelganger,n,keo,root,
dot,n,sumasu,root,
double-ended,adj,kagejij,root,
double,adj,yawo,root,
double,n,yukyowo,root,
doubt,v,jinakyu,root,
dove,n,woidesu,root,
down,adv,pechin,root,
downtown (commercial area of city),n,ohodas,root,
draft harness,n,koteshi,root,
drafthorse,n,anaruts,root,
dragon,n,kottaku,root,
drain,v,posoo,root,
draining,n,myoto,root,
drama,n,ryobada,root,
drape,v,hasu,root,
draw,v,wozufuc,root,
drawer,n,hitteis,root,
dream,n,kakino,root,
drench,v,ettet,root,
dress,n,hyarima,root,
drift,v,zakimas,root,
drill bit,n,iwade,root,
drill,n,deshunn,root,
drink,n,hohenai,root,
drinking horn,n,neruhed,root,
drip,v,muntsu,root,
drive,v,konara,root,
drop,v,yaja,root,
drought,n,lumyazu,root,
drown,v,izuyoma,root,
drug,n,heshi,root,
druid,n,gohyu,root,
drum,n,karita,root,
drunk (inebriated),adj,depyapu,root,
dry,adj,quano,root,
dual,adj,sezo,root,
dualism,n,jadatas,root,
dub,v,monhyos,root,
dubious,adj,chumash,root,
duck,n,itasuma,root,
duck,v,seu,root,
due,adj,anzeja,root,
duel,v,kazuyat,root,
dukes,n,fui,root,
dulcimer,n,zuanmas,root,
dull,adj,byohyaz,root,
dumb,adj,hehyaji,root,
dumbek,n,nekumas,root,
dump,n,monwoto,root,
dumpling,n,sozagya,root,
dune,n,adesu,root,
dungeon,n,osabyo,root,
during,prep,konturu,root,
dusk,n,wabun,root,
dust,n,narisha,root,
dusty,adj,obyazoh,root,
dwarf,n,choto,root,
dwell,v,hodosok,root,
dye,n,muuru,root,
dynamic,adj,arantiu,root,
dynamics,n,ojicil,root,
each,det,zashima,root,
eager,adj,gomett,root,
eagle,n,gojizu,root,
ear,n,odatsu,root,
earl,n,osarim,root,
early,adj,soomii,root,
earn,v,chicoma,root,
earnest,adj,rya,root,
earring,n,tamas,root,
earth,n,nakinzu,root,
earthenware,n,kongo,root,
earthquake,n,hodabya,root,
east,n,ryang,root,
easy,adj,pusoo,root,
eat,v,esuumya,root,
echo,n,auchisc,root,
eclipse,n,tsujiru,root,
economy,n,sesu,root,
edge,n,kata,root,
edit,v,zopoi,root,
editor,n,byasi,root,
education,n,yufumuw,root,
eel,n,zofuzur,root,
eerie,adj,ryayaki,root,
effect,n,miwa,root,
effective,adj,desebus,root,
efficient,adj,hem,root,
effort,n,ryanchu,root,
efreet,n,ubanuae,root,
egg,n,yozahec,root,
ego,n,hodano,root,
eight,num,oshujin,root,
eighteen,num,chamasu,root,
either,adv,yataru,root,
elaborate,adj,deze,root,
elaborate,v,dosoo,root,
elastic,n,deshima,root,
elbow,n,fudatte,root,
elder flower,n,shitoch,root,
elect,v,kemasu,root,
electoral,adj,wonmase,root,
electricity,n,hujo,root,
element,n,shazohy,root,
elemental,adj,adfluto,root,
elements,n,osu,root,
elephant,n,ugyachi,root,
elevate,v,hane,root,
elevation,n,pera,root,
eleven,num,yui,root,
elf,n,dedenyo,root,
elimination,n,judo,root,
elite,adj,dercis,root,
elk,n,quis,root,
elm,n,litakis,root,
else,adv,iiso,root,
elsewhere,adv,zosusa,root,
elusive,adj,waru,root,
embargo,n,hia,root,
embark,v,ito,root,
embarrass,v,dedefu,root,
embassy,n,kotode,root,
embed,v,gugeno,root,
embody,v,jimu,root,
embrace,v,monoa,root,
embrasure,n,chumasi,root,
embryo,n,nato,root,
emerald,n,advenar,root,
emit,v,con,root,
emotion,n,nyut,root,
empath,n,cono,root,
empathy,n,fuarima,root,
emphasis,n,wonjihe,root,
emphasize,v,ogezom,root,
empire,n,komasi,root,
empirical,adj,gohezu,root,
employ,v,onya,root,
employee,n,wanakis,root,
empty,adj,tono,root,
enable,v,anbyupy,root,
enameled,adj,gyare,root,
enchant,v,shazuya,root,
enchanted,adj,omyoji,root,
enchanting,adj,ryopyug,root,
enchantment,n,oni,root,
encompass,v,enro,root,
encounter,n,hipyuzo,root,
encourage,v,fumasi,root,
end,n,desa,root,
endangered,adj,attefus,root,
endive,n,anzuda,root,
endorse,v,yonti,root,
enemy,n,nyohett,root,
energy,n,gyamasu,root,
enforce,v,hayude,root,
engine,n,haheshi,root,
"engineer, mechanician",n,aumasus,root,
enhance,v,hodono,root,
enhancing,n,her,root,
enjoy,v,sooto,root,
enlist,v,byuyu,root,
enough,det,kyantar,root,
enrich,v,hotte,root,
enrollment,n,deru,root,
ensemble,n,karanya,root,
ensorcelment,n,celiame,root,
entail,v,desamas,root,
entanglement,n,goheha,root,
enter,v,bono,root,
enterprise,n,pyang,root,
enthusiasm,n,xia,root,
entire,adj,datojih,root,
entities,n,inakina,root,
entity,n,zokuda,root,
entry,n,naryoze,root,
environment,n,gyade,root,
envision,v,hyus,root,
equal,adj,ishiyot,root,
equipment,n,shitasa,root,
equivalent,adj,uodera,root,
erase,v,celloqu,root,
erect,v,pyuyade,root,
erection,n,jinaras,root,
ermine,n,hazecho,root,
erode,v,komashi,root,
error,n,kotia,root,
erupt,v,zuit,root,
escalate,v,byomyum,root,
escape,v,shitsu,root,
escort,v,anarimu,root,
especially,adv,pam,root,
essence,n,anakinc,root,
establish,v,vide,root,
estimate,v,kyaku,root,
estoc,n,monnaru,root,
ether,n,myode,root,
ethic,n,jinara,root,
ethnicity,n,pyuhodo,root,
evacuate,v,funmasu,root,
evaporate,v,kantasu,root,
even though,adv,yatte,root,
even,adv,wayajie,root,
even,conj,wozasu,root,
evening,n,koshitt,root,
event,n,yojimit,root,
eventually,adv,yudatte,root,
ever,adv,dichise,root,
every,art,mojimuk,root,
everybody,pron,bokesu,root,
everyone,pron,chozesu,root,
everything,pron,yinkya,root,
evidence,n,jaomasu,root,
evil,adj,anata,root,
evil,n,gyarima,root,
evoke,v,karitsu,root,
evolve,v,zuyoze,root,
exacerbate,v,won,root,
exact,adj,dad,root,
exactly,adv,qinara,root,
exaggerate,v,seryaji,root,
examination,n,dettema,root,
examine,n,fuchu,root,
example,n,jojimas,root,
excel,v,hahyoho,root,
excellent,adj,sejinat,root,
except,conj,fese,root,
except,prep,guwo,root,
excerpt,n,wotomas,root,
excess,adj,sajupyo,root,
excite,v,redazuw,root,
exclaim,v,ezumasu,root,
exclude,v,ita,root,
exclusive,adj,kyozuma,root,
excrement,n,migyo,root,
excruciating,adj,yohyano,root,
excuse,n,shigyuj,root,
execute,v,okyaru,root,
exempt,adj,chohoda,root,
exercise,v,chorima,root,
exert,v,metumas,root,
exhibit,n,ore,root,
exile,n,monya,root,
exist,v,nakinah,root,
existence,n,aderu,root,
exit,n,hazemyu,root,
exorcist,n,myunmas,root,
expect,v,anoto,root,
expel,v,gowo,root,
experience,n,reaazap,root,
experiment,n,momaruh,root,
expert,n,jodoreq,root,
expire,v,darimo,root,
explain,v,soadata,root,
explicit,adj,kohei,root,
explode,v,zuzoto,root,
exploit,v,otamasu,root,
explore,v,hitohea,root,
export,v,nose,root,
expose,v,nokyoya,root,
expression,n,peru,root,
extend,v,akiguma,root,
extent,n,ryoge,root,
exterminate,v,uchito,root,
external,adj,bamasu,root,
extinct,adj,charu,root,
extract,v,konaru,root,
extrasensory,adj,kiyu,root,
extreme,n,kotuluc,root,
eye,n,womasus,root,
eyeball,n,sadezen,root,
eyelash,n,godopi,root,
eyelid,n,bokyome,root,
fabulous,adj,oida,root,
facade,n,myuto,root,
face,n,hobuser,root,
face,v,ozozum,root,
fact,n,chasu,root,
factor,n,wanara,root,
faculty,n,adomasu,root,
fail,v,garyoso,root,
fair,adj,hyumase,root,
fairly,adv,ohyuta,root,
fairy,n,sote,root,
faith,n,levicha,root,
fake,adj,uobyono,root,
falchion,n,dodamas,root,
falcon,n,pota,root,
fall,v,gamasu,root,
familiar,adj,haji,root,
familiar,n,nedomas,root,
family,n,reni,root,
fan (enthusiast),n,jizugyo,root,
fan,n,guhepyu,root,
fancy,adj,binseki,root,
fantastic,adj,goyuts,root,
fantastical,adj,gyada,root,
fantasy,n,chufuma,root,
far,adv,zuttaki,root,
farm,n,poru,root,
fascinate,v,essamas,root,
fascist,adj,myazuny,root,
fashion,n,itahi,root,
fashioning,n,ryuda,root,
fast,adj,soji,root,
fat,n,taranyu,root,
fate,n,wazesui,root,
father,n,denyaza,root,
fathom,v,culo,root,
fatigue,n,puto,root,
fatted,adj,wagyu,root,
favor,v,doajimu,root,
favorite,adj,nari,root,
fear,n,petteru,root,
feast,n,kanaran,root,
feat,n,quate,root,
feather,n,nakaryu,root,
federal,adj,goga,root,
feed,v,gosema,root,
feel,v,shad,root,
feign,v,sasu,root,
fellow,adj,uhodo,root,
felony,n,rosotte,root,
female,n,gyupyam,root,
fence,n,chazoma,root,
fence,v,toae,root,
fennel,n,yagukyu,root,
fermented,adj,heyu,root,
ferry,n,chifuna,root,
fertile,adj,yoa,root,
fertilize,v,pemasuh,root,
festival,n,yahochi,root,
fetch,v,neto,root,
fetus,n,shuhopi,root,
few,det,ochuim,root,
fiber,n,auzasu,root,
fiction,n,kinaru,root,
fief,n,bane,root,
field,n,dane,root,
fierce,adj,hakin,root,
fifteen,num,tochoyo,root,
fig,n,goebus,root,
fight,n,inaku,root,
figure,n,jinai,root,
fill,v,odobya,root,
film,n,jikeyu,root,
filter,n,obusa,root,
fin (of fish),n,hera,root,
finally,adv,jutta,root,
find,v,ginatod,root,
fine,adj,okyuch,root,
finger,n,satan,root,
fingerprint,n,kazunma,root,
finish,v,ozupie,root,
fir,n,zonzahy,root,
fire,n,cipimas,root,
fireball,n,karuhyo,root,
firebolt,n,naroo,root,
fireproofing,n,chupawa,root,
firewood,n,wora,root,
firm,adj,aranwa,root,
first,num,kawa,root,
fish net,n,domasu,root,
fish,n,pyahyat,root,
fishhook,n,zutte,root,
fist,n,uzu,root,
fit,n,karae,root,
five,num,atio,root,
fix,v,zuni,root,
fixture,n,desuae,root,
flag,n,bamashi,root,
flagon,n,uuyuito,root,
flail,n,hyaku,root,
flake,n,pugyuma,root,
flame,n,hamasuh,root,
flammable,adj,sabyaki,root,
flank,n,satte,root,
flash,n,hyucuru,root,
flask,n,bojidat,root,
flat,adj,dare,root,
flaunt,v,arusama,root,
flavor,n,zoruhe,root,
flaw,n,jiyai,root,
flee,v,nega,root,
flesh,n,degyoru,root,
fletcher,n,yanuza,root,
fletchings,n,hinatar,root,
flexible,adj,karasun,root,
flick,v,gyunde,root,
flimsy,adj,jutexta,root,
fling,v,pyutsu,root,
flint,n,gogyuzu,root,
flirt,v,hyomyum,root,
float,v,fusu,root,
floatation,n,kotano,root,
flock,n,hokukyu,root,
flood,n,ecto,root,
floor,n,hamasun,root,
flour,n,oheaoa,root,
flourish,v,zata,root,
flow,n,annyon,root,
flower,n,wajirim,root,
flu,n,byasu,root,
fluent,adj,narajot,root,
fluke,n,hakinak,root,
flush,v,ono,root,
flute,n,chazuo,root,
fly,n,shiroor,root,
fly,v,hezuryu,root,
foam,n,don,root,
focus,v,semasi,root,
fodder,n,gyushih,root,
foe,n,esu,root,
fog,n,uta,root,
foil,n,shichod,root,
fold,v,darenai,root,
folder,n,woseno,root,
foliage,n,koyanai,root,
follow,v,etara,root,
fond,adj,ozagyo,root,
food,n,jibaomy,root,
fool,n,yabudat,root,
foot,n,qua,root,
footfall,n,woo,root,
footpath,n,sozatsu,root,
footprint,n,uoru,root,
for,prep,quan,root,
force,n,desuni,root,
forecast,n,lupyayo,root,
forefather,n,hodose,root,
forehead,n,womne,root,
foreign,adj,kanpyu,root,
forensic,adj,hozemas,root,
foresee,v,penyoma,root,
forest,n,homyund,root,
forge,n,upubya,root,
forget,v,woutte,root,
forgive,v,nimasit,root,
fork,n,fuem,root,
form,n,tayoru,root,
formal,adj,hochima,root,
formation,n,seginji,root,
former,det,yajano,root,
formerly,adv,sohobyu,root,
formula,n,natudat,root,
fortress,n,shukott,root,
fortunate,adj,tadefum,root,
forward,adv,wojifut,root,
fossil,n,fuwo,root,
foster,v,gozu,root,
found,v,sezago,root,
foundation,n,gyo,root,
fountain,n,anaratt,root,
four,num,opyaaz,root,
fourteen,num,mizatat,root,
fowl,n,min,root,
fox,n,opomas,root,
fracture,n,oechid,root,
fragile,adj,prae,root,
frame,n,nakea,root,
franchise,n,suaemo,root,
frankincense,n,asu,root,
free,adj,botaruh,root,
freehold,n,hosu,root,
freeze,v,nyazema,root,
freezing,n,uhyadat,root,
frenzy,n,wanmash,root,
frequent,adj,ibu,root,
fresh,adj,moryuya,root,
freshen,v,mizode,root,
friction,n,myusu,root,
friend,n,wokyury,root,
fringe,n,danshi,root,
frog,n,konaku,root,
from,prep,rehades,root,
frond,n,gozema,root,
front,n,etteshi,root,
frontier,n,dazezaz,root,
frown,v,sekinat,root,
frozen,adj,desuzut,root,
fruit,n,waboto,root,
frustrate,v,zure,root,
fry,v,ryazugy,root,
fuck,v,yosu,root,
fuel,n,buchihi,root,
fulfill,v,ehogoz,root,
full,adj,gomyos,root,
fuller,n,empewa,root,
fumble,v,ryoto,root,
fumes,n,osamas,root,
fund,n,hazoru,root,
funeral,n,oii,root,
fungus,n,hyodatt,root,
funny,adj,funmasa,root,
fur,n,eemasu,root,
furious,adj,kyuyuna,root,
furniture,n,shimash,root,
furthermore,adv,hadeshi,root,
fury,n,kotaru,root,
fuse,n,jam,root,
futile,adj,deumyu,root,
future,n,hazunma,root,
fuzzy,adj,fuchito,root,
gag,n,ajita,root,
gallon,n,hyusu,root,
gambeson,n,dattasu,root,
gamble,v,inaru,root,
game bird,n,zachuyu,root,
game,n,jimya,root,
garbage,n,zachu,root,
garden,n,oiditak,root,
garderobe,n,tohet,root,
gargoyle,n,yamasu,root,
garlic,n,somo,root,
garment,n,hedonzu,root,
garrote,n,aribuma,root,
gas,n,pogyazo,root,
gasp,v,eaya,root,
gate,n,chiplex,root,
gather,v,sohehyu,root,
gauge,n,ozo,root,
gauntlet,n,puwo,root,
gay,adj,ryodo,root,
gear,v,zumehaa,root,
geas,n,chukohy,root,
geek,n,naitasu,root,
gem,n,ohyazu,root,
gene,n,anwahyu,root,
general,adj,zebyo,root,
generate,v,yoto,root,
generic,adj,zenyaun,root,
genetics,n,unakito,root,
genocide,n,deshuju,root,
gentle,adj,hiru,root,
geography,n,motsu,root,
gesture,v,oho,root,
get,v,owamas,root,
ghost,n,bara,root,
ghoul,n,naruhao,root,
giant,n,hette,root,
giggle,v,wazei,root,
ginger,n,zatemas,root,
ginseng,n,kanarer,root,
girdle,n,achinai,root,
girl,n,ibayogy,root,
girlfriend,n,zha,root,
gittern,n,ryutten,root,
give,v,zuitasu,root,
glacier,n,wani,root,
glaive,n,shayudo,root,
glamour,n,byauham,root,
glance,v,sedesub,root,
glare,v,der,root,
glass,n,coroo,root,
glide,v,zemus,root,
glitter/bright,adj,colevit,root,
glory,n,byabara,root,
glove,n,jienhya,root,
glow,v,nyopet,root,
glue,n,ichurop,root,
gnats,n,saji,root,
gnome,n,zeehena,root,
go back,v,jiyu,root,
go,v,byomasu,root,
goal,n,ahochur,root,
goat,n,pyobyum,root,
goblet,n,ozoyan,root,
goblin,n,famasu,root,
god,n,dezoru,root,
goddess,n,yahoush,root,
goetia,n,hazufu,root,
going,v,tatsu,root,
gold leaf,n,umito,root,
gold,n,pyumasu,root,
golem,n,hyano,root,
gong,n,ryopu,root,
good,adj,himasum,root,
goodbye,interj,darefun,root,
goose,n,konsuma,root,
gorgeous,adj,demasub,root,
gorget,n,chinare,root,
gorgon,n,colic,root,
gorilla,n,wahe,root,
gossip,n,onyuon,root,
gouge,v,gyumasu,root,
govern,v,hyumasu,root,
gown,n,wazupyu,root,
grace,n,doyajir,root,
grade,n,jiemasu,root,
gradual,adj,mihe,root,
graduate,v,ryunmas,root,
grain,n,dawo,root,
grandfather,n,joru,root,
grandmother,n,sozumyo,root,
granite,n,hededar,root,
grape,adj,gen,root,
grape,n,xiliqui,root,
graph,n,gendana,root,
graphic,n,senyohe,root,
grappling hook,n,pamyaho,root,
grasp,v,zufuzu,root,
grass,n,odanyu,root,
grave,adj,gasi,root,
grave,n,otata,root,
gravel,n,kyotoma,root,
gravity,n,anattar,root,
graze,v,ange,root,
grease,n,myam,root,
great axe,n,datquod,root,
great,adj,hitarim,root,
greater,adj,wai,root,
greave,n,shitaki,root,
greed,n,pyoasu,root,
green,adj,waranoj,root,
greenhouse,n,nunshit,root,
grenado,n,des,root,
grey,adj,hepudat,root,
grid,n,ofudas,root,
grill,n,gosu,root,
grim,adj,myahyor,root,
grimoire,n,yafuntt,root,
grind,v,nowahya,root,
grindstone,n,hyara,root,
grip,v,kinaki,root,
grit,n,mudeina,root,
groan,v,bokeoda,root,
gross,adj,hyut,root,
ground,n,hyunuma,root,
group,n,bechuda,root,
grow,v,sedeban,root,
gryphon,n,deshida,root,
guard,v,yajotte,root,
guerrilla,n,narumya,root,
guess,v,zade,root,
guest,n,waro,root,
guide,n,wapogiy,root,
guilt,n,ikyuyut,root,
guilty,adj,namasu,root,
gum,n,dozaru,root,
gut,n,kyone,root,
guy,n,inarte,root,
habit,n,bekoto,root,
habitat,n,tansono,root,
hag (old woman),n,hochono,root,
haggle,v,hyau,root,
hail,v,datawa,root,
hair (of body),n,aus,root,
hair (of head),n,ezajihe,root,
halberd,n,arimash,root,
half,n,yunyosh,root,
halfling,n,zegyu,root,
hallway,n,myagyor,root,
halt,v,mim,root,
ham,n,hoo,root,
hammer,n,heyomas,root,
hammock,n,kotoshi,root,
hand,n,jishodo,root,
handcuff,v,nakyu,root,
hang,v,hino,root,
hangover,n,wattema,root,
happen,v,oshiru,root,
happy,adj,jadaroo,root,
harass,v,ninwohe,root,
harbor,n,ximasud,root,
hard-tack,n,yayata,root,
hard,adj,intta,root,
hardly,adv,ryanyug,root,
harm,v,monara,root,
harming,v,uru,root,
harmony,n,chafu,root,
harp,n,fuyo,root,
harpoon,n,nudarah,root,
hat,n,hitte,root,
hatch,n,jinatta,root,
"hatchet, hand-axe",n,monorim,root,
hate,v,aroo,root,
haunt,v,kinzoma,root,
haunting,n,pishi,root,
have to (must),v,hawa,root,
have,v,pudatta,root,
haven,n,bato,root,
hawk,n,iru,root,
hay,n,bujibyo,root,
hazard,n,ahaku,root,
hazelnut,n,uhoda,root,
he/she/it,pron,cesu,root,
he,pron,arae,root,
head,n,henyaoa,root,
head,v,deshiru,root,
heal,v,himasu,root,
healing,n,hehodao,root,
health,n,soho,root,
heap,n,todomas,root,
hear,v,hazurbo,root,
heart,n,minanzu,root,
heating,n,bijigiy,root,
heavy,adj,nyojito,root,
hedge,n,funaruh,root,
heel,n,arabyod,root,
heir,n,chita,root,
heirloom,n,gobawa,root,
hell,n,buzamas,root,
hello,interj,hita,root,
helmet,n,wahenya,root,
help,v,cumumas,root,
hemp,n,hyujide,root,
hen,n,nisu,root,
hence,adv,tioru,root,
herb,n,iyasu,root,
herbal,adj,oshodo,root,
herd,n,otsuna,root,
here,adv,bao,root,
heritage,n,mukomas,root,
hero,n,myausu,root,
heroes,n,fichine,root,
herring,n,anaimas,root,
hibernation,n,jimashu,root,
hide,n,pyazuya,root,
hide,v,hodasi,root,
hierarchy,n,bokotta,root,
high,adj,ina,root,
highlight,n,woto,root,
hike,v,nataqui,root,
hill,n,nihange,root,
hilt,n,epyudat,root,
him/her/it,pron,wagihez,root,
hint,v,jumasu,root,
hip,n,misu,root,
hippogriff,n,jianyow,root,
hire,v,naryamy,root,
his/hers/its,pron,dechima,root,
hiss,v,hatte,root,
history,n,dou,root,
hit,v,post,root,
hive,n,kotara,root,
hoax,n,kotimas,root,
hobby,n,ninmasu,root,
hoe,n,waowade,root,
hold,v,nyamasu,root,
hole,n,nakiga,root,
holiday,n,uginaku,root,
hollow,adj,hui,root,
holy,adj,binatte,root,
homage,n,womasu,root,
home,n,baozuma,root,
"homeland, fatherland, motherland",n,ohepud,root,
homespun,adj,hiwokya,root,
homicide,n,pyai,root,
homosexual,adj,nis,root,
homunculus,n,hodogya,root,
honest,adj,butatia,root,
honey,n,seumyu,root,
honor,n,omusoo,root,
hood,n,yac,root,
hoof,n,vendasu,root,
hook,n,nakuzot,root,
hop,v,zadesu,root,
hope,v,ohato,root,
horehound,n,godoem,root,
horizon,n,dasoto,root,
hormone,n,taviset,root,
horn,n,jiyunyo,root,
horoscope,n,dando,root,
horse collar,n,zoja,root,
horse,n,neruhej,root,
horsemeat,n,zusesu,root,
horseshoe,n,noasu,root,
hose,n,ryuhe,root,
hospital,n,nakipud,root,
hostile,adj,hen,root,
hot (attractive),adj,zomasi,root,
hot,adj,uyani,root,
hound,n,natenyo,root,
hour,n,ciputte,root,
hourglass,n,wozadas,root,
house cat,n,hebyo,root,
house,n,zewoja,root,
hover,v,neryoji,root,
how,adv,excono,root,
however,adv,jawo,root,
hub,n,jizuchu,root,
huddle,v,chiuser,root,
hue,n,arayo,root,
hug,n,hebojum,root,
huge,adj,hibyade,root,
hull,n,hipazus,root,
hum,v,kyuneny,root,
human,n,depijur,root,
humble,adj,zattaki,root,
humiliate,v,rishina,root,
humor,n,narano,root,
hundred,num,hifudod,root,
hungry,adj,gamashi,root,
hunt,v,hozu,root,
hunting,adj,dasumas,root,
hurdle,n,nakyoha,root,
hurdy-gurdy,n,jis,root,
hurl,v,jinru,root,
hurricane,n,uchoo,root,
hurry,v,data,root,
hurt,v,deshish,root,
husband,n,osowa,root,
hut,n,dasuzo,root,
hybrid,n,kyoru,root,
hypnotism,n,one,root,
hyssop,n,tozu,root,
I,pron,ettaro,root,
ice,n,zon,root,
icon,n,monbyad,root,
idea,n,habedas,root,
ideal,n,kyamowo,root,
identify,v,yapyai,root,
idiot,n,deyuzam,root,
idle,n,wasa,root,
idol,n,bya,root,
if,conj,wae,root,
ignite,v,zuyoshi,root,
igniting,v,wotte,root,
ignorant,adj,wayorum,root,
ignore,v,ujitaki,root,
iguana,n,aryaury,root,
illness,n,hahyo,root,
illuminate,v,hodasu,root,
illuminated,adj,kyai,root,
illuminator,n,nakina,root,
illusion,n,debisha,root,
illusory,adj,byawa,root,
illustrate,v,fusamas,root,
image,n,damyami,root,
imaginary,adj,wopyatt,root,
imagine,v,demyuru,root,
imitate,v,hewo,root,
immense,adj,monkyar,root,
imminent,adj,hadarim,root,
immune,adj,ogyohe,root,
imp,n,atano,root,
impact,n,famasud,root,
impair,v,shite,root,
impeachment,n,doso,root,
implant,n,nihea,root,
implement,v,abemi,root,
imploding,v,foe,root,
imply,v,pyusu,root,
import,v,kinakin,root,
important,adj,sazegyu,root,
impose,v,gomyut,root,
impression,n,zuhonge,root,
improve,v,haee,root,
impulse,n,monze,root,
in,prep,zamasu,root,
incantation,n,genatas,root,
incense,n,kamasu,root,
incentive,n,okyono,root,
incident,n,zoo,root,
incineration,n,acharan,root,
include,v,gobyoru,root,
including,prep,ota,root,
incorporate,v,byahesu,root,
increase,v,tisou,root,
incubi,n,kotohas,root,
indeed,adv,zejide,root,
indenture,n,kyogemy,root,
independence,n,ido,root,
indicate,v,honfuby,root,
indigo (plant),n,goyowo,root,
individual,n,jizamas,root,
induce,v,anakimi,root,
indulge,v,mulasic,root,
industry,n,dan,root,
inevitably,adv,raegi,root,
infant,n,juza,root,
infection,n,zumi,root,
inferior,adj,chashit,root,
infinite,adj,zoyuso,root,
inflict,v,tsuto,root,
influence,v,nizono,root,
information,n,oyuema,root,
ingot,n,mezebaz,root,
inhabit,v,soshode,root,
inhale,v,datawo,root,
inherit,v,jojin,root,
inhibit,v,sezou,root,
initiation,n,poroo,root,
initiative,n,pentte,root,
inject,v,wapyada,root,
ink,n,wazoto,root,
inkwell,n,deshuji,root,
inn,n,shihyam,root,
innocent,adj,zohehab,root,
innovate,v,noru,root,
inquire,v,shida,root,
insane,adj,tattesu,root,
insect,n,karite,root,
inside,prep,rofuza,root,
insight,n,datesem,root,
insist,v,fuzum,root,
inspect,v,saru,root,
install,v,unjades,root,
instant,adj,dezumas,root,
instead,adv,ikyugeu,root,
instill,v,yuzo,root,
institute,n,zuyo,root,
instruct,v,dasho,root,
instrument,n,jopyuzu,root,
insult,v,dattema,root,
insurance,n,ham,root,
insure,v,kotoima,root,
insurgent,n,oyont,root,
integrity,n,oteroo,root,
intend,v,zohamas,root,
intense,adj,myasu,root,
interact,v,yotarae,root,
intercept,v,guji,root,
interest,n,nakyach,root,
interior,n,hodamas,root,
internal,adj,kanarad,root,
interpret,v,kanarat,root,
interrogate,v,uttasu,root,
interrupt,v,hiji,root,
intervene,v,desonyu,root,
intervention,n,ibyaaru,root,
interview,n,anyogyu,root,
intestine,n,nodo,root,
intimate,adj,epo,root,
intimidate,v,kotayaz,root,
into,prep,byoyoma,root,
intricate,adj,zomuhit,root,
invade,v,wopie,root,
invent,v,soonmo,root,
investigate,v,toju,root,
investment,n,byazezu,root,
investments,n,jienrim,root,
investure,v,pito,root,
invisible,adj,ete,root,
invisibility,n,zopatte,root,
invite,v,behebii,root,
invocation,n,fuzuwo,root,
invoke,v,shitagy,root,
involve,v,naranak,root,
iron,n,tottema,root,
irony,n,oizoma,root,
irrigate,v,abumusa,root,
is/am/to be,v,hodonob,root,
island,n,furyatt,root,
isolate,v,deshuts,root,
issue,n,hic,root,
ivory,n,kanhyun,root,
jackal,n,zuzaa,root,
jacket,n,gyushid,root,
jade,n,dessese,root,
jam,n,sechimi,root,
jam,v,arepe,root,
jar,n,nakinga,root,
jasmine,n,gowa,root,
javelin,n,zoyote,root,
jaw,n,oajipyu,root,
jealous,adj,komasu,root,
jelly,n,sochi,root,
jerk,v,montape,root,
jewel,n,zung,root,
job,n,hetaku,root,
join,v,batezom,root,
joint,n,dezotos,root,
joke,n,ehode,root,
jolly,adj,datozum,root,
journey,n,zaazuju,root,
journeyman,n,ifuru,root,
joy,n,shozuma,root,
judge,v,kyute,root,
jug,n,wara,root,
jump,v,hezu,root,
junction,n,uruhoo,root,
jungle,n,tonaii,root,
juniper,n,sohomya,root,
junk,n,kishoda,root,
just,adv,desezes,root,
justice,n,hanaroo,root,
justify,v,goryom,root,
juvenile,adj,batarim,root,
keen,adj,myochim,root,
keep,v,arisu,root,
kelp,n,hidowos,root,
kerosene,n,byawo,root,
kettle hat,n,oheda,root,
kettle,n,heono,root,
key,n,yaze,root,
kick,v,zuja,root,
kid,n,wattari,root,
kidnap,v,arumyuz,root,
kidney,n,hebyani,root,
kill,v,nemasu,root,
kin,n,janhyop,root,
kind,n,natta,root,
king,n,zugyuma,root,
kink (sharp twist),n,shimyos,root,
kiosk,n,byumasu,root,
kiss,v,zezun,root,
kit,n,sukya,root,
kitchen,n,dezoho,root,
kite,n,ogyoa,root,
knee,n,gyanhyo,root,
knife,n,aranchi,root,
knight,n,hene,root,
knob,n,myotte,root,
knock,v,bozuta,root,
knot,n,zuru,root,
know,v,chimasu,root,
label,n,gyuru,root,
laboratory,n,doe,root,
lace,n,zito,root,
ladder,n,chite,root,
ladle,n,bofuhiz,root,
lake,n,deshach,root,
lamb,n,shawo,root,
lament,v,hezuyuz,root,
lamp,n,antanai,root,
lance,n,obita,root,
land,n,hennatt,root,
landlord,n,zuchibu,root,
landscape,n,defuhoh,root,
language,n,bozu,root,
lantern oil,n,secho,root,
lantern,n,doshari,root,
larch,n,ajiyu,root,
lard,n,ohesu,root,
large,adj,caesu,root,
lasso,n,nyoto,root,
last (final),adj,wata,root,
last (previous),adj,miru,root,
last,v,bilishi,root,
late,adj,jiwo,root,
lately,adv,kotorem,root,
later,adv,zohe,root,
laugh,v,noechit,root,
laundry,n,sojidab,root,
lava,n,wamashi,root,
lavender,n,xiantar,root,
law,n,deto,root,
lay,v,jupyo,root,
layer,v,ning,root,
layout,n,yomasu,root,
lazy,adj,zete,root,
lead (soft metal),n,ada,root,
lead,v,daiwo,root,
leaf,n,nakanem,root,
leak,v,zeroku,root,
lean,v,ryou,root,
leap,v,anono,root,
learn,v,chodara,root,
lease,n,seamasu,root,
least,adv,atayaha,root,
leather,n,baripio,root,
leave,v,somasu,root,
lecture,n,adan,root,
leech,n,ryosomm,root,
left,adj,myauhon,root,
leg,n,hikinar,root,
legend,n,deshiyo,root,
leggings,n,shomasu,root,
leisure,n,wojimas,root,
lemon,n,ijide,root,
lend,v,oumasu,root,
lens,n,seato,root,
lentil,n,desukin,root,
leopard,n,heyanyo,root,
lesbian,n,imasi,root,
less,adv,mugohe,root,
lesser,adj,zuwokin,root,
lesson,n,oyara,root,
let,v,chitesu,root,
lethal,adj,watteru,root,
letter,n,semizor,root,
lettuce,n,nakyatt,root,
level,n,renakif,root,
lever,n,hisoshi,root,
leverage,n,anshiyo,root,
levitate,v,tokutta,root,
levitation,n,eyuhech,root,
liberate,v,attasu,root,
liberty,n,nakan,root,
library,n,gozuu,root,
license,n,tojiru,root,
lich,n,beshinb,root,
lichen,n,gennari,root,
lick,v,prattej,root,
lie,v,anarank,root,
life,n,zakiwo,root,
lift,v,ijireda,root,
light (weight),adj,homashi,root,
light,n,goechi,root,
light,v,gushats,root,
lightning,n,wayuto,root,
like,prep,byanai,root,
like,v,buhemas,root,
likely,adj,putte,root,
lime,n,rae,root,
limestone,n,denai,root,
limit,n,nyumasu,root,
limited,adj,kottavi,root,
limp,v,nupe,root,
line,n,upya,root,
linen,n,ude,root,
linger,v,yomono,root,
linguistics,n,exaguma,root,
link,n,omarima,root,
lion,n,icipyu,root,
lip,n,hyuda,root,
lipstick,n,nakidit,root,
liquid,n,ochory,root,
liquor,n,veru,root,
list,n,zeshi,root,
listen,v,yuoruhy,root,
litany,n,myozohe,root,
literature,n,naryayu,root,
litigation,n,kariima,root,
little,adj,shu,root,
live,adj,wataher,root,
live,v,mochita,root,
liver,n,nakudat,root,
livery,n,habyo,root,
livestock,n,hyuze,root,
lizard,n,conarod,root,
loaf,n,kyahewo,root,
lobby,n,kyatta,root,
lobster,n,ryaroo,root,
local,adj,dajii,root,
location,n,nyusemu,root,
lock-box,n,yokunta,root,
lock,n,hatacho,root,
locker,n,uhezenr,root,
lockpick,n,naruru,root,
lodge,n,jimaser,root,
logic,n,kottari,root,
logo,n,inata,root,
loin,n,osuhes,root,
lone,adj,huatama,root,
long (want for),v,kidayam,root,
long,adj,zosa,root,
longboat,n,buja,root,
longbow,n,churu,root,
look (appearance),n,karanyu,root,
look,v,damasuj,root,
loom,n,aruhohy,root,
loom,v,ryasu,root,
loop,n,kotogyo,root,
loose,adj,karanpu,root,
lord,n,gohoto,root,
lore,n,ojizu,root,
lose,v,nakizer,root,
loser,n,musha,root,
lot,n,zakesog,root,
lots,pron,senchi,root,
lottery,n,suru,root,
lotus,n,karisej,root,
loud,adj,zutta,root,
lounge,n,dezuru,root,
louse,n,dayo,root,
love,v,gyusebi,root,
lovely,adj,sen,root,
low,adj,proo,root,
lower class,n,danta,root,
loyal,adj,hinaiyu,root,
luck,n,hibulic,root,
lucrative,adj,dozum,root,
luggage,n,myarany,root,
lumber,n,karyuji,root,
lump,n,zumasub,root,
lunch,n,kopyana,root,
lung,n,seze,root,
lure,v,somne,root,
lurk,v,zunbyoy,root,
lush,adj,wattewa,root,
lust,n,annukey,root,
lute,n,menyo,root,
luxury,n,hoherut,root,
lyre,n,wamasum,root,
lyrics,n,nyarequ,root,
mace,n,minarim,root,
machine,n,datquit,root,
mackerel,n,dasusaz,root,
maelstrom,n,soshi,root,
magazine,n,chodo,root,
"mage, magi",n,hadesu,root,
mage,n,nattene,root,
magic,n,kanchim,root,
magical,adj,nyaojas,root,
magister,n,attemas,root,
magma,n,karijir,root,
magnet,n,kyoamas,root,
magnitude,n,nishi,root,
magus,n,zazegra,root,
maid,n,anchi,root,
mail,n,ukenyup,root,
main,adj,goshire,root,
maintain,v,anakyu,root,
major,adj,denyama,root,
make,v,anaku,root,
making,n,kotakin,root,
male,n,sharane,root,
malignant,adj,sozu,root,
mall,n,saonai,root,
mallet,n,oiyuza,root,
mammal,n,mong,root,
man,n,hitiach,root,
mana,n,hyoi,root,
manacle,n,ryuang,root,
manage,v,desoo,root,
mandala,n,tome,root,
mandate,n,nyuzum,root,
mandatory,adj,ryunsop,root,
mane,n,zunaryu,root,
maneuver,v,jissi,root,
mango,n,denushi,root,
manic,adj,ohyana,root,
manifest,v,oya,root,
manipulate,v,anchita,root,
manner,n,chinari,root,
manta ray,n,yujimas,root,
manticore,n,wam,root,
mantis,n,sai,root,
mantling (clothing),n,zuo,root,
mantra,n,kottand,root,
manual,adj,hoshodo,root,
manual,n,dode,root,
manufacture,v,kotteon,root,
manufacturing,n,zurudas,root,
many,det,jari,root,
map case,n,chomasu,root,
map,n,rotteru,root,
maple,n,hochaby,root,
marathon,n,eiso,root,
marble,n,jadara,root,
march,v,nyunkot,root,
margin,n,ogoze,root,
marinate,v,opaoja,root,
marine,adj,hazupyo,root,
marital,adj,gohanak,root,
marjoram,n,areru,root,
mark,v,byatte,root,
market,n,karamyo,root,
marketing,n,opotte,root,
maroon,adj,tissi,root,
marquis,n,yushigo,root,
marriage,n,liumasu,root,
marry,v,onare,root,
marsh,n,kanakin,root,
martial,adj,hyou,root,
mask,n,mekyahe,root,
masonry,n,haza,root,
mass,n,soja,root,
massacre,n,graheen,root,
massage,v,dashiru,root,
massive,adj,nyam,root,
master,n,lesu,root,
masturbate,v,gopyok,root,
mat,n,nimase,root,
match,n,pyaorya,root,
material,n,osote,root,
mathematics,n,isu,root,
matrix,n,gojiun,root,
matter,n,yanai,root,
matter,v,jiferim,root,
mattock,n,zeshue,root,
mattress,n,myattey,root,
mature,adj,zedasha,root,
maximum,n,izu,root,
may,v,son,root,
maybe,adv,deaedo,root,
maze,n,abisu,root,
me,pron,chude,root,
mead,n,buyazuy,root,
meadow,n,hyono,root,
meal,n,enai,root,
mean,adj,nipu,root,
mean,v,hepe,root,
meanwhile,adv,deatu,root,
measure,v,hanatan,root,
meat,n,jujudar,root,
media,n,shuryut,root,
median,adj,hyanaih,root,
medicine,n,zote,root,
meditate,v,fesu,root,
medium,adj,liamasu,root,
medium,n,diimasu,root,
meet,v,deshush,root,
melee,n,gimasu,root,
melody,n,dapuema,root,
member,n,narachi,root,
membrane,n,hofuru,root,
memento,n,datatte,root,
memo,n,ryakina,root,
memoir,n,ifichit,root,
memorial,n,dattete,root,
mend,v,futsu,root,
mental,adj,irimasu,root,
mention,v,shono,root,
menu,n,zupya,root,
"mercer, textile merchant",n,naranao,root,
merchandise,n,geo,root,
merchant,n,mizuwo,root,
mercy,n,jimasut,root,
mere,adj,ozomas,root,
merely,adv,zechama,root,
merfolk,n,wamyosu,root,
merge,v,kyaa,root,
merit,n,sooru,root,
merlon,n,gojoha,root,
mess kit,n,joso,root,
mess,n,xiano,root,
message,n,arano,root,
metal,n,datusho,root,
metaphysics,n,uwa,root,
meteor,n,bonya,root,
metro,n,zuzuyos,root,
metropolis,n,zuhyong,root,
mid,adj,ryude,root,
middle class,n,shichi,root,
middle,adj,kyommo,root,
midnight,n,kagyutt,root,
midst,n,wafugya,root,
might,v,watteso,root,
migraine,n,ufuzezu,root,
migrate,v,yoja,root,
military,n,piwo,root,
militia,n,zesu,root,
milk,n,kopate,root,
mill,n,sashima,root,
millennium,n,howatte,root,
million,num,datteru,root,
millstone,n,bihedo,root,
mimic,v,toji,root,
mind,n,wamasha,root,
mine,n,okyo,root,
mine,pron,donyuyo,root,
miniature,adj,shituto,root,
ministry,n,kito,root,
minor,adj,zodotte,root,
minotaur,n,nyodoe,root,
minstrel,n,nimuzeh,root,
mint,n,nyanto,root,
minute glass,n,ran,root,
minute,n,jujuuma,root,
miracle,n,denadab,root,
mirror,n,jadesu,root,
miscarriage,n,takya,root,
misery,n,somasi,root,
miss (long for),v,dehe,root,
miss (not hit),v,oifuita,root,
miss (not take advantage of),v,bayude,root,
missing,adj,yasumas,root,
mist,n,kyaze,root,
mistake,n,ing,root,
mistletoe,n,xianatt,root,
mistress,n,nata,root,
mitten,n,nakus,root,
mix,v,set,root,
moan,v,dekyomy,root,
moat,n,chomaar,root,
mob,n,dabai,root,
mobile,adj,sanhyu,root,
mock,v,conya,root,
model,n,kamyu,root,
modify,n,masuzon,root,
module,n,kotosat,root,
moist,adj,gano,root,
moisture,n,hac,root,
mold,n,ryopaki,root,
mold,v,ohemasu,root,
mole,n,dest,root,
molecular,adj,dariryo,root,
molecule,n,yinaru,root,
moment,n,deshu,root,
money,n,hitteru,root,
mongoose,n,gofudi,root,
monitor,v,gofuns,root,
monk,n,jayohak,root,
monkey,n,desodoy,root,
monopoly,n,kamashu,root,
monster,n,opyubu,root,
monsters,n,ezudaho,root,
month,n,auseni,root,
mood,n,naruryo,root,
moon,n,byades,root,
moral,adj,ryadats,root,
morale,n,kyohayu,root,
more,det,zoruher,root,
morning,n,lichito,root,
morningstar,n,henyo,root,
mosquito netting,n,gohe,root,
mosquito,n,nyumumu,root,
moss,n,zanbuza,root,
most,adv,takatte,root,
motel,n,pyuokot,root,
mother,n,zuan,root,
motif,n,yajikyo,root,
motion,n,nohegem,root,
motor,n,zaa,root,
motte,n,karibyo,root,
mound,n,ochi,root,
mountain,n,fumyogy,root,
mourn,v,pama,root,
mouse,n,oso,root,
mouth,n,kahenar,root,
move,v,had,root,
much,det,pochi,root,
mud,n,nozoruh,root,
mudra,n,sokamas,root,
muffle,v,hezuji,root,
mug,n,homasho,root,
mule,n,zujidar,root,
multiply,v,gyohomu,root,
mumble,v,sto,root,
mummy,n,kotoshu,root,
municipal,adj,yamyasu,root,
murage (tax),n,nattewo,root,
mural chamber,n,caru,root,
mural passage,n,pyuha,root,
mural tower,n,hepyano,root,
mural,n,yatatte,root,
murder,v,sozesu,root,
murmur,v,okyute,root,
muscle,n,nyuzant,root,
mushroom,n,hisehod,root,
music,n,inarach,root,
musk,n,monojir,root,
must,v,meta,root,
mustache,n,wayatte,root,
mustang,n,natanar,root,
mustard (spice),n,chihaha,root,
mute,adj,muno,root,
mute,v,zamasi,root,
mutton,n,myunchi,root,
myrrh,n,oheyut,root,
myrtle,n,wahogyo,root,
mystery,n,kotsuna,root,
mystic,adj,ryahode,root,
mystic,n,pamasu,root,
mysticism,n,jittena,root,
myth,n,otara,root,
mythos,n,nattali,root,
nag,v,shihema,root,
naga,n,soa,root,
nail,n,pupurim,root,
naive,adj,kotenar,root,
naked,adj,nedade,root,
name,n,entaru,root,
"naming, to name",v,sozutsu,root,
naming,n,hesu,root,
nap,v,byoto,root,
napkin,n,masujiy,root,
narrative,adj,jihego,root,
narrow,adj,dohyamy,root,
nasty,adj,sochis,root,
nation,n,kihiayo,root,
native,adj,zumasat,root,
nature,n,kasu,root,
naval,adj,zomyayu,root,
navigate,v,yajihe,root,
navigation,n,byosaki,root,
navy,n,gota,root,
near,prep,osedoo,root,
necessary,adj,tumashi,root,
neck,n,wotsu,root,
necklace,n,yagyowo,root,
necromancy,n,darebit,root,
necromantic,adj,doya,root,
need,v,womasha,root,
needle,n,zuzomas,root,
neglect,v,ojimas,root,
negotiate,v,acliie,root,
neighbor,n,ryonde,root,
neither,adv,jazobup,root,
nephew,n,eyu,root,
nerve,n,kyoshuc,root,
nervous,adj,moyumas,root,
nest,n,hozubya,root,
net,n,conemya,root,
network,n,kyupanh,root,
neutralizing,adj,aruhoma,root,
never,adv,myapio,root,
nevertheless,adv,yujiyun,root,
new,adj,nyu,root,
news,n,kanyo,root,
next,adj,harimas,root,
nice,adj,but,root,
niche,n,cumasun,root,
nickname,n,homilva,root,
niece,n,mozumyu,root,
night,n,shidara,root,
nine,num,nyobush,root,
nineteen,num,monzu,root,
no,interj,nakino,root,
noble,adj,sochito,root,
noble,n,hetsu,root,
nobody,pron,choyabu,root,
nocturnal,adj,dise,root,
nod,v,yun,root,
noise,n,habunch,root,
nominate,v,zohyao,root,
none,pron,fudiema,root,
nonsense,n,fuasu,root,
noon,n,dattama,root,
nor,conj,zahahok,root,
normal,adj,jimasi,root,
north,n,gochad,root,
nose,n,gyumash,root,
nosebag,n,goud,root,
nostril,n,ettasi,root,
not,adv,yotteda,root,
notable,adj,jantaru,root,
note,n,comeiky,root,
notebook,n,primase,root,
nothing,pron,henyano,root,
notify,v,aryomas,root,
notorious,adj,zosede,root,
novel,n,okinci,root,
novice,n,murumas,root,
now,adv,sorimas,root,
nowadays,adv,imashim,root,
nowhere,adv,daris,root,
noxious,adj,futa,root,
nucleus,n,samumas,root,
nude,adj,wan,root,
number,n,itte,root,
numerology,n,hyukeyu,root,
nurse,n,shizoma,root,
nursery,n,nyattee,root,
nurture,v,shitasu,root,
nut,n,nikyaut,root,
nutmeg,n,bozekyu,root,
nutrition,n,osomas,root,
oak,n,zumyawo,root,
oar,n,jos,root,
oasis,n,nishici,root,
oat,n,jie,root,
oath,n,desaji,root,
oatmeal,n,chueru,root,
obese,adj,taku,root,
obey,v,monaroo,root,
object,n,itasu,root,
objective,adj,katta,root,
oblige,v,mingyom,root,
obscure,adj,yohehya,root,
obscurement,n,chaheto,root,
observation,n,nemasha,root,
obsess,v,degra,root,
obvious,adj,hyodad,root,
ocarina,n,shibyun,root,
occult,adj,hodokyu,root,
occultist,n,bitasu,root,
occur,v,zuoru,root,
ocean,n,hohomas,root,
ochre,adj,kotopid,root,
octopus,n,nyomasi,root,
of,prep,zen,root,
off,adv,ryohyad,root,
offend,v,kyawoky,root,
offense,n,pyoshit,root,
offer,v,zunpoku,root,
offering,n,topyopy,root,
office,n,yudato,root,
officer,n,gatte,root,
official,n,pyuyuya,root,
offspring,n,onyurya,root,
often,adv,aryahoh,root,
ogre,n,tab,root,
oil,n,eomisen,root,
ok,adv,hiyopyu,root,
okay,interj,shure,root,
old,adj,chapupy,root,
olfactory,adj,zeis,root,
olive oil,n,achayu,root,
olive,n,ryudasu,root,
on,prep,yomasho,root,
once,adv,gokyag,root,
one,num,uchidas,root,
one,pron,gyatte,root,
onion,n,gufucur,root,
only,adj,conara,root,
only,adv,chii,root,
onto,prep,ipli,root,
opal,n,glichun,root,
open,v,monyuzu,root,
opening,n,myahahe,root,
operate,v,teta,root,
opinion,n,epida,root,
opposite,n,gonsu,root,
oppress,v,chokimy,root,
optical,adj,kanyama,root,
optimal,adj,vinara,root,
optimism,n,somasem,root,
option,n,ihekyoz,root,
or,conj,yamasut,root,
orange,adj,anakis,root,
orange,n,monai,root,
orbit,n,kon,root,
orc,n,gonyay,root,
orchard,n,uyadama,root,
orchestra,n,sekyodo,root,
orchid,n,tumasu,root,
order,n,fudatad,root,
order,v,nakyunj,root,
oregano,n,zota,root,
organ,n,hofu,root,
organism,n,konarum,root,
organization,n,zosaja,root,
organize,v,ryope,root,
orgasm,n,owomas,root,
origin,n,bamasur,root,
ornament,n,memasoo,root,
orphan,n,bokinat,root,
orthodox,adj,odarim,root,
other,adj,gechu,root,
other,n,dic,root,
otherwise,adv,chitohe,root,
otter,v,ottasue,root,
ours,pron,narachu,root,
out of,prep,altiodo,root,
out,adv,exeroo,root,
outbreak,n,funyohe,root,
outcome,n,hyuru,root,
outline,n,zuanaku,root,
outrageous,adj,hyofum,root,
outside,prep,egyos,root,
oval,n,ayukyon,root,
ovation,n,deemasu,root,
oven,n,myum,root,
over,prep,eru,root,
overdose,n,king,root,
overlook,v,nakyuzu,root,
overseas,adj,niukota,root,
overwhelming,adj,gyurya,root,
owe,v,chaheji,root,
owl,n,wopyuta,root,
own,det,gokyama,root,
owner,n,fuwaran,root,
ox yoke,n,sahono,root,
ox,n,anara,root,
oxygen,n,gomyum,root,
oyster,n,ninaris,root,
pace,v,ogyude,root,
pack,v,abyo,root,
package,n,zojozut,root,
packet,n,potta,root,
packsaddle,n,ani,root,
pact,n,shayony,root,
paddle,n,natasu,root,
pagan,n,darohan,root,
page,n,nemesu,root,
pain,n,hohohod,root,
paint,n,kotarim,root,
pair,n,sanata,root,
palace,n,soshupy,root,
pale,adj,herahyu,root,
palette,n,memyoto,root,
palfrey,n,beataji,root,
palm (of hand),n,ozanar,root,
palm tree,n,konaris,root,
palm,n,myomasu,root,
pamper,v,ohyama,root,
pan,n,mepyaru,root,
panic,v,oyuaza,root,
panorama,n,debeiki,root,
panpipes,n,monyazu,root,
pant,v,zanaren,root,
pantheon,n,zuyuho,root,
pantry,n,byunyo,root,
pants,n,zososu,root,
paper,n,mochici,root,
paradigm,n,oefunt,root,
paradise,n,hiryo,root,
paradox,n,ozozuk,root,
paragon,n,uchi,root,
paragraph,n,hyodo,root,
parallel,adj,oyunyo,root,
paralyze,v,itatte,root,
parapet,n,yazowat,root,
parcel,n,chonatt,root,
parchment,n,hyusada,root,
pardon,v,wonru,root,
parent,n,hyochua,root,
park,n,aryahes,root,
parliament,n,utsu,root,
parlor,n,dabyu,root,
parrot,n,anhode,root,
parry,v,fudasu,root,
parsley,n,onupyay,root,
parsnip,n,pazezez,root,
part,n,byabyam,root,
particular,adj,waheeda,root,
partisan,adj,ryaa,root,
partner,n,nupya,root,
party,n,jiciviu,root,
pass,v,gukyuyo,root,
passion,n,zesam,root,
passive,adj,desta,root,
past,adj,zun,root,
past,n,zeni,root,
pasta,n,konde,root,
paste,n,monhei,root,
pastoral,adj,dokuru,root,
pastry,n,hishiis,root,
pasture,n,karuhoc,root,
patent,n,shitonm,root,
path,n,aruheop,root,
patient,adj,arimaso,root,
patient,n,culeboh,root,
patio,n,bojusa,root,
patriot,n,araheky,root,
patrol,v,jozuhey,root,
patron,n,mezoshu,root,
pause,v,conyama,root,
pave,v,sohyopa,root,
pavement,n,dayukyo,root,
pavilion,n,myasuru,root,
paw,n,chayuau,root,
pay,v,obyo,root,
pea,n,meku,root,
peace,n,nare,root,
peach,n,yuhefur,root,
peak,n,naka,root,
pear,n,otenmy,root,
pearl,n,hajieky,root,
peasant,n,oogyor,root,
peculiar,adj,wargusa,root,
pedal,n,dogyayo,root,
pedestrian,n,ezuno,root,
peek,v,semashi,root,
peel,n,ubyogya,root,
peer,v,kantte,root,
pell,n,biru,root,
pen,n,ryowong,root,
pencil,n,oyu,root,
pending,adj,narahej,root,
pendulum,n,jibyu,root,
penetrate,v,eyaemas,root,
peninsula,n,destior,root,
penis,n,aunjogi,root,
penknife,n,myanai,root,
pentacle,n,gomasu,root,
pentagram,n,jiyoyo,root,
peony,n,fuzo,root,
per,prep,tere,root,
perceive,v,tohamas,root,
percent,n,rekyomm,root,
perception,n,infoeru,root,
perch,v,haranta,root,
perfect,adj,tiatte,root,
perform,v,jahatte,root,
perfume,n,doto,root,
perhaps,adv,dejisut,root,
peril,n,das,root,
perimeter,n,zupyoa,root,
period,n,zagyaha,root,
permanent,adj,sokunwo,root,
permission,n,sodosod,root,
permit,v,upi,root,
persist,v,cet,root,
person,n,inasu,root,
persona,n,zet,root,
pest,n,dahyum,root,
pestilence,n,eyakina,root,
petal,n,nareiku,root,
petition,n,damanat,root,
petty,adj,dasede,root,
pewter,n,pyuya,root,
phantasm,n,cenbyuf,root,
pheasant,n,udahasu,root,
phoenix,n,byujiru,root,
physical,adj,rimido,root,
physiker,n,byome,root,
physiker’s kit,n,hozuare,root,
piano,n,hedesha,root,
pick-axe,n,ohide,root,
pick,n,suwo,root,
pick,v,anmashi,root,
picnic,n,infua,root,
picture,n,gyokots,root,
pie,n,sedataw,root,
piece,n,shong,root,
pierce,v,xuemase,root,
pig,n,habyoma,root,
pigeon,n,hohe,root,
pike (fish),n,shidasu,root,
pike,n,alito,root,
pilgrimage,n,tomyash,root,
pillage,v,tarano,root,
pillar,n,tejizum,root,
pillow,n,gihyumu,root,
pin,n,pulte,root,
pinch,v,echuru,root,
pine,n,pyara,root,
pink,adj,anarima,root,
pint,n,wasu,root,
pipe organ,n,fru,root,
pipe,n,nattesu,root,
pirate,n,gofun,root,
pitchfork,n,datae,root,
pity,v,zubyuru,root,
place,n,soiryoz,root,
plague,n,myodo,root,
plain,adj,destran,root,
plain,n,dette,root,
plan,n,yutte,root,
plane,n,myakugy,root,
planet,n,modozac,root,
plant,n,pyude,root,
plantation,n,shupude,root,
plaque,n,henatte,root,
plate,n,myumasu,root,
plateau,n,nakinam,root,
platinum,n,karosay,root,
platter,n,sota,root,
plausible,adj,honohak,root,
play (stage play),n,zectuma,root,
play,v,tora,root,
player,n,wayatak,root,
please,adv,edesu,root,
please,v,monjiri,root,
pledge,v,aoja,root,
plenty,adj,hipukin,root,
plenty,n,mongeru,root,
pliers,n,okinwa,root,
plight,n,troo,root,
plot,n,moto,root,
plough,n,jigoyuk,root,
ploughland,n,jizajir,root,
pluck,v,dessema,root,
plug,n,hiso,root,
plum,adj,tadorot,root,
plum,n,bantasu,root,
plus,prep,jinshac,root,
ply,n,tafumas,root,
pocket,n,karaoji,root,
poem,n,devinji,root,
point,n,deshuse,root,
poise,v,anya,root,
poison,n,nanmasa,root,
polar,adj,dede,root,
poleaxe,n,gohano,root,
police,n,anc,root,
policy,n,pyuzuta,root,
polish,v,tojozot,root,
polite,adj,kaou,root,
politics,n,hisata,root,
pollute,v,ryari,root,
poltergeist,n,naryote,root,
pomegranate,n,pyoshiz,root,
pommel,n,hum,root,
pond,n,veni,root,
ponder,v,shitabu,root,
pony,n,echitab,root,
poor,adj,soyokyo,root,
poppy,n,nimasi,root,
popular,adj,geomonz,root,
populate,v,shiide,root,
population,n,hokanny,root,
porcelain,n,hyade,root,
pork,n,sodo,root,
pornography,n,zomyo,root,
port,n,mumasu,root,
portable,adj,otohaho,root,
portal,n,wottere,root,
portcullis,n,onai,root,
porter,n,konchit,root,
portion,n,shonzus,root,
pose,v,jiushis,root,
position,n,waturu,root,
possess,v,rimasu,root,
possession,n,sut,root,
possible,adj,gono,root,
post,n,nique,root,
post,v,rezewo,root,
postern,n,sejiyan,root,
postpone,v,extarah,root,
postulate,v,kopyanr,root,
posture,n,chiciru,root,
pot,n,yopoto,root,
potato,n,buzuda,root,
potion,n,dentana,root,
pottery,n,pyahaho,root,
pouch,n,zohera,root,
poultry,n,kai,root,
powder,n,anaryuh,root,
power,n,nakite,root,
practical,adj,meamasu,root,
practice,v,ehazu,root,
practitioner,n,nesu,root,
pragmatic,adj,kotodom,root,
prairie,n,bognai,root,
praise,v,senai,root,
prawn,n,upyanar,root,
pray,v,kyosomy,root,
precede,v,deshoyu,root,
precedent,n,soe,root,
precinct,n,wotono,root,
precious,adj,dewo,root,
precise,adj,stis,root,
precognition,n,kanzu,root,
predecessor,n,mize,root,
predict,v,osozoj,root,
pregnant,adj,yodemas,root,
prejudice,n,exinaku,root,
premier,adj,renyazo,root,
premiere,n,kosemas,root,
premise,n,sekaroo,root,
preparation,n,tsuncho,root,
prepare,v,kotodoo,root,
preparing,n,gowaru,root,
prescribe,v,ohochu,root,
present (gift),n,aryu,root,
present (time),n,jiu,root,
present,n,okarimy,root,
present,v,liundes,root,
presidents,n,konarim,root,
pressure,n,ukyamas,root,
prestige,n,gubi,root,
prestigious,adj,keng,root,
pretty,adj,otoimas,root,
pretty,adv,konwoto,root,
prevalent,adj,jina,root,
prevent,v,shunnar,root,
prey,n,heishit,root,
price,n,momyowo,root,
prick,v,ryatte,root,
pride,n,jihamam,root,
priest,n,moeji,root,
priestess,n,pyuruhe,root,
primitive,adj,zachozo,root,
prince,n,deshuho,root,
princes,n,toheyo,root,
princess,n,degyuyu,root,
print,n,choo,root,
priority,n,zodosa,root,
prism,n,modanro,root,
prison,n,ozuset,root,
private,adj,zhemasi,root,
privilege,n,byujita,root,
prize,n,hokuzut,root,
probable,adj,pyamyap,root,
probably,adv,abyonky,root,
probe,v,goruhy,root,
problem,n,totomyu,root,
procedure,n,uyoru,root,
process,n,hosoo,root,
proclaim,v,doshu,root,
produce,v,gozunt,root,
production,n,quitte,root,
profit,n,odeshod,root,
program,n,oda,root,
progress,n,pobupyu,root,
project,n,boshoda,root,
projected,adj,yachuma,root,
projectile,n,tsuhema,root,
projection,n,bozam,root,
prolonging,n,karoo,root,
promise,n,gahotat,root,
promote,v,reque,root,
prompt,adj,gujidoz,root,
prone,adj,scaling,root,
pronounce,v,xinatta,root,
prop,v,yoidatt,root,
propaganda,n,nyodatt,root,
propel,v,ozunru,root,
property,n,dejija,root,
prophet,n,meza,root,
proposed,adj,redasu,root,
prose,n,oiseru,root,
prosecute,v,hiwo,root,
prospect,n,hayum,root,
prostitute,n,arazoru,root,
protagonist,n,ryanata,root,
protect,v,yuwo,root,
protection,n,juke,root,
protest,v,niheza,root,
prototype,n,zururu,root,
proud,adj,monakya,root,
prove,v,debyaya,root,
proverb,n,heyujir,root,
provide,v,desuzar,root,
province,n,zabyunt,root,
provision,n,idiideg,root,
provoke,v,ujozoma,root,
prowl,v,wajakya,root,
psaltery,n,fumas,root,
psychology,n,viumyam,root,
pub,n,yotsu,root,
pubic hair,n,wahyush,root,
public,n,chudesh,root,
publicity,n,semo,root,
puddle,n,oonaki,root,
pull,v,ipantar,root,
pulley,n,ukyodar,root,
pulse,n,gyuhyan,root,
pump,n,nakipes,root,
pumpkin,n,nyozech,root,
pun,n,omeyom,root,
punch,n,zea,root,
pungent,adj,zuzette,root,
punish,v,pyoru,root,
pupil,n,polenak,root,
puppet,n,esoo,root,
pure,adj,daritte,root,
purification,n,benbama,root,
purple,adj,jita,root,
purpose,n,ayobama,root,
purse,n,gyazoto,root,
push,v,zezono,root,
put,v,bimasu,root,
putrescence,n,momyum,root,
putresence,n,sofuni,root,
pyramid,n,kyojide,root,
pyrogenesis,n,yushatu,root,
python,n,byapita,root,
quail,n,datanar,root,
qualify,v,otorest,root,
qualitative,adj,efudesh,root,
quality,n,zatquo,root,
quantum,n,mochito,root,
quarrel,n,womigya,root,
quart,n,arosewo,root,
quarter,adj,desanru,root,
quarterhorse,n,sayayun,root,
quarterstaff,n,oga,root,
queen,n,hyuhai,root,
question,n,nakarim,root,
quick,adj,iortia,root,
quickness,n,zemashu,root,
quiet,adj,shihyu,root,
quill pen,n,eta,root,
quill,n,jihyon,root,
quillon,n,womasah,root,
quilt,n,chazuru,root,
quitclaim,n,pasu,root,
quite,adv,byara,root,
quiver,n,wabehon,root,
quota,n,kyoshir,root,
rabbit,n,hitakot,root,
raccoon,n,pyate,root,
race (ethnicity),n,gokiny,root,
race,n,zakinma,root,
racket,n,ojomas,root,
radiate,v,yotte,root,
radical,adj,sano,root,
radius,n,ioru,root,
raft,n,waga,root,
rag,n,dedo,root,
rage,n,nattezo,root,
raid,n,oryum,root,
rail,n,tomyowo,root,
rain,n,hyoe,root,
rainbow,n,desoyu,root,
raise,v,zoku,root,
rake,n,ali,root,
rally,v,yarane,root,
ram,n,emasum,root,
ramp,n,luicion,root,
rampart,n,eshita,root,
random,adj,mondo,root,
range,n,byuyush,root,
ranger,n,ribinky,root,
rank (military),n,curyoar,root,
rank (position),n,daryoze,root,
rape,v,pyaclin,root,
rapier,n,wahedes,root,
rare,adj,opyo,root,
rat,n,sopyu,root,
rate,n,oppenya,root,
rather,adv,kyum,root,
ration,n,arejita,root,
rational,adj,houmasu,root,
rationale,n,monkyaj,root,
rattle,v,gogyobi,root,
ravel,v,zatsu,root,
raven,n,hire,root,
raw,adj,quamasu,root,
ray,n,kotauza,root,
razor,n,dejito,root,
reach,v,zeru,root,
react,v,monatta,root,
read,v,juhoto,root,
reading,n,momases,root,
ready,adj,ite,root,
real,adj,xiciema,root,
realize,v,soyomas,root,
really,adv,gyague,root,
realm,n,monomas,root,
reap,v,shiru,root,
rear,n,zahasu,root,
rearrangement,n,gofuru,root,
reason,n,meu,root,
reasonable,adj,ohegyu,root,
rebec,n,zejozon,root,
rebel,n,oizuke,root,
receipt,n,jibuomy,root,
receive,v,minakin,root,
recent,adj,seku,root,
reception (of office or hotel),n,byanmas,root,
recession,n,chingya,root,
recipe,n,mochi,root,
recite,v,hoho,root,
recognize,v,pebya,root,
recommend,v,sodohay,root,
reconcile,v,mezewo,root,
record,n,more,root,
recorder,n,jinmasu,root,
recover,v,daji,root,
recreation,n,yura,root,
recruit,v,nyoyujo,root,
recycle,v,damasem,root,
red,adj,jachu,root,
reduce,v,hemonpe,root,
redundant,adj,ikyo,root,
reef,n,dearima,root,
refer,v,goheni,root,
reference,n,banyo,root,
referendum,n,ximyaki,root,
refine,v,boketum,root,
reflect,v,iwoyude,root,
reform,v,bissett,root,
refuse,v,heo,root,
regarding,prep,ciedo,root,
regardless,adv,hyucuri,root,
region,n,fuzoku,root,
register,v,tomasut,root,
regression,n,wotaran,root,
regret,v,myonaig,root,
regular,adj,pyusa,root,
regulate,v,kowo,root,
rehearse,v,zezumas,root,
reign. rule,n,huzu,root,
reincarnation,n,umasu,root,
reinforce,v,sofu,root,
reject,v,eshutsu,root,
relate,v,gonoapy,root,
relationship,n,sekarim,root,
relax,v,gazujo,root,
release,v,desuji,root,
relevant,adj,jijiruh,root,
relic,n,afuzoma,root,
relieve,v,zuzum,root,
religion,n,ohomas,root,
reliquary,n,uheru,root,
reluctant,adj,sanakar,root,
rely,v,waechim,root,
remain,v,nezomas,root,
remains,n,jutsu,root,
remark,v,yum,root,
remarkable,adj,uhozegl,root,
remedy,n,henyu,root,
remember,v,itakinm,root,
remind,v,waa,root,
remnant,n,zuyuun,root,
remove,v,emu,root,
render,v,degeiji,root,
renegade,n,numyopi,root,
renowned,adj,byadatt,root,
rent,v,jisazo,root,
rep,n,namasuu,root,
repeat,v,naryade,root,
repertoire,n,honaima,root,
repetition,n,aji,root,
replace,v,gyuu,root,
replicate,v,outte,root,
reply,v,monshod,root,
report,v,hohabih,root,
reproduce,v,pomasuk,root,
reptile,n,hemyaki,root,
request,v,toi,root,
require,v,sodesu,root,
rescue,v,byutte,root,
research,n,aranatt,root,
resemblance,n,arimai,root,
resent,v,kiru,root,
reservation,n,quidema,root,
reserve,v,okuwa,root,
reservoir,n,attasup,root,
resident,n,zuto,root,
residue,n,ozezok,root,
resist,v,kotoyun,root,
resistance,n,yarimas,root,
resolution,n,quaette,root,
resort,n,myatorm,root,
resource,n,inichow,root,
respect,v,dedesta,root,
respond,v,sowamas,root,
rest,v,kochi,root,
restaurant,n,degowo,root,
restoration,n,soha,root,
restorative,adj,oara,root,
restrain,v,jamashu,root,
result,n,denmasu,root,
retain,v,ryamasu,root,
retention,n,byadata,root,
retire,v,jautte,root,
retreat,v,ezoru,root,
retrieve,v,gut,root,
return,v,gozuna,root,
reveal,v,wate,root,
revenge,n,esozozu,root,
reversal,n,jisu,root,
reverse,adj,arita,root,
review,v,zuheida,root,
revise,v,usarise,root,
revolution,n,monoutt,root,
revolve,v,modo,root,
reward,n,delligy,root,
rhetoric,n,deyo,root,
rhythm,n,gatasu,root,
rib,n,nino,root,
ribbon,n,hehyuji,root,
rice,n,chumasu,root,
ride,v,ryapama,root,
riding crop,n,onaroo,root,
right (correct),adj,kyono,root,
right (direction),adj,towiku,root,
right,adv,gyahoda,root,
right,n,kotares,root,
rigid,adj,alutte,root,
rigorous,adj,ryoyane,root,
ring,n,dahaats,root,
ring,v,koshuri,root,
rinse,v,tachito,root,
riot,n,yadodor,root,
ripe,adj,jizumas,root,
rise,v,ozemom,root,
risk,n,nohoto,root,
"ritual, rite",n,tsunequ,root,
ritual,n,jiesect,root,
rival,n,tozose,root,
river,n,myoru,root,
road,n,oshono,root,
roam,v,posenua,root,
roar,v,hodeso,root,
roast,v,jiyono,root,
rob,v,zuttasu,root,
robe,n,fujiro,root,
robust,adj,godajon,root,
rock (move back and forth),v,wojioch,root,
rock drill,n,sewapyu,root,
rock,n,ajo,root,
rod,n,ceryosh,root,
rodent,n,tegya,root,
role,n,obansu,root,
roll,n,bayuyos,root,
roll,v,nesojud,root,
romance,n,nieng,root,
roof,n,meamoto,root,
rookie,n,pyo,root,
room (of house),n,doyoma,root,
room (space),n,kaga,root,
rooster,n,achua,root,
root,n,pyunyon,root,
rope,n,mochu,root,
rose,n,sazoyoz,root,
rosemary,n,hirujir,root,
roster,n,tase,root,
rotate,v,pakiha,root,
rough,adj,derruar,root,
round,adj,yuju,root,
row,n,gochat,root,
row,v,senyo,root,
rowboat,n,aomasu,root,
rub,v,karumas,root,
rubber,n,ropyo,root,
rubbish,n,sohorim,root,
rubble,n,hogyose,root,
ruby,n,oujiciv,root,
rude,adj,attasui,root,
rue,n,icisu,root,
ruffle,v,ottasu,root,
rug,n,jisse,root,
rugged,adj,attesu,root,
ruin,n,fenyazu,root,
ruin,v,arapifu,root,
rule,n,naruhoh,root,
rumor,n,uttamas,root,
run,v,sekono,root,
rune,n,muyarim,root,
runic,adj,neja,root,
runway,n,gudo,root,
rush-light,n,gogidaz,root,
rust,n,ohyuam,root,
rye,n,chono,root,
sabre,n,sozupan,root,
sack,n,jaryusu,root,
sacred,adj,goshum,root,
sacrifice,n,wogyuud,root,
sad,adj,nienhad,root,
saddle bag,n,hitenyu,root,
saddle blanket,n,bemija,root,
saddle,n,henuzuk,root,
safe,adj,fuku,root,
saffron,n,goheyo,root,
sage,n,otofuma,root,
sail,n,mumeru,root,
sail,v,tosee,root,
saint,n,zunmudo,root,
salamander,n,gagyohe,root,
salami,n,aranai,root,
sale,n,epya,root,
salmon,n,hizuune,root,
salon,n,demudic,root,
salt cellar,n,yohozej,root,
salt,n,dashohe,root,
salve,n,omyunm,root,
same,det,sechowa,root,
sample,n,baraeby,root,
sanctuary,n,ateesum,root,
sand,n,chidama,root,
sandal,n,zenyazu,root,
sap (tree),n,dessezu,root,
sap (weapon),n,wohyo,root,
sapphire,n,zohedaw,root,
sarcastic,adj,cio,root,
satin,n,sharaes,root,
satisfy,v,jibuchi,root,
saturate,v,byumash,root,
saucepan,n,yugyafu,root,
sausage,n,konoyum,root,
save (put aside),v,yuryahe,root,
savvy,adj,byunai,root,
saw,n,dezautt,root,
say,v,monga,root,
scabbard,n,fuaeru,root,
scale,n,dicetta,root,
scallions,n,kyaputa,root,
scapegoat,n,pyumash,root,
scar,n,hegyasu,root,
scarce,adj,nakis,root,
scared,adj,arankyo,root,
scarf,n,kyokyan,root,
scarlet,adj,okekyum,root,
scarring,n,chis,root,
scene,n,qiant,root,
secnt,n,ryumyun,root,
schedule,n,naroru,root,
scholar,n,omyuda,root,
school,n,hyurano,root,
science,n,nansi,root,
scimitar,n,gyugyoy,root,
scissors,n,heglise,root,
scone,n,kyamasu,root,
scoop,n,datasu,root,
scoop,v,zegisu,root,
scope,n,fuchubi,root,
scorpion,n,mumasho,root,
scout,n,hahozez,root,
scout,v,niho,root,
scramble,v,tarooma,root,
scrap,n,izushi,root,
scrape,v,kyogyu,root,
scratch,v,nefu,root,
scream,v,shoheky,root,
screw,n,tozen,root,
"scribe, scrivener",n,dajade,root,
scriptorium,n,wanhewa,root,
scroll,n,ryonyuz,root,
scrub,v,jubyuda,root,
scrutiny,n,gojima,root,
scutage (military tax),n,yublia,root,
scythe,n,jienta,root,
sea,n,aryo,root,
seabird,n,daro,root,
seafood,n,hitou,root,
seal,n,kotehar,root,
seal,v,zemasut,root,
sealing wax,n,myuua,root,
search,v,tonsu,root,
season,n,kotis,root,
seasoning,n,qinta,root,
seat,n,pyuchu,root,
seaweed,n,yuzon,root,
second,adv,shishit,root,
second,n,atru,root,
secret,n,yuryuku,root,
section,n,wapenya,root,
security,n,chodasu,root,
sediment,n,oshuru,root,
see,v,stumasu,root,
seed,n,zahoku,root,
seek,v,goshid,root,
seem,v,fuhyaso,root,
segment,n,wosomas,root,
segregate,v,oze,root,
seizure,n,zutawo,root,
select,adj,pyono,root,
selected,adj,wagya,root,
self,n,sohandu,root,
selfbow (weapon),n,wotasus,root,
selfish,adj,sezofun,root,
sell,v,coruyo,root,
semen,n,ihe,root,
semester,n,sometta,root,
semiprecious,adj,aranony,root,
send,v,karinta,root,
sending,n,geheika,root,
sensation,n,deshi,root,
sense,n,anmasuy,root,
senses,n,destiu,root,
sensible,adj,quidatt,root,
sensitivity,n,wojizun,root,
sentence,v,hoamasu,root,
sentients,n,shawa,root,
separate,v,daoru,root,
sequence,n,anonfu,root,
serf,n,wanarit,root,
sergeant,n,onyosh,root,
serial,adj,pyokino,root,
series,n,arotohe,root,
serious,adj,hyadoam,root,
sermon,n,imi,root,
serpent,n,gopame,root,
servant,n,zumasuy,root,
serve,v,tehofum,root,
set,n,kendogy,root,
set,v,karizad,root,
settle (land),v,zhefunh,root,
seven,num,yutteni,root,
seventeen,num,myo,root,
several,det,kottefu,root,
severe,adj,too,root,
sew,v,jipus,root,
sewage,n,ojidam,root,
sewer,n,nyodo,root,
sex,n,ohezusa,root,
shack,n,furu,root,
shade,n,monyutt,root,
shadow,n,nattema,root,
shadowed,adj,hozuena,root,
shaft,n,gerimas,root,
shake,v,otasu,root,
shaman,n,natomas,root,
shame,n,hohetsu,root,
shape,n,watakik,root,
share,v,colegya,root,
shark,n,chitaaz,root,
sharp,adj,wayoto,root,
shatter,v,bode,root,
shave,v,rerimyo,root,
"shawm, oboe",n,daudasi,root,
shears,n,byuden,root,
shed,n,lichoza,root,
sheep,n,zucturu,root,
sheet,n,izuru,root,
shelf,n,dafupim,root,
shell,n,notarim,root,
shellfish,n,mashoda,root,
shelter,n,soharim,root,
shield,n,ozuwod,root,
shine,v,jitiosa,root,
shiny,adj,beumash,root,
ship,n,morum,root,
shirt,n,chio,root,
shit,n,watiso,root,
shiver,v,dosaro,root,
shock,v,hende,root,
shoe,n,gozara,root,
shoot,v,zasu,root,
shooting star,n,dichuma,root,
shooting,n,deshodo,root,
shop,v,tsuntar,root,
shore,n,cenyawo,root,
short,adj,piga,root,
shortage,n,sadaso,root,
shortsword,n,vobokyu,root,
shot,n,tochi,root,
should,v,dehode,root,
shoulder,n,chowodo,root,
shout,v,satisoo,root,
shove,v,renakus,root,
shovel,n,kansatt,root,
show,n,wojirma,root,
show,v,byono,root,
showcase,n,detatte,root,
shower,n,kotashi,root,
shrimp,n,tatatte,root,
shrine,n,nitara,root,
shrink,v,oyorya,root,
shrub,n,gihench,root,
shudder,v,nihodo,root,
shuffle,v,johade,root,
shut/close,v,konwo,root,
shuttered,adj,pro,root,
sibling,n,shoto,root,
sick,adj,hituru,root,
sickle,n,quodasu,root,
side-saddle,n,chitatt,root,
side,n,myaa,root,
sidewalk,n,gatta,root,
siege,n,zakinfu,root,
sigh,v,anzuzam,root,
sight,n,dabedat,root,
sigil,n,arogyac,root,
sign,n,byaru,root,
significant,adj,hacligy,root,
silent,adj,nat,root,
silk,n,hishi,root,
silver,n,perimas,root,
similar,adj,mudaran,root,
simmer,v,juo,root,
simple,adj,shitoru,root,
simulacrum,n,wachitt,root,
simultaneous,adj,byoshis,root,
sin,n,estum,root,
since,conj,inai,root,
sincere,adj,excenya,root,
single,adj,nochobe,root,
sink,v,goyohe,root,
sinking,n,zhacte,root,
sip,v,ehoa,root,
siren,n,separu,root,
sister,n,okyada,root,
sit,v,konzonj,root,
site,n,byobyut,root,
situate,v,nakizu,root,
situation,n,hyukari,root,
six,num,anakisa,root,
sixteen,num,gochit,root,
size,n,juyunma,root,
skate,v,yosoo,root,
skeleton,n,naryari,root,
skeptic,n,destrim,root,
sketch,n,ranmyuf,root,
skid,v,ozabeda,root,
skill,n,arumuse,root,
skillet,n,granamo,root,
skin/hide,n,zazoru,root,
skin,n,ohyohe,root,
skin,v,jietema,root,
skinny,adj,ojipsi,root,
skirmish,n,yawomat,root,
skirt,n,fumasum,root,
skull,n,uda,root,
sky,n,cum,root,
slab,n,wataki,root,
slack,n,hohyuda,root,
slant,n,nasupyu,root,
slash,v,tazuseg,root,
slate,n,futtech,root,
slaughter,v,auwo,root,
sleek,adj,ozude,root,
sleep,n,hinai,root,
sleep,v,nuru,root,
sleeping furs,n,byurumy,root,
slender,adj,monheji,root,
slice,n,hodopya,root,
slide,v,uzetsu,root,
slim (of a person),adj,nakinas,root,
sling,n,wamyuma,root,
slip,v,ozakiz,root,
slipper,n,nifuhah,root,
slit,n,cilichu,root,
slogan,n,kossi,root,
slope,n,gahyozo,root,
slow,adj,nyoku,root,
slowness,n,woa,root,
slump,v,naran,root,
smack,v,wochito,root,
small,adj,dafus,root,
smart,adj,libawo,root,
smash,v,mita,root,
smell (emit odor),v,gyode,root,
smell (sense with nose),v,dasaruh,root,
smile,v,nimasuc,root,
smirk,v,anairyu,root,
smite,v,ozusanu,root,
smoke,n,goseya,root,
smoking,adj,ogobim,root,
smooth,adj,wad,root,
smuggle,v,monbyos,root,
snack,n,dani,root,
snail,n,eyujiwo,root,
snake,n,shau,root,
snap,v,derequa,root,
snares,n,jijocho,root,
snatch,v,monodat,root,
sneak,v,nultiom,root,
sneeze,v,myunsoo,root,
sniff,v,eni,root,
snow,n,hinuzoo,root,
so,adv,darimum,root,
soap,n,ohote,root,
soar,v,wahagya,root,
sob,v,ryaheru,root,
sober,adj,ryopyaj,root,
social,adj,mozutor,root,
society,n,oddama,root,
sock,n,wonatte,root,
sofa,n,myano,root,
soft,adj,oejiyo,root,
soil,n,aromasu,root,
soldier,n,jiheyar,root,
sole,adj,omede,root,
solo,n,gozatt,root,
somebody,pron,nedanar,root,
somehow,adv,wokuru,root,
someone,pron,samasi,root,
something,pron,ciara,root,
sometimes,adv,gozeed,root,
somewhat,adv,enmashi,root,
somewhere,adv,doru,root,
son,n,fune,root,
song,n,inataka,root,
soon,adv,chon,root,
sophisticated,adj,ojinat,root,
sorcerer,n,ukinaki,root,
sorceress,n,yazemas,root,
sorceries,n,hezemas,root,
sore,adj,zofushi,root,
sorrow,n,zasutte,root,
sort,v,nakyuji,root,
soul,n,nyuga,root,
sound,n,eomasu,root,
soup,n,nyasu,root,
sour,adj,musi,root,
source,n,desesu,root,
south,n,jiyuzab,root,
souvenir,n,towa,root,
sovereign,n,zuheazo,root,
spa,n,shitter,root,
space (outer),n,sonru,root,
space (room),n,yoso,root,
spade,n,onu,root,
span,n,byai,root,
spare,adj,higyatt,root,
spark,n,cibu,root,
spawn,v,yomyoch,root,
speak,v,datakyo,root,
speaking,n,mijulli,root,
spear,n,deta,root,
special,adj,jade,root,
specialist,n,hoheru,root,
specialty,n,are,root,
species,n,seru,root,
specific,adj,upimasu,root,
specimen,n,zam,root,
spectacle,n,anaruho,root,
spectacles/glasses,n,owochi,root,
spectate,v,nefuruh,root,
spectrum,n,kotoheh,root,
speculate,v,chaboke,root,
speed,n,doga,root,
spell (of magic),n,desoshi,root,
spell (of time),n,nariman,root,
spell,n,naridas,root,
spell,v,wanarep,root,
spend,v,zedata,root,
sphere,n,jimasud,root,
sphinx,n,tegyohe,root,
spice,n,arono,root,
spider,n,tachujo,root,
spike,n,ishito,root,
spill,v,gohasu,root,
spin,v,kyoja,root,
spinach,n,kotemas,root,
spindle,n,anazopa,root,
spine,n,modemas,root,
spirit,n,moshi,root,
spit,v,nyum,root,
splash,v,jimasho,root,
split,v,debomo,root,
spoil,v,hine,root,
sponge,n,chitia,root,
sponsor,v,ahochit,root,
spontaneous,adj,isoshiz,root,
spook,v,hanatta,root,
spoon,n,tonmasu,root,
sport,n,goezuz,root,
spot,v,nette,root,
spray,v,venyo,root,
spread,v,heatte,root,
spring (coil),n,zakinai,root,
spring (season),n,fupesu,root,
spring,v,deo,root,
sprout,v,zofurui,root,
spruce,n,hyam,root,
spur,n,fuhodo,root,
spy,n,yozuru,root,
spyglass,n,ojidar,root,
squad,n,anduo,root,
square,n,ryozott,root,
squash,n,hyubyap,root,
squash,v,utta,root,
squat,v,odara,root,
squeeze,v,aaezune,root,
squid,n,zebaya,root,
squint,v,kotau,root,
squirrel,n,boke,root,
stab,v,reyukya,root,
stable,adj,payoto,root,
stack,v,deshuze,root,
staff,n,chitoku,root,
stag,n,kenchum,root,
stage,n,temyoto,root,
stain,v,sohesu,root,
stake,n,yuyakin,root,
stalemate,n,yosa,root,
stalk,v,varu,root,
stall,n,gose,root,
stall,v,tattend,root,
stamp,v,bokemam,root,
stand,n,rono,root,
stand,v,deseruh,root,
standard,adj,okono,root,
standard,n,myuzuyo,root,
staple,n,para,root,
star,n,yamyoyo,root,
stare,v,yuno,root,
stark,adj,usus,root,
stars,n,itanaru,root,
start,v,gyaaku,root,
startle,v,tototoh,root,
starve,v,aridatt,root,
state,n,akinai,root,
state,v,dayu,root,
static,adj,dapi,root,
station,n,myoso,root,
statistic,n,oopyom,root,
staves,n,kande,root,
stay,n,baya,root,
stay,v,hyupyur,root,
steak,n,zumasho,root,
steal,v,jizuhoh,root,
steam,n,wagyozu,root,
steel,n,hanyoma,root,
steep,adj,osoheg,root,
stem,n,uoing,root,
step,v,yinze,root,
stereotype,n,setta,root,
stew,n,mojiru,root,
stick (of wood),n,dofesu,root,
stick,v,chipiru,root,
sticky,adj,nodasu,root,
stiff,adj,nipya,root,
still,adv,daseta,root,
stir,v,hoguta,root,
stitch,n,wosenta,root,
stitch,v,gokina,root,
stock,n,araba,root,
stoke,v,karipyu,root,
stomach,n,narota,root,
stone,n,jija,root,
stool,n,wodawob,root,
stop,v,anato,root,
store,n,odonai,root,
storm,n,neda,root,
"story, narrative",n,nyomyo,root,
stout,adj,kagyuma,root,
stout,n,jitumas,root,
straight,adj,desan,root,
straight,n,wahedat,root,
straighten,v,byuugid,root,
strand,n,byantan,root,
strange,adj,zudesu,root,
strap,n,pyuzahe,root,
strategy,n,acha,root,
straw,n,desujar,root,
strawberry,n,inarano,root,
streak,n,tsuyu,root,
stream,n,wattebu,root,
street,n,oromas,root,
stress,v,nishund,root,
stretch,v,quedesu,root,
stride,n,shitorp,root,
string,n,zupyoch,root,
strip,n,jadasic,root,
strip,v,yusotah,root,
stripe,n,sute,root,
strike,v,chin,root,
strive,v,comasu,root,
stroke,v,katques,root,
stroll,v,pun,root,
strong,adj,temashi,root,
structure,n,kosu,root,
struggle,n,gobusu,root,
stubborn,adj,woya,root,
student,n,komuyus,root,
study,v,gahekya,root,
stuff,n,gyunnai,root,
stumble,v,poc,root,
stump,n,woshito,root,
stun,v,hega,root,
stunning,adj,uyo,root,
stupid,adj,viso,root,
sturdy,adj,ochodo,root,
style,n,atahoya,root,
stylus,n,aronare,root,
subject,n,hemasha,root,
subjective,adj,apyogyo,root,
subsidize,v,nijirya,root,
substantial,adj,gyanara,root,
substitute,v,seda,root,
subtle,adj,zuiso,root,
suburb,n,jozukin,root,
success,n,waho,root,
succession,n,haryum,root,
succubi,n,egyoyay,root,
such,det,opyac,root,
suck,v,unzu,root,
sudden,adj,hede,root,
sudden,adv,yopyomy,root,
sufficient,adj,myuryo,root,
sugar,n,desomas,root,
suggest,v,yoru,root,
suitcase,n,myamasu,root,
sum,n,otasuji,root,
summary,n,chunyaw,root,
summer,n,dantaru,root,
summon,v,gouzam,root,
summoning,n,karono,root,
sun,n,woiga,root,
sundial,n,ine,root,
sunflower,n,yinyaha,root,
superb,adj,jimashi,root,
supernatural,adj,kopyoyo,root,
supernatural,n,demya,root,
supervise,v,hyuso,root,
supervisor,n,hodapya,root,
supplement,v,ryawa,root,
supplication,n,chitoma,root,
supply,n,sou,root,
support,v,mowikot,root,
suppress,v,jorimas,root,
surcoat,n,eijudes,root,
sure,adj,zawo,root,
surf,n,wowamas,root,
surface,n,datta,root,
surge,n,odot,root,
surgery,n,jisoyur,root,
surpass,v,tangeho,root,
surplus,n,sezuyan,root,
surprise,v,hosa,root,
surrender,v,cividar,root,
surround,v,hyuyu,root,
survive,v,inaryok,root,
suspect,n,tano,root,
suspicious,adj,hehyuma,root,
sustain,v,zukyono,root,
swallow,v,oyua,root,
swamp,n,zua,root,
swan,n,tawa,root,
swarm,n,gyabush,root,
sway,v,ryogiru,root,
sweat,v,zemasi,root,
sweater,n,izedem,root,
sweep,v,inatsu,root,
sweet potato,n,byautog,root,
sweet,adj,niuso,root,
sweeten,v,nonobaj,root,
sweetheart,n,quibuin,root,
swift,adj,zumyuma,root,
swim,v,wohekin,root,
swing,v,dafuto,root,
swipe,v,myakutt,root,
swirl,v,kyoshi,root,
switch,n,judesu,root,
sword,n,jibyo,root,
symbol,n,jizuyoz,root,
sympathy,n,ganaku,root,
syrup,n,chitasi,root,
system,n,nakinch,root,
tab,n,zebitte,root,
table,n,nidasu,root,
tablet,n,deshits,root,
tabor,n,pitozem,root,
tackle,v,dezemas,root,
tactical,adj,qia,root,
tactile,adj,yachosh,root,
tag,n,iwa,root,
tail,n,nenyoma,root,
tailor,n,hodum,root,
take out,v,sanmasu,root,
take,v,woide,root,
talent,n,yoni,root,
talisman,n,osamasu,root,
talk,v,obya,root,
tall,adj,kottaki,root,
tallow,n,casu,root,
tambourine,n,fuma,root,
tan,adj,nyonsem,root,
tan,v,iboku,root,
tangible,adj,gogem,root,
tangle,n,chuju,root,
tangle,v,gohende,root,
tankard,n,futara,root,
tantra,n,yatakar,root,
tap,n,pubyata,root,
tap,v,narimuh,root,
tapestry,n,nutteta,root,
target,n,owatak,root,
tariff,n,gyowa,root,
tarnish,n,ihamasu,root,
tarot,n,zem,root,
tarp,n,aran,root,
tart,n,otakyo,root,
taste,v,nissuji,root,
tattoo,n,modomyo,root,
taupe,adj,dahezoy,root,
tax,n,shid,root,
taxi,n,funzuda,root,
tea,n,nyatted,root,
teach,v,moshoky,root,
team,n,myai,root,
teapot,n,wonwo,root,
tear,n,monakin,root,
tease,v,shusu,root,
technical,adj,arugonp,root,
technology,n,narimpo,root,
teenager,n,nyozode,root,
telekinesis,n,pyudo,root,
telekinetic,adj,hohahom,root,
telepathy,n,izopyun,root,
telescope,n,lua,root,
tell,v,zuzushi,root,
temper,n,gyomyur,root,
temperature,n,num,root,
temple,n,ehomasi,root,
temporary,adj,onenai,root,
tempt,v,nakuyor,root,
ten,num,datimas,root,
tenant,n,rimemas,root,
tense,adj,shopopy,root,
tension,n,hanmasu,root,
tent,n,zhuuru,root,
term,n,gyurosu,root,
terminate,v,hente,root,
terrace,n,ariboky,root,
terrain,n,hyunbyu,root,
terrible,adj,gan,root,
territory,n,anaoru,root,
terror,n,jisomas,root,
test,v,jujibya,root,
testify,v,nitasu,root,
text,n,anakiny,root,
textile,n,yodants,root,
than,conj,osa,root,
thank,v,hyotsu,root,
that,adv,okinma,root,
that,conj,shondas,root,
that,det,sooso,root,
thaumaturgie,n,piru,root,
thaumaturgy,n,gemasu,root,
the,art,wamasi,root,
their,pron,desuzeg,root,
them,pron,mododar,root,
then,adv,qiamasu,root,
theology,n,byueru,root,
theory,n,wakiho,root,
therapy,n,bimasun,root,
there,adv,busekot,root,
therefore,adv,quoto,root,
these,det,haku,root,
thesis,n,kotatta,root,
theurgy,n,yohode,root,
they,pron,behazun,root,
thick,adj,niqui,root,
thigh,n,naranat,root,
thin (of an object),adj,pimum,root,
thin,adj,hemidan,root,
thing,n,kotarum,root,
think,v,woyadaz,root,
third,adv,dayozeb,root,
thirsty,adj,wantter,root,
thirteen,num,akin,root,
this,det,jigoby,root,
thorn,n,pyujind,root,
thorns,n,ozumae,root,
thorough,adj,najisut,root,
those,det,sakyuma,root,
though,conj,adono,root,
thousand,num,rimasuj,root,
thread,n,intausu,root,
threat,n,datteyu,root,
three,num,yomemas,root,
thrill,v,zusatar,root,
throat,n,womamas,root,
throne,n,oyofu,root,
through,prep,soota,root,
throughout,prep,zucho,root,
throw,v,monarya,root,
thrust,v,keyo,root,
thumb,n,monpyun,root,
thump,v,raya,root,
thunder,n,deseo,root,
thus,adv,danatta,root,
thyme,n,soyari,root,
tick,v,kotasuz,root,
ticket,n,wochitt,root,
tide,n,zudatte,root,
tie,n,byoji,root,
tie,v,sedomas,root,
tiger,n,naratte,root,
tight,adj,genarim,root,
till,prep,yontema,root,
tilt,v,shisqui,root,
time,n,bokyosu,root,
tin (box),n,dachufu,root,
tin,n,zuruhob,root,
tinderbox,n,fuhodon,root,
tired,adj,pide,root,
title,n,zhei,root,
to him/her/it,pron,bamasa,root,
to me,pron,kyuchud,root,
to them,pron,jihebau,root,
to us,pron,aronari,root,
to you (pl.),pron,omu,root,
to you,pron,gyundes,root,
to,prep,pyanmas,root,
toad,n,kotatas,root,
toast,n,tehotan,root,
tobacco,n,niryuya,root,
today,adv,zunatte,root,
toddler,n,lebrano,root,
toe,n,gomyah,root,
together,adv,zan,root,
toilet,n,haanhya,root,
toilet perfume,n,desumya,root,
tolerate,v,solumas,root,
tomato,n,osakyar,root,
tomb,n,misa,root,
tomorrow,adv,chatte,root,
tongs,n,modadan,root,
tongue,n,nakinyu,root,
tonight,adv,kyunaki,root,
too,adv,bomasu,root,
tool,n,hewata,root,
tooth,n,pyotuma,root,
top,n,odesu,root,
topic,n,goyahab,root,
topple,v,zomesu,root,
torch,n,monyoma,root,
tornado,n,hihono,root,
torso,n,karbete,root,
torture,v,nakinsh,root,
toss,v,zachuma,root,
total,n,shoo,root,
totem,n,geni,root,
touch,v,zui,root,
tour,n,ilionon,root,
tourist,n,shazush,root,
tourney,n,boade,root,
toward,prep,oesu,root,
towel,n,oazuto,root,
tower,n,adatte,root,
town,n,gudesu,root,
toy,n,hepopyu,root,
track,n,zadasu,root,
tracking,n,uto,root,
trade,n,yuho,root,
tradition,n,zhito,root,
trail,n,yubyatt,root,
trailer,n,eruhaya,root,
train,v,dotsu,root,
trance,n,wosetsu,root,
tranquil,adj,oru,root,
transcend,v,sattema,root,
transcript,n,sabyowa,root,
transfer,v,jirant,root,
transformation,n,ryoya,root,
transition,n,ome,root,
translate,v,natteji,root,
transmutation,n,pyaaru,root,
transmute,v,ryazepu,root,
transparent,adj,areu,root,
transplant,n,lishita,root,
transport,n,wachu,root,
trap,n,tara,root,
trash,n,aete,root,
trauma,n,warofuk,root,
travel,v,ryarasu,root,
tray,n,ansaett,root,
tread,v,daroo,root,
treason,n,hezajig,root,
treasure/wealth,n,yudenda,root,
treat,v,chibuju,root,
trebuchet,n,yohazes,root,
tree,n,hande,root,
tremble,v,seadesu,root,
tremor,n,jirimas,root,
trench,n,fuzenyu,root,
trencher,n,kareusi,root,
trial,n,goroo,root,
triangle,n,sojatas,root,
tribunal,n,mute,root,
tribute,n,nos,root,
trick,v,kis,root,
trident,n,cumyon,root,
trigger,n,gyayafu,root,
trim,n,wazawo,root,
trip,n,zezuchi,root,
trip,v,kahagyo,root,
triple,adj,ryage,root,
tripod,n,zeumue,root,
trivia,n,fusokum,root,
troll,n,daputte,root,
trophy,n,zunuita,root,
tropical,adj,nakyapo,root,
"troubador, bard",n,monatar,root,
trouble,n,dit,root,
trousers,n,hyukipy,root,
trout,n,yutsu,root,
trumpet,n,ohebuj,root,
trumpet,v,gette,root,
trunk,n,omono,root,
try,v,waji,root,
tub,n,paatta,root,
tug,v,shokets,root,
tuition,n,gotsu,root,
tulwar,n,wobyohe,root,
tumble,v,zohyazu,root,
tuna,n,chuze,root,
tunic,n,kanakip,root,
tunnel,n,hamashi,root,
tunneling,n,ohatari,root,
turf,n,nibus,root,
turkey,n,ihimas,root,
turmoil,n,wose,root,
turn [sth.] on,v,bubised,root,
turn,v,attazun,root,
turnip,n,hyude,root,
turtle,n,yuha,root,
tusk,n,jibokuj,root,
tweak,v,oseeus,root,
twelve,num,hadodo,root,
twenty,num,keni,root,
twilight,n,momasub,root,
twine,n,geng,root,
twist,v,juja,root,
twisted,adj,karanba,root,
twitch,v,osem,root,
two-handed sword,n,samasho,root,
two,num,dedarom,root,
type,n,deijuge,root,
ugly,adj,guono,root,
ultramarine,adj,denyude,root,
umbrella,n,kachita,root,
unborn,adj,yahem,root,
uncle,n,zesette,root,
uncover,v,opyuma,root,
undead,adj,azudats,root,
undead,n,chichaj,root,
under,prep,wattei,root,
underscore,v,gupyo,root,
understand,v,ozugyam,root,
underwear,n,shienhe,root,
unfortunate,adj,noto,root,
unicorn,n,homang,root,
uniform,n,myaopya,root,
unit,n,aribyop,root,
unity,n,chitta,root,
universe,n,soryaji,root,
university,n,izumono,root,
unless,conj,wogyude,root,
unlock,v,sokesu,root,
unseen,adj,aryosat,root,
untie,v,odatar,root,
until,conj,judoc,root,
unwell,adj,antedes,root,
up,adv,narabel,root,
update,n,byajima,root,
upon,prep,omyoby,root,
upper class,n,bamasub,root,
upset,adj,zuptuso,root,
urge,n,hattafu,root,
urgent,adj,doadasu,root,
urine,n,mongya,root,
urn,n,yozuoru,root,
us,pron,hemashi,root,
use,v,hitoru,root,
useful,adj,pyayata,root,
usher,v,karito,root,
using,v,hatased,root,
usually,adv,zahoza,root,
vacant,adj,degyo,root,
vacation,n,fubito,root,
vagina,n,zarayut,root,
vague,adj,debyoda,root,
valet,n,wogyuyu,root,
valid,adj,yaroo,root,
validate,v,gyamo,root,
valley,n,dos,root,
value,n,quodo,root,
valve,n,zarota,root,
vampire,n,damasi,root,
vanilla,n,shamasi,root,
vapor,n,jont,root,
variable,n,wakinai,root,
various,adj,ochitte,root,
vary,v,nattese,root,
vase,n,kyosu,root,
vassal,n,kyajiwo,root,
veal,n,hyubyuj,root,
vegetable,n,wazumas,root,
vehicle,n,deshaji,root,
veil,n,kyoeuzo,root,
vein,n,nimiuya,root,
vellum,n,gyazuhy,root,
velocity,n,honbyu,root,
velvet,n,kariant,root,
veneer,n,zupimas,root,
venison,n,domyu,root,
venom,n,jayo,root,
vent,n,yumaso,root,
ventriloquism,n,yamasi,root,
venue,n,pis,root,
veranda,n,watudo,root,
verge,n,dattenz,root,
verify,v,kmasu,root,
verse,n,otta,root,
versus,prep,sohya,root,
vertical,adj,kyani,root,
very,adv,wazun,root,
vest,n,byopatt,root,
veteran,n,wohegya,root,
veto,v,byoguno,root,
via,prep,rimashu,root,
viable,adj,kanahet,root,
vial,n,naranya,root,
vibrant,adj,naryoa,root,
vibrate,v,patosu,root,
vicious,adj,popemyu,root,
victim,n,damanai,root,
victory,n,yuku,root,
view,n,zuhoyod,root,
vigorous,adj,komakin,root,
village,n,saja,root,
villain,n,nakinma,root,
vindicate,v,ryuchim,root,
vine,n,zudicen,root,
vinegar,n,hodatak,root,
vintage,n,yujudar,root,
viol,n,rimuzua,root,
violate,v,ehowo,root,
violent,adj,mochoru,root,
violin,n,kyure,root,
virility,n,chouja,root,
visa,n,ohyu,root,
vision,n,hyobyod,root,
visit,v,adattau,root,
visitation,n,fere,root,
visual,adj,utte,root,
vivid,adj,jichatt,root,
vocabulary,n,hezenai,root,
voice,n,yawa,root,
void,n,jaozu,root,
volatile,adj,aribyum,root,
volcano,n,yaeru,root,
vole,n,hyohasu,root,
volume,n,kottara,root,
volunteer,v,fue,root,
vomit,v,podatsu,root,
vortex,n,kes,root,
vote,v,destuna,root,
voucher,n,yutemas,root,
vow,v,buru,root,
voyage,n,shod,root,
vulgar,adj,lutta,root,
vulture,n,heeruyu,root,
wacky,adj,deshifu,root,
wade,v,zahochi,root,
wage,n,shiamas,root,
wagon,n,watarim,root,
waist,n,kyachod,root,
wait,v,sosaze,root,
waiter,n,kanaroo,root,
wake,v,nakisu,root,
walk,v,pere,root,
walking,n,hyojapy,root,
wall,n,geroo,root,
wallet,n,bunkoto,root,
walnut,n,arte,root,
wand,n,myanara,root,
wander,v,osali,root,
wands,n,dasutte,root,
want,v,zezofer,root,
war,n,goge,root,
ward,n,jifuido,root,
ward,v,nede,root,
warding,n,gyagom,root,
wardrobe,n,jiete,root,
wardship,n,otafun,root,
warhammer,n,jano,root,
warlock,n,hosepis,root,
warm,adj,judata,root,
warn,v,gohahe,root,
warping,v,mona,root,
warrant,n,myuzoto,root,
wary,adj,antte,root,
wash,v,nen,root,
waste,v,tohedas,root,
wasting,n,zunshin,root,
watch,v,bokyofu,root,
water,n,ojushi,root,
watercress,n,shinjim,root,
waterfall,n,gochi,root,
waterskin,n,harapon,root,
wave (ocean),n,dobenky,root,
wave (salutation),v,gonai,root,
wave,n,hehazom,root,
wax,n,ibuide,root,
waxed,adj,anaran,root,
way,n,sorimar,root,
we,pron,zumasi,root,
weak,adj,monarim,root,
wealth,n,hejuse,root,
wealthy,adj,wopetsu,root,
weapon,n,atakidi,root,
wear,v,zanaki,root,
weasel,n,geyuhoy,root,
weather,n,nyojina,root,
weave,n,jomasu,root,
web,n,yaa,root,
wedding,n,kotoamu,root,
wedge,n,autara,root,
week,n,kisonpy,root,
weep,v,hetade,root,
weight,n,naranma,root,
welcome,interj,gyukyu,root,
well,adv,homyama,root,
well,interj,monmasi,root,
well,n,zahyu,root,
were-creature,n,kyuhyo,root,
west,n,modaryo,root,
wet,adj,deshina,root,
whale,n,kudeema,root,
what,det,shiryuz,root,
whatever,det,kotohe,root,
wheat,n,kazu,root,
wheel,n,deshama,root,
wheelbarrow,n,nenyoso,root,
when,conj,gyoyazo,root,
where,adv,sajis,root,
whether,conj,shii,root,
whey,n,gopya,root,
which,det,kamasi,root,
while,conj,shihyot,root,
whimsical,adj,moo,root,
whine,v,kotasuo,root,
whip,n,jissena,root,
whirlwind,n,nayojih,root,
whisk,v,pre,root,
whiskey,n,soyuzar,root,
whisper,v,fludo,root,
whistle,n,tohamer,root,
whistle,v,zuno,root,
white,adj,yasuito,root,
whitewash,n,henkasu,root,
who,pron,ora,root,
whole wheat,adj,ogyasu,root,
whole,adj,karange,root,
wholesome,adj,ryomasu,root,
whore,n,yinatte,root,
whose,det,yua,root,
why,adv,gosade,root,
wide,adj,amasoto,root,
widow,n,otono,root,
wield,v,zensonu,root,
wife,n,ande,root,
wild boar,n,suzames,root,
wilderness,n,uettepy,root,
wildlife,n,ukyuyup,root,
will,n,hantta,root,
will,v,zahyada,root,
wilt,v,abe,root,
win,v,dasopyo,root,
wind,n,isen,root,
wind,v,sedesse,root,
window,n,goado,root,
wine,n,hodomyu,root,
wineskin,n,hyuruhe,root,
wing,n,nawo,root,
wink,v,dattega,root,
winter,n,pepyahe,root,
wire,n,hahyuta,root,
wise,adj,gyaa,root,
wish,n,todasha,root,
wisteria,n,sad,root,
wit,n,esoha,root,
witch,n,sahezu,root,
with,prep,onyu,root,
withdraw,v,shifudi,root,
within,prep,nam,root,
without,prep,fuchuji,root,
withstand,v,karitop,root,
witness,v,kotogih,root,
wolf,n,wosete,root,
woman,n,wanyo,root,
wonder,v,utenuma,root,
wonderful,adj,sechuma,root,
wood-axe,n,mononai,root,
wood-chisel,n,dohe,root,
wood-drill,n,hiyuhoh,root,
wood,n,wohehem,root,
wool,n,tsun,root,
word,n,inzo,root,
work,v,nakiwa,root,
workshop,n,rofudiu,root,
world,n,shitte,root,
worm,n,hyuzuru,root,
worry,v,oseent,root,
worship,v,zaku,root,
worth,adj,otoidot,root,
worthy,adj,chitajo,root,
would,v,gutsu,root,
wound,n,koyushi,root,
wraith,n,nipi,root,
wrap,v,deryuzo,root,
wreck,v,wade,root,
wrestle,v,jasuhya,root,
wrinkle,n,hodoru,root,
wrist,n,wakyunt,root,
write,v,kyuhasu,root,
writhe,v,sohewo,root,
writing,n,anzera,root,
wrong,adj,hentaza,root,
wyvern,n,hade,root,
yacht,n,tetent,root,
yank,v,higo,root,
yardstick,n,ryuzaby,root,
yawn,n,megya,root,
year,n,bemasod,root,
yell,v,wapyuke,root,
yellow,adj,odamas,root,
yes,interj,nusajud,root,
yesterday,adv,woshoju,root,
yet,adv,nerette,root,
yogurt,n,monum,root,
you (object pl.),pron,minaru,root,
you (subject pl.),pron,anyafud,root,
you,pron,nyunru,root,
young,adj,woshonk,root,
yours (pl.),pron,funzema,root,
yours,pron,aryuzem,root,
zero,num,daburu,root,
zil,n,osaran,root,
zither,n,darehon,root,
zombie,n,omonso,root,
zoo,n,monu,root,
false,adj,seshiji,root,
true,adj,aranta,root,
leader,n,daiwoer,derived,lead-DOER
silver,adj,perimasdar,derived,silver-HAVING.QUALITY.OF
ability,n,datsude,derived,able-ACT.OF
absence,n,shazogni,derived,absen-QUALITY.OF.BEING
absent,adj,azognidar,derived,absen-HAVING.QUALITY.OF
absorb,v,jisebyo,derived,NOUN.TO.VERB-absorption
academic,adj,fpugohe,derived,academy-RELATING.TO
accompany,v,unarawa,derived,company-TO.CREATE
accountant,n,zoshier,derived,account-DOER
addict,n,shsemasu,derived,addicted-QUALITY.OF.BEING
agreement,n,daide,derived,agree-ACT.OF
alchemist,n,etsunbyer,derived,alchemy-DOER
analysis,n,aruhodode,derived,analyze-ACT.OF
anger,n,shyadwa,derived,angry-TO.CREATE-QUALITY.OF.BEING
anxiety,n,shwattewa,derived,anxious-TO.CREATE-QUALITY.OF.BEING
apothecary,n,heshido,derived,drug-PLACE.OF
archer,n,somasuoer,derived,arrow-DOER
argument,n,cogide,derived,argue-ACT.OF
armorer,n,kyaer,derived,armor-DOER
armorer’s hammer,n,kyaerheyomas,derived,armorer-hammer
armory,n,atakidido,derived,weapon-PLACE.OF
arrival,n,wadode,derived,arrive-ACT.OF
artist,n,arimasuer,derived,art-DOER
assassin,n,akuer,derived,assassinate-DOER
astral plane,n,kotterudo,derived,astral-PLACE.OF
astral projection,n,shkotteru,derived,astral-QUALITY.OF.BEING
astrologer,n,hyasuer,derived,astrology-DOER
astrologer,n,hyasuer,derived,astrology-DOER
attack,v,adeji,derived,attack-NOUN.TO.VERB
author,n,kyuhasuer,derived,write-DOER
bakery,n,datarimdo,derived,bake-PLACE.OF
balance,v,hezazuoji,derived,balance-NOUN.TO.VERB
bastard sword,n,ogetiademasu,derived,bastard-blade-DIM
battle axe,n,shabaoademasu,derived,battle-blade-AUG
bead,v,uugeji,derived,bead-NOUN.TO.VERB
beauty,n,shgosegowa,derived,beautiful-TO.CREATE-QUALITY.OF.BEING
bed hangings,n,jiorumannai,derived,bed-decoration
behavior,n,anojode,derived,behave (act)-ACT.OF
belief,n,kyamaside,derived,believe-ACT.OF
bleached,adj,shguhodod,derived,bleach-QUALITY.OF.BEING
blessing,n,kosada,derived,bless-VERB.TO.NOUN
block,v,ojokuji,derived,block-NOUN.TO.VERB
bloody,adj,fjishata,derived,blood-RELATING.TO
blossom,v,hezoji,derived,blossom-NOUN.TO.VERB
bodkin,n,ogademasu,derived,blade-DIM
bracelet,n,ogjanyute,derived,bracer-DIM
braid,v,sosesuji,derived,braid-NOUN.TO.VERB
breed,v,shoryunji,derived,breed-NOUN.TO.VERB
bribe,v,netaji,derived,bribe-NOUN.TO.VERB
broken,adj,zanyattem,derived,break-RESULT.OF.DOING
bronze,adj,zujidar,derived,bronze-HAVING.QUALITY.OF
brush,v,ataji,derived,brush-NOUN.TO.VERB
bump,v,liatamaji,derived,bump-NOUN.TO.VERB
burn,v,gotasuyji,derived,burn-NOUN.TO.VERB
burp,n,poshide,derived,burp-ACT.OF
cafe,n,nyattedo,derived,tea-PLACE.OF
caller,n,zenoer,derived,call-DOER
camp,v,ettasuji,derived,camp-NOUN.TO.VERB
canonical,adj,refusezdar,derived,canon (law)-HAVING.QUALITY.OF
cantrip,n,ognaridas,derived,spell-DIM
captain,n,nyuhazadaiwoer,derived,cohort-leader
careful,adj,zaenhe,derived,care-RESULT.OF.DOING
central,adj,fkonyu,derived,center-RELATING.TO
ceremonial,adj,fchipyom,derived,ceremony-RELATING.TO
charge,v,yuzomasji,derived,charge-NOUN.TO.VERB
chef,n,dadaruer,derived,cook-DOER
cherry-blossom,n,ogattasuwajirim,derived,cherry-flower-DIM
chestnut,adj,gogurdar,derived,chestnut-HAVING.QUALITY.OF
choice,n,gujiyurde,derived,choose-ACT.OF
clearly,adv,sagumasts,derived,clear-ADVERB
clove,adj,xiamasudar,derived,clove-HAVING.QUALITY.OF
comb,v,kyunji,derived,comb-NOUN.TO.VERB
commander,n,unaradaiwoer,derived,company-leader
competition,n,dzosomas,derived,compete-VERB.TO.NOUN
confidence,n,shgyazezuwa,derived,confident-TO.CREATE-QUALITY.OF.BEING
copper,adj,mebawadar,derived,copper-HAVING.QUALITY.OF
corporal,n,opyaazdaiwoer,derived,four-leader
craft,v,myooji,derived,craft-NOUN.TO.VERB
criminal,adj,fadasu,derived,crime-RELATING.TO
curse,v,sedeji,derived,curse-NOUN.TO.VERB
cut,v,ubamonoji,derived,cut-NOUN.TO.VERB
dance,v,gozoruhji,derived,dance-NOUN.TO.VERB
dancer,n,gozoruhjier,derived,dance:v-DOER
dangerous,adj,fzapyade,derived,danger-RELATING.TO
dark,adj,moheryu,derived,dark-HAVING.QUALITY.OF
darkness,n,shfusewa,derived,dark-TO.CREATE-QUALITY.OF.BEING
dart,v,yahyuji,derived,dart-NOUN.TO.VERB
dealer,n,autakinr,derived,deal-DOER
death,n,ryontade,derived,die-ACT.OF
deathcurse,n,ryontadesede,derived,death-curse
decay,v,anemasuji,derived,decay-NOUN.TO.VERB
decision,n,watanarde,derived,decide-ACT.OF
defense,n,iliamyade,derived,defend-ACT.OF
description,n,judede,derived,describe-ACT.OF
destruction,n,yohodasde,derived,destroy-ACT.OF
development,n,hyopestde,derived,develop-ACT.OF
difference,n,shewowa,derived,different-TO.CREATE-QUALITY.OF.BEING
dirty,adj,kanocho,derived,dirt-RELATING.TO
discovery,n,dashojade,derived,discover-ACT.OF
disguise,v,sodokotji,derived,disguise-NOUN.TO.VERB
distant,adj,fhetta,derived,distance-RELATING.TO
divine,adj,fdezoru,derived,god-RELATING.TO
diviner,n,hazunmaosozojr,derived,future-predict-DOER
division,n,shihehede,derived,divide-ACT.OF
drill,v,deshunnji,derived,drill-NOUN.TO.VERB
drink,v,hohenaiji,derived,drink-NOUN.TO.VERB
driver,n,konaraer,derived,drive-DOER
duel,v,kazuyat,derived,duel-NOUN.TO.VERB
dueling scar,n,ogkazuyathegyasu,derived,duel:v-scar-DIM
duelist,n,kazuyatr,derived,duel:v-DOER
dye,v,muuruji,derived,dye-NOUN.TO.VERB
economic,adj,fsesu,derived,economy-RELATING.TO
election,n,kemasude,derived,elect-ACT.OF
elemental,adj,adfluto,derived,element-RELATING.TO
elemental,n,shazohykanchim,derived,element-magic
emerald,adj,advenardar,derived,emerald-HAVING.QUALITY.OF
emperor,n,komasinaruhohr,derived,empire-rule-DOER
employer,n,onyaer,derived,employ-DOER
enchanted,adj,omyoji,derived,enchant-HAVING.QUALITY.OF
enchantment,n,oni,derived,enchant-VERB.TO.NOUN
"evident, obvious",adj,fjaomasu,derived,evidence-RELATING.TO
evocation,n,dkaritsu,derived,evoke-VERB.TO.NOUN
excitement,n,redazuwde,derived,excite-ACT.OF
expensive,adj,fwohadfi,derived,cost-RELATING.TO
experience,v,reaazapji,derived,experience-NOUN.TO.VERB
explanation,n,soadatade,derived,explain-ACT.OF
failure,n,garyosode,derived,fail-ACT.OF
farmer,n,poruer,derived,farm-DOER
fashionable,adj,fitahi,derived,fashion-RELATING.TO
fat,adj,taranyudar,derived,fat-HAVING.QUALITY.OF
feeling,n,shade,derived,feel-ACT.OF
fertility,n,shyoawa,derived,fertile-TO.CREATE-QUALITY.OF.BEING
fight,v,inakuji,derived,fight-NOUN.TO.VERB
final,adj,zaozupie,derived,finish-RESULT.OF.DOING
fire,v,cipimasji,derived,fire-NOUN.TO.VERB
fit,v,karaeji,derived,fit-NOUN.TO.VERB
flavor,v,zoruhewa,derived,flavor-TO.CREATE
flavorsome,adj,zoruhedar,derived,flavor-HAVING.QUALITY.OF
flight,n,shiroorde,derived,fly-ACT.OF
florist,n,wajirimr,derived,flower-DOER
foreigner,n,kanpyuer,derived,foreign-DOER
forge,v,upubyaji,derived,forge-NOUN.TO.VERB
forgetful,adj,zawoutte,derived,forget-RESULT.OF.DOING
friendly,adj,fwokyury,derived,friend-RELATING.TO
frost,n,nyazemade,derived,freeze-ACT.OF
gardener,n,oiditakr,derived,garden-DOER
general,n,gaidaiwoer,derived,army-leader
glue,v,ichuropji,derived,glue-NOUN.TO.VERB
"godling, demigod",n,ogdezoru,derived,god-DIM
golden,adj,fpyumasu,derived,gold-RELATING.TO
government,n,hyumasude,derived,govern-ACT.OF
government official,n,hyumasuder,derived,government-DOER
graveyard,n,otatado,derived,grave-PLACE.OF
greedy,adj,fpyoasu,derived,greed-RELATING.TO
grill,v,gosuji,derived,grill-NOUN.TO.VERB
grocer,n,wazumasdo,derived,vegetable-PLACE.OF
growth,n,sedebande,derived,grow-ACT.OF
guardian,n,yajotter,derived,guard-DOER
hairy,adj,,derived,hair-RELATING.TO
happiness,n,shjadaroowa,derived,happy-TO.CREATE-QUALITY.OF.BEING
healer,n,himasuer,derived,heal-DOER
healthy,adj,fsoho,derived,health-RELATING.TO
hearing,n,hazurbode,derived,hear-ACT.OF
heat,n,shuyaniwa,derived,hot-TO.CREATE-QUALITY.OF.BEING
homely,adj,fbaozuma,derived,home-RELATING.TO
hunter,n,hozuer,derived,hunt-DOER
identity,n,yapyaide,derived,identify-ACT.OF
idiotic,adj,fdeyuzam,derived,idiot-RELATING.TO
imperial,adj,fkomasi,derived,empire-RELATING.TO
imperial holiday,n,fkomasichipyom,derived,empire-RELATING.TO-ceremony
indenture,v,kyogemywa,derived,indenture-TO.CREATE
indigo,adj,fgoyowo,derived,indigo (plant)-HAVING.QUALITY.OF
indigo,adj,fgoyowo,derived,indigo (plant)-RELATING.TO
industrial,adj,fdan,derived,industry-RELATING.TO
infect,v,zumiji,derived,infection-NOUN.TO.VERB
iron,adj,tottemadar,derived,iron-HAVING.QUALITY.OF
ironic,adj,foizoma,derived,irony-RELATING.TO
keeper,n,arisuer,derived,keep-DOER
killer,n,nemasuer,derived,kill-DOER
kitten,dim,ognulli,derived,cat-DIM
knot,v,zuruwa,derived,knot-TO.CREATE
knowledge,n,chimasude,derived,know-ACT.OF
lawyer,n,detoer,derived,law-DOER
leaden,adj,,derived,lead:n-HAVING.QUALITY.OF
legal,adj,fdeto,derived,law-RELATING.TO
length,n,shzosawa,derived,long-TO.CREATE-QUALITY.OF.BEING
lieutenant general,n,perimasdargaidaiwoer,derived,silver:adj-general
lieutenant,n,bechudadaiwoer,derived,group-leader
locksmith,n,hatachoer,derived,lock-DOER
loss,n,nakizerde,derived,lose-ACT.OF
lover,n,gyusebier,derived,love-DOER
lucky,adj,fhibulic,derived,luck-RELATING.TO
mageking,n,kanchimnaruhohr,derived,magic-rule-DOER
magician,n,kanchimr,derived,magic-DOER
male,adj,sharanedar,derived,male-HAVING.QUALITY.OF
manager,n,desooer,derived,manage-DOER
mansion,n,shzewoja,derived,house-AUG
map,v,rotteruji,derived,map-NOUN.TO.VERB
marshall,n,fpyumasunyuhazadaiwoer,derived,golden:adj-captain
medical,adj,fzote,derived,medicine-RELATING.TO
meeting,n,deshushde,derived,meet-ACT.OF
memory,n,itakinmde,derived,remember-ACT.OF
messy,adj,fxiano,derived,mess-RELATING.TO
metalic,adj,datushodar,derived,metal-HAVING.QUALITY.OF
milk,v,kopateji,derived,milk-NOUN.TO.VERB
mirror,v,jadesuji,derived,mirror-NOUN.TO.VERB
monastery,n,jayohakdo,derived,monk-PLACE.OF
monetary,adj,fhitteru,derived,money-RELATING.TO
movement,n,hade,derived,move-ACT.OF
nail,v,pupurimji,derived,nail-NOUN.TO.VERB
natural,adj,fkasu,derived,nature-RELATING.TO
navigator,n,yajiher,derived,navigate-DOER
navigator,n,yajiher,derived,navigate-DOER
necromancer,n,ryontadekanchimr,derived,death-magic-DOER
nest,v,hozubyaji,derived,nest-NOUN.TO.VERB
offensive,adj,zakyawoky,derived,offend-RESULT.OF.DOING
oil,v,eomisenji,derived,oil-NOUN.TO.VERB
opening,n,myahahe,derived,open-ACT.OF
oral,adj,fkahenar,derived,mouth-RELATING.TO
paganism,n,fdarohan,derived,pagan-RELATING.TO
painful,adj,fhohohod,derived,pain-RELATING.TO
paint,v,kotarimji,derived,paint-NOUN.TO.VERB
painter,n,kotarimjier,derived,paint:v-DOER
painting,n,kotarimde,derived,paint:n-ACT.OF
paste,v,monheiji,derived,paste-NOUN.TO.VERB
peel,v,ubyogyaji,derived,peel-NOUN.TO.VERB
pensive,adj,zawoyadaz,derived,think-RESULT.OF.DOING
perfection,n,shtiattewa,derived,perfect-TO.CREATE-QUALITY.OF.BEING
personal,adj,finasu,derived,person-RELATING.TO
place,v,soiryozji,derived,place-NOUN.TO.VERB
plant,v,pyudeji,derived,plant-NOUN.TO.VERB
pleasure,n,edesude,derived,please-ACT.OF
plough,v,jigoyukji,derived,plough-NOUN.TO.VERB
poet,n,devinjier,derived,poem-DOER
poison,v,nanmasaji,derived,poison-NOUN.TO.VERB
politician,n,hisataer,derived,politics-DOER
possibility,n,shgonowa,derived,possible-TO.CREATE-QUALITY.OF.BEING
powerful,adj,fnakite,derived,power-RELATING.TO
prayer,n,dkyosomy,derived,pray-VERB.TO.NOUN
preparation,n,tsuncho,derived,prepare-ACT.OF
priest-mage,n,binattenattene,derived,holy-mage
"prima noctis, bridal tax",n,nemasuzgohotoshid,derived,baby-lord-tax
prisoner,n,ozusetr,derived,prison-DOER
product,n,gozuntde,derived,produce-ACT.OF
promise,v,gahotatji,derived,promise-NOUN.TO.VERB
proof,n,debyayade,derived,prove-ACT.OF
protection,n,juke,derived,protect-ACT.OF
psychologist,n,viumyamr,derived,psychology-DOER
puppy,n,ogkaho,derived,dog-DIM
quarrel,v,womigyaji,derived,quarrel-NOUN.TO.VERB
quickly,adv,iortiats,derived,quick-ADVERB
race,v,zakinmaji,derived,race-NOUN.TO.VERB
rain,v,hyoeji,derived,rain-NOUN.TO.VERB
recently,adv,sekuts,derived,recent-ADVERB
recognition,n,pebyade,derived,recognize-ACT.OF
record,v,moreji,derived,record-NOUN.TO.VERB
reflection,n,iwoyudede,derived,reflect-ACT.OF
religious,adj,fohomas,derived,religion-RELATING.TO
response,n,sowamasde,derived,respond-ACT.OF
"rich, flavorsome",adj,fzoruhe,derived,flavor-RELATING.TO
"rich, wealthy",adj,fhejuse,derived,wealth-RELATING.TO
"risky, dangerous",adj,fnohoto,derived,risk-RELATING.TO
rose,adj,sazoyozdar,derived,rose-HAVING.QUALITY.OF
ruler,n,naruhohr,derived,rule-DOER
runner,n,sekonoer,derived,run-DOER
rust (colored),adj,ohyuamdar,derived,rust-HAVING.QUALITY.OF
rust,v,ohyuamji,derived,rust-NOUN.TO.VERB
rust,v,ohyuamji,derived,rust:n-NOUN.TO.VERB
sacrifice,v,wogyuudji,derived,sacrifice-NOUN.TO.VERB
sadness,n,shnienhadwa,derived,sad-TO.CREATE-QUALITY.OF.BEING
sailor,n,toseer,derived,sail:v-DOER
salted,adj,dashohedar,derived,salt-HAVING.QUALITY.OF
scholar-mage,n,kanchimomyuda,derived,magic-scholar
scientist,n,nansier,derived,science-DOER
screw,v,tozenji,derived,screw-NOUN.TO.VERB
seer,n,pyuzoer,derived,divination-DOER
sergeant,n,onyosh,derived,ten-leader
service,n,tehofumde,derived,serve-ACT.OF
settlement,n,zhefunhde,derived,settle (land)-ACT.OF
sexy,adj,fohezusa,derived,sex-RELATING.TO
"sickness, disease",n,shituruwa,derived,sick-TO.CREATE-QUALITY.OF.BEING
silence,n,shnatwa,derived,silent-TO.CREATE-QUALITY.OF.BEING
silvered,adj,perimasdardar,derived,silver:adj-HAVING.QUALITY.OF
simply,adv,shitoruts,derived,simple-ADVERB
sing,v,inatakawa,derived,song-TO.CREATE
singer,n,inatakaer,derived,song-DOER
skilled,adj,farumuse,derived,skill-RELATING.TO
slave,n,tehofumr,derived,serve-DOER
smoke,v,goseyaji,derived,smoke-NOUN.TO.VERB
smoked,adj,goseyadar,derived,smoke-HAVING.QUALITY.OF
spelling,n,wanarepde,derived,spell:v-ACT.OF
stable,n,neruhejdo,derived,horse-PLACE.OF
strength,n,shtemashiwa,derived,strong-TO.CREATE-QUALITY.OF.BEING
subtlety,n,shzuisowa,derived,subtle-TO.CREATE-QUALITY.OF.BEING
successful,adj,fwaho,derived,success-RELATING.TO
"suckling pig, piglet",n,oghabyoma,derived,pig-DIM
suddenly,adv,yopyomyts,derived,sudden:adv-ADVERB
suggestion,n,yorude,derived,suggest-ACT.OF
tattoo,v,modomyoji,derived,tattoo-NOUN.TO.VERB
teacher,n,moshokyer,derived,teach-DOER
technological,adj,fnarimpo,derived,technology-RELATING.TO
thief,n,jizuhohr,derived,steal-DOER
thought,n,woyadazde,derived,think-ACT.OF
threaten,v,datteyuji,derived,threat-NOUN.TO.VERB
tin,adj,zuruhobdar,derived,tin-HAVING.QUALITY.OF
trade,v,yuhoji,derived,trade-NOUN.TO.VERB
trader,n,yuhojier,derived,trade:v-DOER
training,n,dotsude,derived,train:v-ACT.OF
treatment,n,chibujude,derived,treat-ACT.OF
troublesome,adj,fdit,derived,trouble-RELATING.TO
truth,n,sharantawa,derived,true-TO.CREATE-QUALITY.OF.BEING
urban,adj,fmekyuju,derived,city-RELATING.TO
vendor,n,coruyoer,derived,sell-DOER
violence,n,shmochoruwa,derived,violent-TO.CREATE-QUALITY.OF.BEING
visitor,n,adattauer,derived,visit-DOER
walnut,adj,artedar,derived,walnut-HAVING.QUALITY.OF
warrior,n,goger,derived,war-DOER
weigh,v,naranmawa,derived,weight-TO.CREATE
width,n,shamasotowa,derived,wide-TO.CREATE-QUALITY.OF.BEING
winery,n,hodomyudo,derived,wine-PLACE.OF
wisteria,adj,sadar,derived,wisteria-HAVING.QUALITY.OF
witchcraft,n,sahezuarimasu,derived,witch-art
witchdoctor,n,sahezuhimasuer,derived,witch-heal-DOER
witchfinder,n,sahezuheyomasr,derived,witch-hammer-DOER
wizard,n,gyaakanchimr,derived,wise-magic-DOER
wooden,adj,fwohehem,derived,wood-RELATING.TO
woolen,adj,ftsun,derived,wool-RELATING.TO
"worker, employee",n,nakiwaer,derived,work-DOER
writer,n,kyuhasuer,derived,write-DOER
youth,n,shwoshonkwa,derived,young-TO.CREATE-QUALITY.OF.BEING
