English,POS,Lemma,Feature,Form
abandon,v,koto,indicative.present.3sg,koto
abandon,v,koto,imperative.present.3sg,kotoa
abandon,v,koto,subjunctive.present.3sg,kotopo
abandon,v,koto,conditional.present.3sg,kotod
able,adj,datsu,positive,datsu
able,adj,datsu,comparative,zon datsu
able,adj,datsu,superlative,yafuntt datsu
abolish,v,qui,indicative.present.3sg,qui
abolish,v,qui,imperative.present.3sg,quia
abolish,v,qui,subjunctive.present.3sg,quipo
abolish,v,qui,conditional.present.3sg,quid
absorption,n,sebyo,singular.nominative,sebyo
absorption,n,sebyo,singular.accusative,idasebyo
absorption,n,sebyo,singular.genitive,gasebyo
absorption,n,sebyo,singular.dative,sebyohi
absurd,adj,monto,positive,monto
absurd,adj,monto,comparative,zon monto
absurd,adj,monto,superlative,yafuntt monto
abundant,adj,womasuh,positive,womasuh
abundant,adj,womasuh,comparative,zon womasuh
abundant,adj,womasuh,superlative,yafuntt womasuh
abuse,v,fudo,indicative.present.3sg,fudo
abuse,v,fudo,imperative.present.3sg,fudoa
abuse,v,fudo,subjunctive.present.3sg,fudopo
abuse,v,fudo,conditional.present.3sg,fudod
academy,n,pugohe,singular.nominative,pugohe
academy,n,pugohe,singular.accusative,idapugohe
academy,n,pugohe,singular.genitive,gapugohe
academy,n,pugohe,singular.dative,pugohehi
accent,n,mokanai,singular.nominative,mokanai
accent,n,mokanai,singular.accusative,idamokanai
accent,n,mokanai,singular.genitive,gamokanai
accent,n,mokanai,singular.dative,mokanaihi
accept,v,nuhomyo,indicative.present.3sg,nuhomyo
accept,v,nuhomyo,imperative.present.3sg,nuhomyoa
accept,v,nuhomyo,subjunctive.present.3sg,nuhomyopo
accept,v,nuhomyo,conditional.present.3sg,nuhomyod
access,v,mon,indicative.present.3sg,mon
access,v,mon,imperative.present.3sg,mona
access,v,mon,subjunctive.present.3sg,monapo
access,v,mon,conditional.present.3sg,monad
accessory,n,damasu,singular.nominative,damasu
accessory,n,damasu,singular.accusative,idamasu
accessory,n,damasu,singular.genitive,gadamasu
accessory,n,damasu,singular.dative,damasuhi
accident,n,atte,singular.nominative,atte
accident,n,atte,singular.accusative,idatte
accident,n,atte,singular.genitive,gatte
accident,n,atte,singular.dative,attehi
accommodation,n,hyapyob,singular.nominative,hyapyob
accommodation,n,hyapyob,singular.accusative,idahyapyob
accommodation,n,hyapyob,singular.genitive,gahyapyob
accommodation,n,hyapyob,singular.dative,hyapyobahi
accomplish,v,zuwaga,indicative.present.3sg,zuwaga
accomplish,v,zuwaga,imperative.present.3sg,zuwaga
accomplish,v,zuwaga,subjunctive.present.3sg,zuwagapo
accomplish,v,zuwaga,conditional.present.3sg,zuwagad
account,n,zoshi,singular.nominative,zoshi
account,n,zoshi,singular.accusative,idazoshi
account,n,zoshi,singular.genitive,gazoshi
account,n,zoshi,singular.dative,zoshihi
accumulate,v,pomasu,indicative.present.3sg,pomasu
accumulate,v,pomasu,imperative.present.3sg,pomasua
accumulate,v,pomasu,subjunctive.present.3sg,pomasupo
accumulate,v,pomasu,conditional.present.3sg,pomasud
accurate,adj,godo,positive,godo
accurate,adj,godo,comparative,zon godo
accurate,adj,godo,superlative,yafuntt godo
accuse,v,oasu,indicative.present.3sg,oasu
accuse,v,oasu,imperative.present.3sg,oasua
accuse,v,oasu,subjunctive.present.3sg,oasupo
accuse,v,oasu,conditional.present.3sg,oasud
accustom,v,nyajima,indicative.present.3sg,nyajima
accustom,v,nyajima,imperative.present.3sg,nyajima
accustom,v,nyajima,subjunctive.present.3sg,nyajimapo
accustom,v,nyajima,conditional.present.3sg,nyajimad
ache,v,miyoemy,indicative.present.3sg,miyoemy
ache,v,miyoemy,imperative.present.3sg,miyoemya
ache,v,miyoemy,subjunctive.present.3sg,miyoemyapo
ache,v,miyoemy,conditional.present.3sg,miyoemyad
achieve,v,monata,indicative.present.3sg,monata
achieve,v,monata,imperative.present.3sg,monata
achieve,v,monata,subjunctive.present.3sg,monatapo
achieve,v,monata,conditional.present.3sg,monatad
acid,n,byudasu,singular.nominative,byudasu
acid,n,byudasu,singular.accusative,idabyudasu
acid,n,byudasu,singular.genitive,gabyudasu
acid,n,byudasu,singular.dative,byudasuhi
acquaintance,n,okinpy,singular.nominative,okinpy
acquaintance,n,okinpy,singular.accusative,idokinpy
acquaintance,n,okinpy,singular.genitive,gokinpy
acquaintance,n,okinpy,singular.dative,okinpyahi
acquire,v,shitowo,indicative.present.3sg,shitowo
acquire,v,shitowo,imperative.present.3sg,shitowoa
acquire,v,shitowo,subjunctive.present.3sg,shitowopo
acquire,v,shitowo,conditional.present.3sg,shitowod
acre,n,byobozu,singular.nominative,byobozu
acre,n,byobozu,singular.accusative,idabyobozu
acre,n,byobozu,singular.genitive,gabyobozu
acre,n,byobozu,singular.dative,byobozuhi
acronym,n,andeshi,singular.nominative,andeshi
acronym,n,andeshi,singular.accusative,idandeshi
acronym,n,andeshi,singular.genitive,gandeshi
acronym,n,andeshi,singular.dative,andeshihi
activaction,n,byodo,singular.nominative,byodo
activaction,n,byodo,singular.accusative,idabyodo
activaction,n,byodo,singular.genitive,gabyodo
activaction,n,byodo,singular.dative,byodohi
activate,v,aruodat,indicative.present.3sg,aruodat
activate,v,aruodat,imperative.present.3sg,aruodata
activate,v,aruodat,subjunctive.present.3sg,aruodatapo
activate,v,aruodat,conditional.present.3sg,aruodatad
activity,n,pyonyom,singular.nominative,pyonyom
activity,n,pyonyom,singular.accusative,idapyonyom
activity,n,pyonyom,singular.genitive,gapyonyom
activity,n,pyonyom,singular.dative,pyonyomahi
acute,adj,annyami,positive,annyami
acute,adj,annyami,comparative,zon annyami
acute,adj,annyami,superlative,yafuntt annyami
adapt,v,soru,indicative.present.3sg,soru
adapt,v,soru,imperative.present.3sg,sorua
adapt,v,soru,subjunctive.present.3sg,sorupo
adapt,v,soru,conditional.present.3sg,sorud
add,v,kono,indicative.present.3sg,kono
add,v,kono,imperative.present.3sg,konoa
add,v,kono,subjunctive.present.3sg,konopo
add,v,kono,conditional.present.3sg,konod
addicted,adj,semasu,positive,semasu
addicted,adj,semasu,comparative,zon semasu
addicted,adj,semasu,superlative,yafuntt semasu
adept,n,desu,singular.nominative,desu
adept,n,desu,singular.accusative,idesu
adept,n,desu,singular.genitive,gadesu
adept,n,desu,singular.dative,desuhi
adjacent,adj,hyaomas,positive,hyaomas
adjacent,adj,hyaomas,comparative,zon hyaomas
adjacent,adj,hyaomas,superlative,yafuntt hyaomas
adjustment,n,waku,singular.nominative,waku
adjustment,n,waku,singular.accusative,idawaku
adjustment,n,waku,singular.genitive,gawaku
adjustment,n,waku,singular.dative,wakuhi
administration,n,monmasu,singular.nominative,monmasu
administration,n,monmasu,singular.accusative,idamonmasu
administration,n,monmasu,singular.genitive,gamonmasu
administration,n,monmasu,singular.dative,monmasuhi
admire,v,oshi,indicative.present.3sg,oshi
admire,v,oshi,imperative.present.3sg,oshia
admire,v,oshi,subjunctive.present.3sg,oshipo
admire,v,oshi,conditional.present.3sg,oshid
adolescent,n,shiceli,singular.nominative,shiceli
adolescent,n,shiceli,singular.accusative,idashiceli
adolescent,n,shiceli,singular.genitive,gashiceli
adolescent,n,shiceli,singular.dative,shicelihi
adopt,v,togya,indicative.present.3sg,togya
adopt,v,togya,imperative.present.3sg,togya
adopt,v,togya,subjunctive.present.3sg,togyapo
adopt,v,togya,conditional.present.3sg,togyad
adult,n,soto,singular.nominative,soto
adult,n,soto,singular.accusative,idasoto
adult,n,soto,singular.genitive,gasoto
adult,n,soto,singular.dative,sotohi
advance,v,hodomas,indicative.present.3sg,hodomas
advance,v,hodomas,imperative.present.3sg,hodomasa
advance,v,hodomas,subjunctive.present.3sg,hodomasapo
advance,v,hodomas,conditional.present.3sg,hodomasad
adventure,n,pyuntat,singular.nominative,pyuntat
adventure,n,pyuntat,singular.accusative,idapyuntat
adventure,n,pyuntat,singular.genitive,gapyuntat
adventure,n,pyuntat,singular.dative,pyuntatahi
adversary,n,datte,singular.nominative,datte
adversary,n,datte,singular.accusative,idatte
adversary,n,datte,singular.genitive,gadatte
adversary,n,datte,singular.dative,dattehi
adverse,adj,kotohya,positive,kotohya
adverse,adj,kotohya,comparative,zon kotohya
adverse,adj,kotohya,superlative,yafuntt kotohya
advertise,v,hodouja,indicative.present.3sg,hodouja
advertise,v,hodouja,imperative.present.3sg,hodouja
advertise,v,hodouja,subjunctive.present.3sg,hodoujapo
advertise,v,hodouja,conditional.present.3sg,hodoujad
advertisement,n,jizunsh,singular.nominative,jizunsh
advertisement,n,jizunsh,singular.accusative,idajizunsh
advertisement,n,jizunsh,singular.genitive,gajizunsh
advertisement,n,jizunsh,singular.dative,jizunshi
advice,n,muse,singular.nominative,muse
advice,n,muse,singular.accusative,idamuse
advice,n,muse,singular.genitive,gamuse
advice,n,muse,singular.dative,musehi
advocate,v,pyu,indicative.present.3sg,pyu
advocate,v,pyu,imperative.present.3sg,pyua
advocate,v,pyu,subjunctive.present.3sg,pyupo
advocate,v,pyu,conditional.present.3sg,pyud
adze,n,odo,singular.nominative,odo
adze,n,odo,singular.accusative,idodo
adze,n,odo,singular.genitive,godo
adze,n,odo,singular.dative,odohi
aesthetic,adj,kotasu,positive,kotasu
aesthetic,adj,kotasu,comparative,zon kotasu
aesthetic,adj,kotasu,superlative,yafuntt kotasu
affect,v,nimasu,indicative.present.3sg,nimasu
affect,v,nimasu,imperative.present.3sg,nimasua
affect,v,nimasu,subjunctive.present.3sg,nimasupo
affect,v,nimasu,conditional.present.3sg,nimasud
affection,n,deyazah,singular.nominative,deyazah
affection,n,deyazah,singular.accusative,ideyazah
affection,n,deyazah,singular.genitive,gadeyazah
affection,n,deyazah,singular.dative,deyazahi
affiliate,v,hintuma,indicative.present.3sg,hintuma
affiliate,v,hintuma,imperative.present.3sg,hintuma
affiliate,v,hintuma,subjunctive.present.3sg,hintumapo
affiliate,v,hintuma,conditional.present.3sg,hintumad
affirm,v,shimasu,indicative.present.3sg,shimasu
affirm,v,shimasu,imperative.present.3sg,shimasua
affirm,v,shimasu,subjunctive.present.3sg,shimasupo
affirm,v,shimasu,conditional.present.3sg,shimasud
affliction,n,dasu,singular.nominative,dasu
affliction,n,dasu,singular.accusative,idasu
affliction,n,dasu,singular.genitive,gadasu
affliction,n,dasu,singular.dative,dasuhi
afford,v,abyodec,indicative.present.3sg,abyodec
afford,v,abyodec,imperative.present.3sg,abyodeca
afford,v,abyodec,subjunctive.present.3sg,abyodecapo
afford,v,abyodec,conditional.present.3sg,abyodecad
afraid,adj,wosu,positive,wosu
afraid,adj,wosu,comparative,zon wosu
afraid,adj,wosu,superlative,yafuntt wosu
afternoon,n,ryoshum,singular.nominative,ryoshum
afternoon,n,ryoshum,singular.accusative,idaryoshum
afternoon,n,ryoshum,singular.genitive,garyoshum
afternoon,n,ryoshum,singular.dative,ryoshumahi
age,n,sho,singular.nominative,sho
age,n,sho,singular.accusative,idasho
age,n,sho,singular.genitive,gasho
age,n,sho,singular.dative,shohi
agency,n,hyanta,singular.nominative,hyanta
agency,n,hyanta,singular.accusative,idahyanta
agency,n,hyanta,singular.genitive,gahyanta
agency,n,hyanta,singular.dative,hyantahi
agent,n,coru,singular.nominative,coru
agent,n,coru,singular.accusative,idacoru
agent,n,coru,singular.genitive,gacoru
agent,n,coru,singular.dative,coruhi
aggressive,adj,etsu,positive,etsu
aggressive,adj,etsu,comparative,zon etsu
aggressive,adj,etsu,superlative,yafuntt etsu
agitate,v,hono,indicative.present.3sg,hono
agitate,v,hono,imperative.present.3sg,honoa
agitate,v,hono,subjunctive.present.3sg,honopo
agitate,v,hono,conditional.present.3sg,honod
agony,n,byo,singular.nominative,byo
agony,n,byo,singular.accusative,idabyo
agony,n,byo,singular.genitive,gabyo
agony,n,byo,singular.dative,byohi
agree,v,dai,indicative.present.3sg,dai
agree,v,dai,imperative.present.3sg,daia
agree,v,dai,subjunctive.present.3sg,daipo
agree,v,dai,conditional.present.3sg,daid
agriculture,n,nakinat,singular.nominative,nakinat
agriculture,n,nakinat,singular.accusative,idanakinat
agriculture,n,nakinat,singular.genitive,ganakinat
agriculture,n,nakinat,singular.dative,nakinatahi
aim,v,chinai,indicative.present.3sg,chinai
aim,v,chinai,imperative.present.3sg,chinaia
aim,v,chinai,subjunctive.present.3sg,chinaipo
aim,v,chinai,conditional.present.3sg,chinaid
air,n,gofu,singular.nominative,gofu
air,n,gofu,singular.accusative,idagofu
air,n,gofu,singular.genitive,gofu
air,n,gofu,singular.dative,gofuhi
alarm,n,karanai,singular.nominative,karanai
alarm,n,karanai,singular.accusative,idakaranai
alarm,n,karanai,singular.genitive,gakaranai
alarm,n,karanai,singular.dative,karanaihi
alchemy,n,etsunby,singular.nominative,etsunby
alchemy,n,etsunby,singular.accusative,idetsunby
alchemy,n,etsunby,singular.genitive,getsunby
alchemy,n,etsunby,singular.dative,etsunbyahi
alcohol,n,bajinat,singular.nominative,bajinat
alcohol,n,bajinat,singular.accusative,idabajinat
alcohol,n,bajinat,singular.genitive,gabajinat
alcohol,n,bajinat,singular.dative,bajinatahi
ale,n,nyarima,singular.nominative,nyarima
ale,n,nyarima,singular.accusative,idanyarima
ale,n,nyarima,singular.genitive,ganyarima
ale,n,nyarima,singular.dative,nyarimahi
alert,v,komasuj,indicative.present.3sg,komasuj
alert,v,komasuj,imperative.present.3sg,komasuja
alert,v,komasuj,subjunctive.present.3sg,komasujapo
alert,v,komasuj,conditional.present.3sg,komasujad
algae,n,myodade,singular.nominative,myodade
algae,n,myodade,singular.accusative,idamyodade
algae,n,myodade,singular.genitive,gamyodade
algae,n,myodade,singular.dative,myodadehi
alibi,n,hyo,singular.nominative,hyo
alibi,n,hyo,singular.accusative,idahyo
alibi,n,hyo,singular.genitive,gahyo
alibi,n,hyo,singular.dative,hyohi
alien,n,jadendi,singular.nominative,jadendi
alien,n,jadendi,singular.accusative,idajadendi
alien,n,jadendi,singular.genitive,gajadendi
alien,n,jadendi,singular.dative,jadendihi
aligator,n,ari,singular.nominative,ari
aligator,n,ari,singular.accusative,idari
aligator,n,ari,singular.genitive,gari
aligator,n,ari,singular.dative,arihi
align,v,oto,indicative.present.3sg,oto
align,v,oto,imperative.present.3sg,otoa
align,v,oto,subjunctive.present.3sg,otopo
align,v,oto,conditional.present.3sg,otod
allege,v,chinaim,indicative.present.3sg,chinaim
allege,v,chinaim,imperative.present.3sg,chinaima
allege,v,chinaim,subjunctive.present.3sg,chinaimapo
allege,v,chinaim,conditional.present.3sg,chinaimad
allergy,n,jizadve,singular.nominative,jizadve
allergy,n,jizadve,singular.accusative,idajizadve
allergy,n,jizadve,singular.genitive,gajizadve
allergy,n,jizadve,singular.dative,jizadvehi
alleviate,v,zuga,indicative.present.3sg,zuga
alleviate,v,zuga,imperative.present.3sg,zuga
alleviate,v,zuga,subjunctive.present.3sg,zugapo
alleviate,v,zuga,conditional.present.3sg,zugad
allocate,v,ano,indicative.present.3sg,ano
allocate,v,ano,imperative.present.3sg,anoa
allocate,v,ano,subjunctive.present.3sg,anopo
allocate,v,ano,conditional.present.3sg,anod
allocation,n,nakaran,singular.nominative,nakaran
allocation,n,nakaran,singular.accusative,idanakaran
allocation,n,nakaran,singular.genitive,ganakaran
allocation,n,nakaran,singular.dative,nakaranahi
allow,v,dano,indicative.present.3sg,dano
allow,v,dano,imperative.present.3sg,danoa
allow,v,dano,subjunctive.present.3sg,danopo
allow,v,dano,conditional.present.3sg,danod
ally,n,jimasu,singular.nominative,jimasu
ally,n,jimasu,singular.accusative,idajimasu
ally,n,jimasu,singular.genitive,gajimasu
ally,n,jimasu,singular.dative,jimasuhi
almond,n,ashi,singular.nominative,ashi
almond,n,ashi,singular.accusative,idashi
almond,n,ashi,singular.genitive,gashi
almond,n,ashi,singular.dative,ashihi
alone,adj,byu,positive,byu
alone,adj,byu,comparative,zon byu
alone,adj,byu,superlative,yafuntt byu
alphabet,n,ryahodo,singular.nominative,ryahodo
alphabet,n,ryahodo,singular.accusative,idaryahodo
alphabet,n,ryahodo,singular.genitive,garyahodo
alphabet,n,ryahodo,singular.dative,ryahodohi
altar,n,jiru,singular.nominative,jiru
altar,n,jiru,singular.accusative,idajiru
altar,n,jiru,singular.genitive,gajiru
altar,n,jiru,singular.dative,jiruhi
alteration,n,nattegy,singular.nominative,nattegy
alteration,n,nattegy,singular.accusative,idanattegy
alteration,n,nattegy,singular.genitive,ganattegy
alteration,n,nattegy,singular.dative,nattegyahi
alternate,adj,mono,positive,mono
alternate,adj,mono,comparative,zon mono
alternate,adj,mono,superlative,yafuntt mono
altitude,n,hyayasu,singular.nominative,hyayasu
altitude,n,hyayasu,singular.accusative,idahyayasu
altitude,n,hyayasu,singular.genitive,gahyayasu
altitude,n,hyayasu,singular.dative,hyayasuhi
alum,n,jiwa,singular.nominative,jiwa
alum,n,jiwa,singular.accusative,idajiwa
alum,n,jiwa,singular.genitive,gajiwa
alum,n,jiwa,singular.dative,jiwahi
amateur,n,tarogyu,singular.nominative,tarogyu
amateur,n,tarogyu,singular.accusative,idatarogyu
amateur,n,tarogyu,singular.genitive,gatarogyu
amateur,n,tarogyu,singular.dative,tarogyuhi
amazing,adj,shit,positive,shit
amazing,adj,shit,comparative,zon shit
amazing,adj,shit,superlative,yafuntt shit
ambassador,n,chu,singular.nominative,chu
ambassador,n,chu,singular.accusative,idachu
ambassador,n,chu,singular.genitive,gachu
ambassador,n,chu,singular.dative,chuhi
amber,n,kyosegy,singular.nominative,kyosegy
amber,n,kyosegy,singular.accusative,idakyosegy
amber,n,kyosegy,singular.genitive,gakyosegy
amber,n,kyosegy,singular.dative,kyosegyahi
ambergris,n,kanmash,singular.nominative,kanmash
ambergris,n,kanmash,singular.accusative,idakanmash
ambergris,n,kanmash,singular.genitive,gakanmash
ambergris,n,kanmash,singular.dative,kanmashi
ambiguous,adj,ryo,positive,ryo
ambiguous,adj,ryo,comparative,zon ryo
ambiguous,adj,ryo,superlative,yafuntt ryo
ambition,n,gre,singular.nominative,gre
ambition,n,gre,singular.accusative,idagre
ambition,n,gre,singular.genitive,gare
ambition,n,gre,singular.dative,grehi
amend,v,kotodam,indicative.present.3sg,kotodam
amend,v,kotodam,imperative.present.3sg,kotodama
amend,v,kotodam,subjunctive.present.3sg,kotodamapo
amend,v,kotodam,conditional.present.3sg,kotodamad
ammunition,n,arara,singular.nominative,arara
ammunition,n,arara,singular.accusative,idarara
ammunition,n,arara,singular.genitive,garara
ammunition,n,arara,singular.dative,ararahi
amount,n,sunyu,singular.nominative,sunyu
amount,n,sunyu,singular.accusative,idasunyu
amount,n,sunyu,singular.genitive,gasunyu
amount,n,sunyu,singular.dative,sunyuhi
amphora,n,ote,singular.nominative,ote
amphora,n,ote,singular.accusative,idote
amphora,n,ote,singular.genitive,gote
amphora,n,ote,singular.dative,otehi
amplification,n,nimanak,singular.nominative,nimanak
amplification,n,nimanak,singular.accusative,idanimanak
amplification,n,nimanak,singular.genitive,ganimanak
amplification,n,nimanak,singular.dative,nimanakahi
amulet,n,naredic,singular.nominative,naredic
amulet,n,naredic,singular.accusative,idanaredic
amulet,n,naredic,singular.genitive,ganaredic
amulet,n,naredic,singular.dative,naredicahi
amuse,v,petemas,indicative.present.3sg,petemas
amuse,v,petemas,imperative.present.3sg,petemasa
amuse,v,petemas,subjunctive.present.3sg,petemasapo
amuse,v,petemas,conditional.present.3sg,petemasad
analogy,n,todo,singular.nominative,todo
analogy,n,todo,singular.accusative,idatodo
analogy,n,todo,singular.genitive,gatodo
analogy,n,todo,singular.dative,todohi
analyze,v,aruhodo,indicative.present.3sg,aruhodo
analyze,v,aruhodo,imperative.present.3sg,aruhodoa
analyze,v,aruhodo,subjunctive.present.3sg,aruhodopo
analyze,v,aruhodo,conditional.present.3sg,aruhodod
ancestor,n,reamasu,singular.nominative,reamasu
ancestor,n,reamasu,singular.accusative,idareamasu
ancestor,n,reamasu,singular.genitive,gareamasu
ancestor,n,reamasu,singular.dative,reamasuhi
anchor,n,goto,singular.nominative,goto
anchor,n,goto,singular.accusative,idagoto
anchor,n,goto,singular.genitive,goto
anchor,n,goto,singular.dative,gotohi
ancient,adj,ouzu,positive,ouzu
ancient,adj,ouzu,comparative,zon ouzu
ancient,adj,ouzu,superlative,yafuntt ouzu
angel,n,henta,singular.nominative,henta
angel,n,henta,singular.accusative,idahenta
angel,n,henta,singular.genitive,gahenta
angel,n,henta,singular.dative,hentahi
angle,n,dele,singular.nominative,dele
angle,n,dele,singular.accusative,idele
angle,n,dele,singular.genitive,gadele
angle,n,dele,singular.dative,delehi
angry,adj,yad,positive,yad
angry,adj,yad,comparative,zon yad
angry,adj,yad,superlative,yafuntt yad
angst,n,zai,singular.nominative,zai
angst,n,zai,singular.accusative,idazai
angst,n,zai,singular.genitive,gazai
angst,n,zai,singular.dative,zaihi
animal,n,nai,singular.nominative,nai
animal,n,nai,singular.accusative,idanai
animal,n,nai,singular.genitive,ganai
animal,n,nai,singular.dative,naihi
animate,v,owa,indicative.present.3sg,owa
animate,v,owa,imperative.present.3sg,owa
animate,v,owa,subjunctive.present.3sg,owapo
animate,v,owa,conditional.present.3sg,owad
animation,n,hekya,singular.nominative,hekya
animation,n,hekya,singular.accusative,idahekya
animation,n,hekya,singular.genitive,gahekya
animation,n,hekya,singular.dative,hekyahi
animism,n,byaroto,singular.nominative,byaroto
animism,n,byaroto,singular.accusative,idabyaroto
animism,n,byaroto,singular.genitive,gabyaroto
animism,n,byaroto,singular.dative,byarotohi
aniseed,n,odatte,singular.nominative,odatte
aniseed,n,odatte,singular.accusative,idodatte
aniseed,n,odatte,singular.genitive,godatte
aniseed,n,odatte,singular.dative,odattehi
announce,v,sohete,indicative.present.3sg,sohete
announce,v,sohete,imperative.present.3sg,sohetea
announce,v,sohete,subjunctive.present.3sg,sohetepo
announce,v,sohete,conditional.present.3sg,soheted
annual,adj,moheza,positive,moheza
annual,adj,moheza,comparative,zon moheza
annual,adj,moheza,superlative,yafuntt moheza
anonymous,adj,shomase,positive,shomase
anonymous,adj,shomase,comparative,zon shomase
anonymous,adj,shomase,superlative,yafuntt shomase
answer,n,henku,singular.nominative,henku
answer,n,henku,singular.accusative,idahenku
answer,n,henku,singular.genitive,gahenku
answer,n,henku,singular.dative,henkuhi
ant,n,josu,singular.nominative,josu
ant,n,josu,singular.accusative,idajosu
ant,n,josu,singular.genitive,gajosu
ant,n,josu,singular.dative,josuhi
anthropology,n,tsu,singular.nominative,tsu
anthropology,n,tsu,singular.accusative,idatsu
anthropology,n,tsu,singular.genitive,gatsu
anthropology,n,tsu,singular.dative,tsuhi
anticipate,v,cha,indicative.present.3sg,cha
anticipate,v,cha,imperative.present.3sg,cha
anticipate,v,cha,subjunctive.present.3sg,chapo
anticipate,v,cha,conditional.present.3sg,chad
antidote,n,hajiyu,singular.nominative,hajiyu
antidote,n,hajiyu,singular.accusative,idahajiyu
antidote,n,hajiyu,singular.genitive,gahajiyu
antidote,n,hajiyu,singular.dative,hajiyuhi
antique,adj,debe,positive,debe
antique,adj,debe,comparative,zon debe
antique,adj,debe,superlative,yafuntt debe
anvil,n,shuma,singular.nominative,shuma
anvil,n,shuma,singular.accusative,idashuma
anvil,n,shuma,singular.genitive,gashuma
anvil,n,shuma,singular.dative,shumahi
anxious,adj,watte,positive,watte
anxious,adj,watte,comparative,zon watte
anxious,adj,watte,superlative,yafuntt watte
apartment,n,darano,singular.nominative,darano
apartment,n,darano,singular.accusative,idarano
apartment,n,darano,singular.genitive,gadarano
apartment,n,darano,singular.dative,daranohi
apology,n,desasay,singular.nominative,desasay
apology,n,desasay,singular.accusative,idesasay
apology,n,desasay,singular.genitive,gadesasay
apology,n,desasay,singular.dative,desasayahi
apparatus,n,sezasi,singular.nominative,sezasi
apparatus,n,sezasi,singular.accusative,idasezasi
apparatus,n,sezasi,singular.genitive,gasezasi
apparatus,n,sezasi,singular.dative,sezasihi
apparent,adj,niru,positive,niru
apparent,adj,niru,comparative,zon niru
apparent,adj,niru,superlative,yafuntt niru
appeal,v,desajih,indicative.present.3sg,desajih
appeal,v,desajih,imperative.present.3sg,desajiha
appeal,v,desajih,subjunctive.present.3sg,desajihapo
appeal,v,desajih,conditional.present.3sg,desajihad
appear,v,hitamas,indicative.present.3sg,hitamas
appear,v,hitamas,imperative.present.3sg,hitamasa
appear,v,hitamas,subjunctive.present.3sg,hitamasapo
appear,v,hitamas,conditional.present.3sg,hitamasad
appearance,n,dofecho,singular.nominative,dofecho
appearance,n,dofecho,singular.accusative,idofecho
appearance,n,dofecho,singular.genitive,gadofecho
appearance,n,dofecho,singular.dative,dofechohi
appetite,n,hoshitt,singular.nominative,hoshitt
appetite,n,hoshitt,singular.accusative,idahoshitt
appetite,n,hoshitt,singular.genitive,gahoshitt
appetite,n,hoshitt,singular.dative,hoshittahi
applaud,v,hitsu,indicative.present.3sg,hitsu
applaud,v,hitsu,imperative.present.3sg,hitsua
applaud,v,hitsu,subjunctive.present.3sg,hitsupo
applaud,v,hitsu,conditional.present.3sg,hitsud
apple,n,pyodaha,singular.nominative,pyodaha
apple,n,pyodaha,singular.accusative,idapyodaha
apple,n,pyodaha,singular.genitive,gapyodaha
apple,n,pyodaha,singular.dative,pyodahahi
appliance,n,wono,singular.nominative,wono
appliance,n,wono,singular.accusative,idawono
appliance,n,wono,singular.genitive,gawono
appliance,n,wono,singular.dative,wonohi
apply,v,hodoga,indicative.present.3sg,hodoga
apply,v,hodoga,imperative.present.3sg,hodoga
apply,v,hodoga,subjunctive.present.3sg,hodogapo
apply,v,hodoga,conditional.present.3sg,hodogad
apportation,n,dashuma,singular.nominative,dashuma
apportation,n,dashuma,singular.accusative,idashuma
apportation,n,dashuma,singular.genitive,gadashuma
apportation,n,dashuma,singular.dative,dashumahi
appraise,v,foru,indicative.present.3sg,foru
appraise,v,foru,imperative.present.3sg,forua
appraise,v,foru,subjunctive.present.3sg,forupo
appraise,v,foru,conditional.present.3sg,forud
appreciate,v,hasun,indicative.present.3sg,hasun
appreciate,v,hasun,imperative.present.3sg,hasuna
appreciate,v,hasun,subjunctive.present.3sg,hasunapo
appreciate,v,hasun,conditional.present.3sg,hasunad
apprentice,n,dopyohe,singular.nominative,dopyohe
apprentice,n,dopyohe,singular.accusative,idopyohe
apprentice,n,dopyohe,singular.genitive,gadopyohe
apprentice,n,dopyohe,singular.dative,dopyohehi
approach,n,naking,singular.nominative,naking
approach,n,naking,singular.accusative,idanaking
approach,n,naking,singular.genitive,ganaking
approach,n,naking,singular.dative,nakingahi
appropriate,adj,narit,positive,narit
appropriate,adj,narit,comparative,zon narit
appropriate,adj,narit,superlative,yafuntt narit
approximate,adj,fechitt,positive,fechitt
approximate,adj,fechitt,comparative,zon fechitt
approximate,adj,fechitt,superlative,yafuntt fechitt
apricot,n,kyomasu,singular.nominative,kyomasu
apricot,n,kyomasu,singular.accusative,idakyomasu
apricot,n,kyomasu,singular.genitive,gakyomasu
apricot,n,kyomasu,singular.dative,kyomasuhi
apron,n,zheno,singular.nominative,zheno
apron,n,zheno,singular.accusative,idazheno
apron,n,zheno,singular.genitive,gazheno
apron,n,zheno,singular.dative,zhenohi
aptitude,n,datoku,singular.nominative,datoku
aptitude,n,datoku,singular.accusative,idatoku
aptitude,n,datoku,singular.genitive,gadatoku
aptitude,n,datoku,singular.dative,datokuhi
aqua,adj,odezet,positive,odezet
aqua,adj,odezet,comparative,zon odezet
aqua,adj,odezet,superlative,yafuntt odezet
aquatic,adj,nakinya,positive,nakinya
aquatic,adj,nakinya,comparative,zon nakinya
aquatic,adj,nakinya,superlative,yafuntt nakinya
arbitrary,adj,daru,positive,daru
arbitrary,adj,daru,comparative,zon daru
arbitrary,adj,daru,superlative,yafuntt daru
arc,n,karu,singular.nominative,karu
arc,n,karu,singular.accusative,idakaru
arc,n,karu,singular.genitive,gakaru
arc,n,karu,singular.dative,karuhi
arcane,adj,ofuhob,positive,ofuhob
arcane,adj,ofuhob,comparative,zon ofuhob
arcane,adj,ofuhob,superlative,yafuntt ofuhob
arch,n,pra,singular.nominative,pra
arch,n,pra,singular.accusative,idapra
arch,n,pra,singular.genitive,gapra
arch,n,pra,singular.dative,prahi
archetype,n,yur,singular.nominative,yur
archetype,n,yur,singular.accusative,idayur
archetype,n,yur,singular.genitive,gayur
archetype,n,yur,singular.dative,yurahi
archipelago,n,nara,singular.nominative,nara
archipelago,n,nara,singular.accusative,idanara
archipelago,n,nara,singular.genitive,ganara
archipelago,n,nara,singular.dative,narahi
architecture,n,otoo,singular.nominative,otoo
architecture,n,otoo,singular.accusative,idotoo
architecture,n,otoo,singular.genitive,gotoo
architecture,n,otoo,singular.dative,otoohi
archive,n,hahyaza,singular.nominative,hahyaza
archive,n,hahyaza,singular.accusative,idahahyaza
archive,n,hahyaza,singular.genitive,gahahyaza
archive,n,hahyaza,singular.dative,hahyazahi
area,n,hitades,singular.nominative,hitades
area,n,hitades,singular.accusative,idahitades
area,n,hitades,singular.genitive,gahitades
area,n,hitades,singular.dative,hitadesahi
arena,n,ibodo,singular.nominative,ibodo
arena,n,ibodo,singular.accusative,idibodo
arena,n,ibodo,singular.genitive,gibodo
arena,n,ibodo,singular.dative,ibodohi
argue,v,cogi,indicative.present.3sg,cogi
argue,v,cogi,imperative.present.3sg,cogia
argue,v,cogi,subjunctive.present.3sg,cogipo
argue,v,cogi,conditional.present.3sg,cogid
arm,n,hotayo,singular.nominative,hotayo
arm,n,hotayo,singular.accusative,idahotayo
arm,n,hotayo,singular.genitive,gahotayo
arm,n,hotayo,singular.dative,hotayohi
arm,v,epepaho,indicative.present.3sg,epepaho
arm,v,epepaho,imperative.present.3sg,epepahoa
arm,v,epepaho,subjunctive.present.3sg,epepahopo
arm,v,epepaho,conditional.present.3sg,epepahod
army,n,gai,singular.nominative,gai
army,n,gai,singular.accusative,idagai
army,n,gai,singular.genitive,gai
army,n,gai,singular.dative,gaihi
armed,adj,hiaomas,positive,hiaomas
armed,adj,hiaomas,comparative,zon hiaomas
armed,adj,hiaomas,superlative,yafuntt hiaomas
armor,n,kya,singular.nominative,kya
armor,n,kya,singular.accusative,idakya
armor,n,kya,singular.genitive,gakya
armor,n,kya,singular.dative,kyahi
armpit,n,kemo,singular.nominative,kemo
armpit,n,kemo,singular.accusative,idakemo
armpit,n,kemo,singular.genitive,gakemo
armpit,n,kemo,singular.dative,kemohi
arms,n,kanta,singular.nominative,kanta
arms,n,kanta,singular.accusative,idakanta
arms,n,kanta,singular.genitive,gakanta
arms,n,kanta,singular.dative,kantahi
army/warband,n,otte,singular.nominative,otte
army/warband,n,otte,singular.accusative,idotte
army/warband,n,otte,singular.genitive,gotte
army/warband,n,otte,singular.dative,ottehi
arouse,v,shinaki,indicative.present.3sg,shinaki
arouse,v,shinaki,imperative.present.3sg,shinakia
arouse,v,shinaki,subjunctive.present.3sg,shinakipo
arouse,v,shinaki,conditional.present.3sg,shinakid
aroused (sexually),adj,micipya,positive,micipya
aroused (sexually),adj,micipya,comparative,zon micipya
aroused (sexually),adj,micipya,superlative,yafuntt micipya
arrange,v,nimumas,indicative.present.3sg,nimumas
arrange,v,nimumas,imperative.present.3sg,nimumasa
arrange,v,nimumas,subjunctive.present.3sg,nimumasapo
arrange,v,nimumas,conditional.present.3sg,nimumasad
array,n,watumyo,singular.nominative,watumyo
array,n,watumyo,singular.accusative,idawatumyo
array,n,watumyo,singular.genitive,gawatumyo
array,n,watumyo,singular.dative,watumyohi
arrest,v,yaakido,indicative.present.3sg,yaakido
arrest,v,yaakido,imperative.present.3sg,yaakidoa
arrest,v,yaakido,subjunctive.present.3sg,yaakidopo
arrest,v,yaakido,conditional.present.3sg,yaakidod
arrive,v,wado,indicative.present.3sg,wado
arrive,v,wado,imperative.present.3sg,wadoa
arrive,v,wado,subjunctive.present.3sg,wadopo
arrive,v,wado,conditional.present.3sg,wadod
arrogant,adj,altis,positive,altis
arrogant,adj,altis,comparative,zon altis
arrogant,adj,altis,superlative,yafuntt altis
arrow,n,somasuo,singular.nominative,somasuo
arrow,n,somasuo,singular.accusative,idasomasuo
arrow,n,somasuo,singular.genitive,gasomasuo
arrow,n,somasuo,singular.dative,somasuohi
arsenal,n,gya,singular.nominative,gya
arsenal,n,gya,singular.accusative,idagya
arsenal,n,gya,singular.genitive,gaya
arsenal,n,gya,singular.dative,gyahi
art,n,arimasu,singular.nominative,arimasu
art,n,arimasu,singular.accusative,idarimasu
art,n,arimasu,singular.genitive,garimasu
art,n,arimasu,singular.dative,arimasuhi
artery,n,kotomas,singular.nominative,kotomas
artery,n,kotomas,singular.accusative,idakotomas
artery,n,kotomas,singular.genitive,gakotomas
artery,n,kotomas,singular.dative,kotomasahi
article,n,memasu,singular.nominative,memasu
article,n,memasu,singular.accusative,idamemasu
article,n,memasu,singular.genitive,gamemasu
article,n,memasu,singular.dative,memasuhi
artifact,n,anai,singular.nominative,anai
artifact,n,anai,singular.accusative,idanai
artifact,n,anai,singular.genitive,ganai
artifact,n,anai,singular.dative,anaihi
artillery,n,byochia,singular.nominative,byochia
artillery,n,byochia,singular.accusative,idabyochia
artillery,n,byochia,singular.genitive,gabyochia
artillery,n,byochia,singular.dative,byochiahi
asceticism,n,byadash,singular.nominative,byadash
asceticism,n,byadash,singular.accusative,idabyadash
asceticism,n,byadash,singular.genitive,gabyadash
asceticism,n,byadash,singular.dative,byadashi
"ash, dust",n,naru,singular.nominative,naru
"ash, dust",n,naru,singular.accusative,idanaru
"ash, dust",n,naru,singular.genitive,ganaru
"ash, dust",n,naru,singular.dative,naruhi
"ash, tree",n,cipen,singular.nominative,cipen
"ash, tree",n,cipen,singular.accusative,idacipen
"ash, tree",n,cipen,singular.genitive,gacipen
"ash, tree",n,cipen,singular.dative,cipenahi
ask,v,godojim,indicative.present.3sg,godojim
ask,v,godojim,imperative.present.3sg,godojima
ask,v,godojim,subjunctive.present.3sg,godojimapo
ask,v,godojim,conditional.present.3sg,godojimad
asp,n,shon,singular.nominative,shon
asp,n,shon,singular.accusative,idashon
asp,n,shon,singular.genitive,gashon
asp,n,shon,singular.dative,shonahi
aspire,v,shito,indicative.present.3sg,shito
aspire,v,shito,imperative.present.3sg,shitoa
aspire,v,shito,subjunctive.present.3sg,shitopo
aspire,v,shito,conditional.present.3sg,shitod
ass,n,wohatte,singular.nominative,wohatte
ass,n,wohatte,singular.accusative,idawohatte
ass,n,wohatte,singular.genitive,gawohatte
ass,n,wohatte,singular.dative,wohattehi
assassinate,v,aku,indicative.present.3sg,aku
assassinate,v,aku,imperative.present.3sg,akua
assassinate,v,aku,subjunctive.present.3sg,akupo
assassinate,v,aku,conditional.present.3sg,akud
assault,v,anakyoe,indicative.present.3sg,anakyoe
assault,v,anakyoe,imperative.present.3sg,anakyoea
assault,v,anakyoe,subjunctive.present.3sg,anakyoepo
assault,v,anakyoe,conditional.present.3sg,anakyoed
assemble,v,wamazu,indicative.present.3sg,wamazu
assemble,v,wamazu,imperative.present.3sg,wamazua
assemble,v,wamazu,subjunctive.present.3sg,wamazupo
assemble,v,wamazu,conditional.present.3sg,wamazud
assign,v,toru,indicative.present.3sg,toru
assign,v,toru,imperative.present.3sg,torua
assign,v,toru,subjunctive.present.3sg,torupo
assign,v,toru,conditional.present.3sg,torud
assimilation,n,hito,singular.nominative,hito
assimilation,n,hito,singular.accusative,idahito
assimilation,n,hito,singular.genitive,gahito
assimilation,n,hito,singular.dative,hitohi
assist,v,yuwa,indicative.present.3sg,yuwa
assist,v,yuwa,imperative.present.3sg,yuwa
assist,v,yuwa,subjunctive.present.3sg,yuwapo
assist,v,yuwa,conditional.present.3sg,yuwad
association,n,hepades,singular.nominative,hepades
association,n,hepades,singular.accusative,idahepades
association,n,hepades,singular.genitive,gahepades
association,n,hepades,singular.dative,hepadesahi
assume,v,ikimasu,indicative.present.3sg,ikimasu
assume,v,ikimasu,imperative.present.3sg,ikimasua
assume,v,ikimasu,subjunctive.present.3sg,ikimasupo
assume,v,ikimasu,conditional.present.3sg,ikimasud
asteroid,n,anatasu,singular.nominative,anatasu
asteroid,n,anatasu,singular.accusative,idanatasu
asteroid,n,anatasu,singular.genitive,ganatasu
asteroid,n,anatasu,singular.dative,anatasuhi
astonish,v,monyage,indicative.present.3sg,monyage
astonish,v,monyage,imperative.present.3sg,monyagea
astonish,v,monyage,subjunctive.present.3sg,monyagepo
astonish,v,monyage,conditional.present.3sg,monyaged
astral,n,kotteru,singular.nominative,kotteru
astral,n,kotteru,singular.accusative,idakotteru
astral,n,kotteru,singular.genitive,gakotteru
astral,n,kotteru,singular.dative,kotteruhi
astrology,n,hyasu,singular.nominative,hyasu
astrology,n,hyasu,singular.accusative,idahyasu
astrology,n,hyasu,singular.genitive,gahyasu
astrology,n,hyasu,singular.dative,hyasuhi
astronomy,n,fum,singular.nominative,fum
astronomy,n,fum,singular.accusative,idafum
astronomy,n,fum,singular.genitive,gafum
astronomy,n,fum,singular.dative,fumahi
athlete,n,hinzumu,singular.nominative,hinzumu
athlete,n,hinzumu,singular.accusative,idahinzumu
athlete,n,hinzumu,singular.genitive,gahinzumu
athlete,n,hinzumu,singular.dative,hinzumuhi
atmosphere,n,waminai,singular.nominative,waminai
atmosphere,n,waminai,singular.accusative,idawaminai
atmosphere,n,waminai,singular.genitive,gawaminai
atmosphere,n,waminai,singular.dative,waminaihi
atom,n,nakinar,singular.nominative,nakinar
atom,n,nakinar,singular.accusative,idanakinar
atom,n,nakinar,singular.genitive,ganakinar
atom,n,nakinar,singular.dative,nakinarahi
attach,v,ryumasu,indicative.present.3sg,ryumasu
attach,v,ryumasu,imperative.present.3sg,ryumasua
attach,v,ryumasu,subjunctive.present.3sg,ryumasupo
attach,v,ryumasu,conditional.present.3sg,ryumasud
attack,n,ade,singular.nominative,ade
attack,n,ade,singular.accusative,idade
attack,n,ade,singular.genitive,gade
attack,n,ade,singular.dative,adehi
attend,v,denakyu,indicative.present.3sg,denakyu
attend,v,denakyu,imperative.present.3sg,denakyua
attend,v,denakyu,subjunctive.present.3sg,denakyupo
attend,v,denakyu,conditional.present.3sg,denakyud
attention,n,dese,singular.nominative,dese
attention,n,dese,singular.accusative,idese
attention,n,dese,singular.genitive,gadese
attention,n,dese,singular.dative,desehi
attic,n,yururim,singular.nominative,yururim
attic,n,yururim,singular.accusative,idayururim
attic,n,yururim,singular.genitive,gayururim
attic,n,yururim,singular.dative,yururimahi
attractive,adj,hyoshit,positive,hyoshit
attractive,adj,hyoshit,comparative,zon hyoshit
attractive,adj,hyoshit,superlative,yafuntt hyoshit
attribute,v,yut,indicative.present.3sg,yut
attribute,v,yut,imperative.present.3sg,yuta
attribute,v,yut,subjunctive.present.3sg,yutapo
attribute,v,yut,conditional.present.3sg,yutad
audio,adj,ohesho,positive,ohesho
audio,adj,ohesho,comparative,zon ohesho
audio,adj,ohesho,superlative,yafuntt ohesho
audio,n,sotogit,singular.nominative,sotogit
audio,n,sotogit,singular.accusative,idasotogit
audio,n,sotogit,singular.genitive,gasotogit
audio,n,sotogit,singular.dative,sotogitahi
audit,v,tatte,indicative.present.3sg,tatte
audit,v,tatte,imperative.present.3sg,tattea
audit,v,tatte,subjunctive.present.3sg,tattepo
audit,v,tatte,conditional.present.3sg,tatted
auger,n,mondona,singular.nominative,mondona
auger,n,mondona,singular.accusative,idamondona
auger,n,mondona,singular.genitive,gamondona
auger,n,mondona,singular.dative,mondonahi
augury,n,antapap,singular.nominative,antapap
augury,n,antapap,singular.accusative,idantapap
augury,n,antapap,singular.genitive,gantapap
augury,n,antapap,singular.dative,antapapahi
aunt,n,dari,singular.nominative,dari
aunt,n,dari,singular.accusative,idari
aunt,n,dari,singular.genitive,gadari
aunt,n,dari,singular.dative,darihi
aura,n,oie,singular.nominative,oie
aura,n,oie,singular.accusative,idoie
aura,n,oie,singular.genitive,goie
aura,n,oie,singular.dative,oiehi
authentic,adj,jorya,positive,jorya
authentic,adj,jorya,comparative,zon jorya
authentic,adj,jorya,superlative,yafuntt jorya
authority,n,tsuarim,singular.nominative,tsuarim
authority,n,tsuarim,singular.accusative,idatsuarim
authority,n,tsuarim,singular.genitive,gatsuarim
authority,n,tsuarim,singular.dative,tsuarimahi
authorize,v,naku,indicative.present.3sg,naku
authorize,v,naku,imperative.present.3sg,nakua
authorize,v,naku,subjunctive.present.3sg,nakupo
authorize,v,naku,conditional.present.3sg,nakud
automatic,adj,yuchina,positive,yuchina
automatic,adj,yuchina,comparative,zon yuchina
automatic,adj,yuchina,superlative,yafuntt yuchina
autonomous,adj,naihyo,positive,naihyo
autonomous,adj,naihyo,comparative,zon naihyo
autonomous,adj,naihyo,superlative,yafuntt naihyo
autumn,n,fuhechi,singular.nominative,fuhechi
autumn,n,fuhechi,singular.accusative,idafuhechi
autumn,n,fuhechi,singular.genitive,gafuhechi
autumn,n,fuhechi,singular.dative,fuhechihi
available,adj,jamasu,positive,jamasu
available,adj,jamasu,comparative,zon jamasu
available,adj,jamasu,superlative,yafuntt jamasu
avenue,n,chitsu,singular.nominative,chitsu
avenue,n,chitsu,singular.accusative,idachitsu
avenue,n,chitsu,singular.genitive,gachitsu
avenue,n,chitsu,singular.dative,chitsuhi
average,adj,onsamas,positive,onsamas
average,adj,onsamas,comparative,zon onsamas
average,adj,onsamas,superlative,yafuntt onsamas
average,n,monhono,singular.nominative,monhono
average,n,monhono,singular.accusative,idamonhono
average,n,monhono,singular.genitive,gamonhono
average,n,monhono,singular.dative,monhonohi
avert,v,anatte,indicative.present.3sg,anatte
avert,v,anatte,imperative.present.3sg,anattea
avert,v,anatte,subjunctive.present.3sg,anattepo
avert,v,anatte,conditional.present.3sg,anatted
avian,adj,karo,positive,karo
avian,adj,karo,comparative,zon karo
avian,adj,karo,superlative,yafuntt karo
avoid,v,daheba,indicative.present.3sg,daheba
avoid,v,daheba,imperative.present.3sg,daheba
avoid,v,daheba,subjunctive.present.3sg,dahebapo
avoid,v,daheba,conditional.present.3sg,dahebad
awake,adj,karyosh,positive,karyosh
awake,adj,karyosh,comparative,zon karyosh
awake,adj,karyosh,superlative,yafuntt karyosh
aware,adj,zana,positive,zana
aware,adj,zana,comparative,zon zana
aware,adj,zana,superlative,yafuntt zana
awe,n,tasu,singular.nominative,tasu
awe,n,tasu,singular.accusative,idatasu
awe,n,tasu,singular.genitive,gatasu
awe,n,tasu,singular.dative,tasuhi
awesome,adj,zunseda,positive,zunseda
awesome,adj,zunseda,comparative,zon zunseda
awesome,adj,zunseda,superlative,yafuntt zunseda
awful,adj,osoham,positive,osoham
awful,adj,osoham,comparative,zon osoham
awful,adj,osoham,superlative,yafuntt osoham
awkward,adj,dankott,positive,dankott
awkward,adj,dankott,comparative,zon dankott
awkward,adj,dankott,superlative,yafuntt dankott
axe,n,wamasu,singular.nominative,wamasu
axe,n,wamasu,singular.accusative,idawamasu
axe,n,wamasu,singular.genitive,gawamasu
axe,n,wamasu,singular.dative,wamasuhi
axis,n,popyu,singular.nominative,popyu
axis,n,popyu,singular.accusative,idapopyu
axis,n,popyu,singular.genitive,gapopyu
axis,n,popyu,singular.dative,popyuhi
axle,n,kyozu,singular.nominative,kyozu
axle,n,kyozu,singular.accusative,idakyozu
axle,n,kyozu,singular.genitive,gakyozu
axle,n,kyozu,singular.dative,kyozuhi
baboon,n,konjii,singular.nominative,konjii
baboon,n,konjii,singular.accusative,idakonjii
baboon,n,konjii,singular.genitive,gakonjii
baboon,n,konjii,singular.dative,konjiihi
baby,n,nemasuz,singular.nominative,nemasuz
baby,n,nemasuz,singular.accusative,idanemasuz
baby,n,nemasuz,singular.genitive,ganemasuz
baby,n,nemasuz,singular.dative,nemasuzahi
bachelor,n,zehyoru,singular.nominative,zehyoru
bachelor,n,zehyoru,singular.accusative,idazehyoru
bachelor,n,zehyoru,singular.genitive,gazehyoru
bachelor,n,zehyoru,singular.dative,zehyoruhi
back (of body),n,hinmasu,singular.nominative,hinmasu
back (of body),n,hinmasu,singular.accusative,idahinmasu
back (of body),n,hinmasu,singular.genitive,gahinmasu
back (of body),n,hinmasu,singular.dative,hinmasuhi
back (reverse side),n,negito,singular.nominative,negito
back (reverse side),n,negito,singular.accusative,idanegito
back (reverse side),n,negito,singular.genitive,ganegito
back (reverse side),n,negito,singular.dative,negitohi
back,v,natte,indicative.present.3sg,natte
back,v,natte,imperative.present.3sg,nattea
back,v,natte,subjunctive.present.3sg,nattepo
back,v,natte,conditional.present.3sg,natted
backpack,n,yoseuny,singular.nominative,yoseuny
backpack,n,yoseuny,singular.accusative,idayoseuny
backpack,n,yoseuny,singular.genitive,gayoseuny
backpack,n,yoseuny,singular.dative,yoseunyahi
backup,n,keranta,singular.nominative,keranta
backup,n,keranta,singular.accusative,idakeranta
backup,n,keranta,singular.genitive,gakeranta
backup,n,keranta,singular.dative,kerantahi
backward,adj,hyakiyi,positive,hyakiyi
backward,adj,hyakiyi,comparative,zon hyakiyi
backward,adj,hyakiyi,superlative,yafuntt hyakiyi
bacon,n,yayufud,singular.nominative,yayufud
bacon,n,yayufud,singular.accusative,idayayufud
bacon,n,yayufud,singular.genitive,gayayufud
bacon,n,yayufud,singular.dative,yayufudahi
bacteria,n,ate,singular.nominative,ate
bacteria,n,ate,singular.accusative,idate
bacteria,n,ate,singular.genitive,gate
bacteria,n,ate,singular.dative,atehi
bad,adj,hodatam,positive,hodatam
bad,adj,hodatam,comparative,zon hodatam
bad,adj,hodatam,superlative,yafuntt hodatam
badge,n,nyo,singular.nominative,nyo
badge,n,nyo,singular.accusative,idanyo
badge,n,nyo,singular.genitive,ganyo
badge,n,nyo,singular.dative,nyohi
bag,n,anmasu,singular.nominative,anmasu
bag,n,anmasu,singular.accusative,idanmasu
bag,n,anmasu,singular.genitive,ganmasu
bag,n,anmasu,singular.dative,anmasuhi
bagpipe,n,kotte,singular.nominative,kotte
bagpipe,n,kotte,singular.accusative,idakotte
bagpipe,n,kotte,singular.genitive,gakotte
bagpipe,n,kotte,singular.dative,kottehi
bailey,n,zeedaro,singular.nominative,zeedaro
bailey,n,zeedaro,singular.accusative,idazeedaro
bailey,n,zeedaro,singular.genitive,gazeedaro
bailey,n,zeedaro,singular.dative,zeedarohi
bait,n,suto,singular.nominative,suto
bait,n,suto,singular.accusative,idasuto
bait,n,suto,singular.genitive,gasuto
bait,n,suto,singular.dative,sutohi
bake,v,datarim,indicative.present.3sg,datarim
bake,v,datarim,imperative.present.3sg,datarima
bake,v,datarim,subjunctive.present.3sg,datarimapo
bake,v,datarim,conditional.present.3sg,datarimad
balance,n,hezazuo,singular.nominative,hezazuo
balance,n,hezazuo,singular.accusative,idahezazuo
balance,n,hezazuo,singular.genitive,gahezazuo
balance,n,hezazuo,singular.dative,hezazuohi
balcony,n,henryo,singular.nominative,henryo
balcony,n,henryo,singular.accusative,idahenryo
balcony,n,henryo,singular.genitive,gahenryo
balcony,n,henryo,singular.dative,henryohi
bald,adj,defun,positive,defun
bald,adj,defun,comparative,zon defun
bald,adj,defun,superlative,yafuntt defun
baldric,n,gonyun,singular.nominative,gonyun
baldric,n,gonyun,singular.accusative,idagonyun
baldric,n,gonyun,singular.genitive,gonyun
baldric,n,gonyun,singular.dative,gonyunahi
ball,n,ryuru,singular.nominative,ryuru
ball,n,ryuru,singular.accusative,idaryuru
ball,n,ryuru,singular.genitive,garyuru
ball,n,ryuru,singular.dative,ryuruhi
balm,n,mis,singular.nominative,mis
balm,n,mis,singular.accusative,idamis
balm,n,mis,singular.genitive,gamis
balm,n,mis,singular.dative,misahi
band,n,ode,singular.nominative,ode
band,n,ode,singular.accusative,idode
band,n,ode,singular.genitive,gode
band,n,ode,singular.dative,odehi
bane,n,botte,singular.nominative,botte
bane,n,botte,singular.accusative,idabotte
bane,n,botte,singular.genitive,gabotte
bane,n,botte,singular.dative,bottehi
bang,v,oshito,indicative.present.3sg,oshito
bang,v,oshito,imperative.present.3sg,oshitoa
bang,v,oshito,subjunctive.present.3sg,oshitopo
bang,v,oshito,conditional.present.3sg,oshitod
banish,v,techoge,indicative.present.3sg,techoge
banish,v,techoge,imperative.present.3sg,techogea
banish,v,techoge,subjunctive.present.3sg,techogepo
banish,v,techoge,conditional.present.3sg,techoged
banishment,n,zhozobe,singular.nominative,zhozobe
banishment,n,zhozobe,singular.accusative,idazhozobe
banishment,n,zhozobe,singular.genitive,gazhozobe
banishment,n,zhozobe,singular.dative,zhozobehi
bank,n,darum,singular.nominative,darum
bank,n,darum,singular.accusative,idarum
bank,n,darum,singular.genitive,gadarum
bank,n,darum,singular.dative,darumahi
bankrupt,adj,luanush,positive,luanush
bankrupt,adj,luanush,comparative,zon luanush
bankrupt,adj,luanush,superlative,yafuntt luanush
banner,n,useemya,singular.nominative,useemya
banner,n,useemya,singular.accusative,iduseemya
banner,n,useemya,singular.genitive,guseemya
banner,n,useemya,singular.dative,useemyahi
bar (pub),n,abokaro,singular.nominative,abokaro
bar (pub),n,abokaro,singular.accusative,idabokaro
bar (pub),n,abokaro,singular.genitive,gabokaro
bar (pub),n,abokaro,singular.dative,abokarohi
barbecue,n,hyatari,singular.nominative,hyatari
barbecue,n,hyatari,singular.accusative,idahyatari
barbecue,n,hyatari,singular.genitive,gahyatari
barbecue,n,hyatari,singular.dative,hyatarihi
barbican,n,nakinai,singular.nominative,nakinai
barbican,n,nakinai,singular.accusative,idanakinai
barbican,n,nakinai,singular.genitive,ganakinai
barbican,n,nakinai,singular.dative,nakinaihi
"bard, troubador",n,hyamo,singular.nominative,hyamo
"bard, troubador",n,hyamo,singular.accusative,idahyamo
"bard, troubador",n,hyamo,singular.genitive,gahyamo
"bard, troubador",n,hyamo,singular.dative,hyamohi
bargain,n,arapizu,singular.nominative,arapizu
bargain,n,arapizu,singular.accusative,idarapizu
bargain,n,arapizu,singular.genitive,garapizu
bargain,n,arapizu,singular.dative,arapizuhi
bark (of tree),n,kote,singular.nominative,kote
bark (of tree),n,kote,singular.accusative,idakote
bark (of tree),n,kote,singular.genitive,gakote
bark (of tree),n,kote,singular.dative,kotehi
bark,v,hadatas,indicative.present.3sg,hadatas
bark,v,hadatas,imperative.present.3sg,hadatasa
bark,v,hadatas,subjunctive.present.3sg,hadatasapo
bark,v,hadatas,conditional.present.3sg,hadatasad
barley,n,osetta,singular.nominative,osetta
barley,n,osetta,singular.accusative,idosetta
barley,n,osetta,singular.genitive,gosetta
barley,n,osetta,singular.dative,osettahi
barracuda,n,ohyuru,singular.nominative,ohyuru
barracuda,n,ohyuru,singular.accusative,idohyuru
barracuda,n,ohyuru,singular.genitive,gohyuru
barracuda,n,ohyuru,singular.dative,ohyuruhi
barrel,n,ryozeze,singular.nominative,ryozeze
barrel,n,ryozeze,singular.accusative,idaryozeze
barrel,n,ryozeze,singular.genitive,garyozeze
barrel,n,ryozeze,singular.dative,ryozezehi
barrier,n,wappi,singular.nominative,wappi
barrier,n,wappi,singular.accusative,idawappi
barrier,n,wappi,singular.genitive,gawappi
barrier,n,wappi,singular.dative,wappihi
base,n,hodasuj,singular.nominative,hodasuj
base,n,hodasuj,singular.accusative,idahodasuj
base,n,hodasuj,singular.genitive,gahodasuj
base,n,hodasuj,singular.dative,hodasujahi
base,v,wobyoma,indicative.present.3sg,wobyoma
base,v,wobyoma,imperative.present.3sg,wobyoma
base,v,wobyoma,subjunctive.present.3sg,wobyomapo
base,v,wobyoma,conditional.present.3sg,wobyomad
basic,adj,ogya,positive,ogya
basic,adj,ogya,comparative,zon ogya
basic,adj,ogya,superlative,yafuntt ogya
basil,n,myosu,singular.nominative,myosu
basil,n,myosu,singular.accusative,idamyosu
basil,n,myosu,singular.genitive,gamyosu
basil,n,myosu,singular.dative,myosuhi
basilisk,n,owo,singular.nominative,owo
basilisk,n,owo,singular.accusative,idowo
basilisk,n,owo,singular.genitive,gowo
basilisk,n,owo,singular.dative,owohi
basin,n,hite,singular.nominative,hite
basin,n,hite,singular.accusative,idahite
basin,n,hite,singular.genitive,gahite
basin,n,hite,singular.dative,hitehi
basket,n,chode,singular.nominative,chode
basket,n,chode,singular.accusative,idachode
basket,n,chode,singular.genitive,gachode
basket,n,chode,singular.dative,chodehi
bass,n,homyo,singular.nominative,homyo
bass,n,homyo,singular.accusative,idahomyo
bass,n,homyo,singular.genitive,gahomyo
bass,n,homyo,singular.dative,homyohi
bastard,n,eti,singular.nominative,eti
bastard,n,eti,singular.accusative,ideti
bastard,n,eti,singular.genitive,geti
bastard,n,eti,singular.dative,etihi
bastion,n,nio,singular.nominative,nio
bastion,n,nio,singular.accusative,idanio
bastion,n,nio,singular.genitive,ganio
bastion,n,nio,singular.dative,niohi
bat (winged mammal),n,hokyo,singular.nominative,hokyo
bat (winged mammal),n,hokyo,singular.accusative,idahokyo
bat (winged mammal),n,hokyo,singular.genitive,gahokyo
bat (winged mammal),n,hokyo,singular.dative,hokyohi
batch,n,monaru,singular.nominative,monaru
batch,n,monaru,singular.accusative,idamonaru
batch,n,monaru,singular.genitive,gamonaru
batch,n,monaru,singular.dative,monaruhi
bath,n,wao,singular.nominative,wao
bath,n,wao,singular.accusative,idawao
bath,n,wao,singular.genitive,gawao
bath,n,wao,singular.dative,waohi
batter,v,tsupory,indicative.present.3sg,tsupory
batter,v,tsupory,imperative.present.3sg,tsuporya
batter,v,tsupory,subjunctive.present.3sg,tsuporyapo
batter,v,tsupory,conditional.present.3sg,tsuporyad
battle,n,habao,singular.nominative,habao
battle,n,habao,singular.accusative,idahabao
battle,n,habao,singular.genitive,gahabao
battle,n,habao,singular.dative,habaohi
bay,n,hya,singular.nominative,hya
bay,n,hya,singular.accusative,idahya
bay,n,hya,singular.genitive,gahya
bay,n,hya,singular.dative,hyahi
be (age),v,narimas,indicative.present.3sg,narimas
be (age),v,narimas,imperative.present.3sg,narimasa
be (age),v,narimas,subjunctive.present.3sg,narimasapo
be (age),v,narimas,conditional.present.3sg,narimasad
be (exist - there is/are),v,ryodaya,indicative.present.3sg,ryodaya
be (exist - there is/are),v,ryodaya,imperative.present.3sg,ryodaya
be (exist - there is/are),v,ryodaya,subjunctive.present.3sg,ryodayapo
be (exist - there is/are),v,ryodaya,conditional.present.3sg,ryodayad
be (located),v,desuzag,indicative.present.3sg,desuzag
be (located),v,desuzag,imperative.present.3sg,desuzaga
be (located),v,desuzag,subjunctive.present.3sg,desuzagapo
be (located),v,desuzag,conditional.present.3sg,desuzagad
be (temporary state),v,gyattag,indicative.present.3sg,gyattag
be (temporary state),v,gyattag,imperative.present.3sg,gyattaga
be (temporary state),v,gyattag,subjunctive.present.3sg,gyattagapo
be (temporary state),v,gyattag,conditional.present.3sg,gyattagad
beach,n,herimas,singular.nominative,herimas
beach,n,herimas,singular.accusative,idaherimas
beach,n,herimas,singular.genitive,gaherimas
beach,n,herimas,singular.dative,herimasahi
beacon,n,mito,singular.nominative,mito
beacon,n,mito,singular.accusative,idamito
beacon,n,mito,singular.genitive,gamito
beacon,n,mito,singular.dative,mitohi
bead,n,uuge,singular.nominative,uuge
bead,n,uuge,singular.accusative,iduuge
bead,n,uuge,singular.genitive,guuge
bead,n,uuge,singular.dative,uugehi
beak,n,woyachi,singular.nominative,woyachi
beak,n,woyachi,singular.accusative,idawoyachi
beak,n,woyachi,singular.genitive,gawoyachi
beak,n,woyachi,singular.dative,woyachihi
beam,n,bunt,singular.nominative,bunt
beam,n,bunt,singular.accusative,idabunt
beam,n,bunt,singular.genitive,gabunt
beam,n,bunt,singular.dative,buntahi
bean,n,shitott,singular.nominative,shitott
bean,n,shitott,singular.accusative,idashitott
bean,n,shitott,singular.genitive,gashitott
bean,n,shitott,singular.dative,shitottahi
bear,n,yozawa,singular.nominative,yozawa
bear,n,yozawa,singular.accusative,idayozawa
bear,n,yozawa,singular.genitive,gayozawa
bear,n,yozawa,singular.dative,yozawahi
beard,n,zumashi,singular.nominative,zumashi
beard,n,zumashi,singular.accusative,idazumashi
beard,n,zumashi,singular.genitive,gazumashi
beard,n,zumashi,singular.dative,zumashihi
beast,n,ohodem,singular.nominative,ohodem
beast,n,ohodem,singular.accusative,idohodem
beast,n,ohodem,singular.genitive,gohodem
beast,n,ohodem,singular.dative,ohodemahi
beautiful,adj,gosego,positive,gosego
beautiful,adj,gosego,comparative,zon gosego
beautiful,adj,gosego,superlative,yafuntt gosego
beaver,n,wanai,singular.nominative,wanai
beaver,n,wanai,singular.accusative,idawanai
beaver,n,wanai,singular.genitive,gawanai
beaver,n,wanai,singular.dative,wanaihi
become,v,hosesu,indicative.present.3sg,hosesu
become,v,hosesu,imperative.present.3sg,hosesua
become,v,hosesu,subjunctive.present.3sg,hosesupo
become,v,hosesu,conditional.present.3sg,hosesud
becoming,n,goze,singular.nominative,goze
becoming,n,goze,singular.accusative,idagoze
becoming,n,goze,singular.genitive,goze
becoming,n,goze,singular.dative,gozehi
bed,n,jioruma,singular.nominative,jioruma
bed,n,jioruma,singular.accusative,idajioruma
bed,n,jioruma,singular.genitive,gajioruma
bed,n,jioruma,singular.dative,jiorumahi
bedroll,n,gra,singular.nominative,gra
bedroll,n,gra,singular.accusative,idagra
bedroll,n,gra,singular.genitive,gara
bedroll,n,gra,singular.dative,grahi
bee,n,monanya,singular.nominative,monanya
bee,n,monanya,singular.accusative,idamonanya
bee,n,monanya,singular.genitive,gamonanya
bee,n,monanya,singular.dative,monanyahi
beef,n,yamuset,singular.nominative,yamuset
beef,n,yamuset,singular.accusative,idayamuset
beef,n,yamuset,singular.genitive,gayamuset
beef,n,yamuset,singular.dative,yamusetahi
beer,n,horihic,singular.nominative,horihic
beer,n,horihic,singular.accusative,idahorihic
beer,n,horihic,singular.genitive,gahorihic
beer,n,horihic,singular.dative,horihicahi
beet,n,ofuru,singular.nominative,ofuru
beet,n,ofuru,singular.accusative,idofuru
beet,n,ofuru,singular.genitive,gofuru
beet,n,ofuru,singular.dative,ofuruhi
beetle,n,obyost,singular.nominative,obyost
beetle,n,obyost,singular.accusative,idobyost
beetle,n,obyost,singular.genitive,gobyost
beetle,n,obyost,singular.dative,obyostahi
begin,v,minunte,indicative.present.3sg,minunte
begin,v,minunte,imperative.present.3sg,minuntea
begin,v,minunte,subjunctive.present.3sg,minuntepo
begin,v,minunte,conditional.present.3sg,minunted
behalf,n,nyumasi,singular.nominative,nyumasi
behalf,n,nyumasi,singular.accusative,idanyumasi
behalf,n,nyumasi,singular.genitive,ganyumasi
behalf,n,nyumasi,singular.dative,nyumasihi
behave (act),v,anojo,indicative.present.3sg,anojo
behave (act),v,anojo,imperative.present.3sg,anojoa
behave (act),v,anojo,subjunctive.present.3sg,anojopo
behave (act),v,anojo,conditional.present.3sg,anojod
behave (well),v,hajiro,indicative.present.3sg,hajiro
behave (well),v,hajiro,imperative.present.3sg,hajiroa
behave (well),v,hajiro,subjunctive.present.3sg,hajiropo
behave (well),v,hajiro,conditional.present.3sg,hajirod
being,n,gakinai,singular.nominative,gakinai
being,n,gakinai,singular.accusative,idagakinai
being,n,gakinai,singular.genitive,gakinai
being,n,gakinai,singular.dative,gakinaihi
belch,v,goyugo,indicative.present.3sg,goyugo
belch,v,goyugo,imperative.present.3sg,goyugoa
belch,v,goyugo,subjunctive.present.3sg,goyugopo
belch,v,goyugo,conditional.present.3sg,goyugod
belfry,n,zega,singular.nominative,zega
belfry,n,zega,singular.accusative,idazega
belfry,n,zega,singular.genitive,gazega
belfry,n,zega,singular.dative,zegahi
believe,v,kyamasi,indicative.present.3sg,kyamasi
believe,v,kyamasi,imperative.present.3sg,kyamasia
believe,v,kyamasi,subjunctive.present.3sg,kyamasipo
believe,v,kyamasi,conditional.present.3sg,kyamasid
bell,n,zuhodoz,singular.nominative,zuhodoz
bell,n,zuhodoz,singular.accusative,idazuhodoz
bell,n,zuhodoz,singular.genitive,gazuhodoz
bell,n,zuhodoz,singular.dative,zuhodozahi
bellows,n,woru,singular.nominative,woru
bellows,n,woru,singular.accusative,idaworu
bellows,n,woru,singular.genitive,gaworu
bellows,n,woru,singular.dative,woruhi
belly (stomach area),n,heshito,singular.nominative,heshito
belly (stomach area),n,heshito,singular.accusative,idaheshito
belly (stomach area),n,heshito,singular.genitive,gaheshito
belly (stomach area),n,heshito,singular.dative,heshitohi
belt,n,takinma,singular.nominative,takinma
belt,n,takinma,singular.accusative,idatakinma
belt,n,takinma,singular.genitive,gatakinma
belt,n,takinma,singular.dative,takinmahi
bench,n,kara,singular.nominative,kara
bench,n,kara,singular.accusative,idakara
bench,n,kara,singular.genitive,gakara
bench,n,kara,singular.dative,karahi
bend,v,zohenze,indicative.present.3sg,zohenze
bend,v,zohenze,imperative.present.3sg,zohenzea
bend,v,zohenze,subjunctive.present.3sg,zohenzepo
bend,v,zohenze,conditional.present.3sg,zohenzed
benefit,n,momasu,singular.nominative,momasu
benefit,n,momasu,singular.accusative,idamomasu
benefit,n,momasu,singular.genitive,gamomasu
benefit,n,momasu,singular.dative,momasuhi
benign,adj,gesunma,positive,gesunma
benign,adj,gesunma,comparative,zon gesunma
benign,adj,gesunma,superlative,yafuntt gesunma
berm,n,bomemas,singular.nominative,bomemas
berm,n,bomemas,singular.accusative,idabomemas
berm,n,bomemas,singular.genitive,gabomemas
berm,n,bomemas,singular.dative,bomemasahi
berry,n,senatte,singular.nominative,senatte
berry,n,senatte,singular.accusative,idasenatte
berry,n,senatte,singular.genitive,gasenatte
berry,n,senatte,singular.dative,senattehi
best,adj,arantar,positive,arantar
best,adj,arantar,comparative,zon arantar
best,adj,arantar,superlative,yafuntt arantar
betray,v,zutsu,indicative.present.3sg,zutsu
betray,v,zutsu,imperative.present.3sg,zutsua
betray,v,zutsu,subjunctive.present.3sg,zutsupo
betray,v,zutsu,conditional.present.3sg,zutsud
better,adj,kanhyuw,positive,kanhyuw
better,adj,kanhyuw,comparative,zon kanhyuw
better,adj,kanhyuw,superlative,yafuntt kanhyuw
beverage,n,spemasu,singular.nominative,spemasu
beverage,n,spemasu,singular.accusative,idaspemasu
beverage,n,spemasu,singular.genitive,gaspemasu
beverage,n,spemasu,singular.dative,spemasuhi
bias,n,opoeni,singular.nominative,opoeni
bias,n,opoeni,singular.accusative,idopoeni
bias,n,opoeni,singular.genitive,gopoeni
bias,n,opoeni,singular.dative,opoenihi
bid,v,neji,indicative.present.3sg,neji
bid,v,neji,imperative.present.3sg,nejia
bid,v,neji,subjunctive.present.3sg,nejipo
bid,v,neji,conditional.present.3sg,nejid
big,adj,izuheru,positive,izuheru
big,adj,izuheru,comparative,zon izuheru
big,adj,izuheru,superlative,yafuntt izuheru
bigotry,n,kotsu,singular.nominative,kotsu
bigotry,n,kotsu,singular.accusative,idakotsu
bigotry,n,kotsu,singular.genitive,gakotsu
bigotry,n,kotsu,singular.dative,kotsuhi
bill,n,zemyayu,singular.nominative,zemyayu
bill,n,zemyayu,singular.accusative,idazemyayu
bill,n,zemyayu,singular.genitive,gazemyayu
bill,n,zemyayu,singular.dative,zemyayuhi
billion,num,yojizoz,singular.nominative,yojizoz
billion,num,yojizoz,singular.accusative,idayojizoz
billion,num,yojizoz,singular.genitive,gayojizoz
billion,num,yojizoz,singular.dative,yojizozahi
binding,n,woyo,singular.nominative,woyo
binding,n,woyo,singular.accusative,idawoyo
binding,n,woyo,singular.genitive,gawoyo
binding,n,woyo,singular.dative,woyohi
biology,n,myu,singular.nominative,myu
biology,n,myu,singular.accusative,idamyu
biology,n,myu,singular.genitive,gamyu
biology,n,myu,singular.dative,myuhi
birch,n,chito,singular.nominative,chito
birch,n,chito,singular.accusative,idachito
birch,n,chito,singular.genitive,gachito
birch,n,chito,singular.dative,chitohi
bird,n,dokyu,singular.nominative,dokyu
bird,n,dokyu,singular.accusative,idokyu
bird,n,dokyu,singular.genitive,gadokyu
bird,n,dokyu,singular.dative,dokyuhi
birth,n,tada,singular.nominative,tada
birth,n,tada,singular.accusative,idatada
birth,n,tada,singular.genitive,gatada
birth,n,tada,singular.dative,tadahi
birthday,n,kinaran,singular.nominative,kinaran
birthday,n,kinaran,singular.accusative,idakinaran
birthday,n,kinaran,singular.genitive,gakinaran
birthday,n,kinaran,singular.dative,kinaranahi
biscuit,n,wopihyu,singular.nominative,wopihyu
biscuit,n,wopihyu,singular.accusative,idawopihyu
biscuit,n,wopihyu,singular.genitive,gawopihyu
biscuit,n,wopihyu,singular.dative,wopihyuhi
bit,n,chuchod,singular.nominative,chuchod
bit,n,chuchod,singular.accusative,idachuchod
bit,n,chuchod,singular.genitive,gachuchod
bit,n,chuchod,singular.dative,chuchodahi
bitch,n,chuchos,singular.nominative,chuchos
bitch,n,chuchos,singular.accusative,idachuchos
bitch,n,chuchos,singular.genitive,gachuchos
bitch,n,chuchos,singular.dative,chuchosahi
bite,v,jaazogu,indicative.present.3sg,jaazogu
bite,v,jaazogu,imperative.present.3sg,jaazogua
bite,v,jaazogu,subjunctive.present.3sg,jaazogupo
bite,v,jaazogu,conditional.present.3sg,jaazogud
bizarre,adj,hitozut,positive,hitozut
bizarre,adj,hitozut,comparative,zon hitozut
bizarre,adj,hitozut,superlative,yafuntt hitozut
black,adj,haga,positive,haga
black,adj,haga,comparative,zon haga
black,adj,haga,superlative,yafuntt haga
blackness,n,chitako,singular.nominative,chitako
blackness,n,chitako,singular.accusative,idachitako
blackness,n,chitako,singular.genitive,gachitako
blackness,n,chitako,singular.dative,chitakohi
bladderpipe,n,pogyu,singular.nominative,pogyu
bladderpipe,n,pogyu,singular.accusative,idapogyu
bladderpipe,n,pogyu,singular.genitive,gapogyu
bladderpipe,n,pogyu,singular.dative,pogyuhi
blade,n,ademasu,singular.nominative,ademasu
blade,n,ademasu,singular.accusative,idademasu
blade,n,ademasu,singular.genitive,gademasu
blade,n,ademasu,singular.dative,ademasuhi
blame,v,darimas,indicative.present.3sg,darimas
blame,v,darimas,imperative.present.3sg,darimasa
blame,v,darimas,subjunctive.present.3sg,darimasapo
blame,v,darimas,conditional.present.3sg,darimasad
blank,adj,kotodoz,positive,kotodoz
blank,adj,kotodoz,comparative,zon kotodoz
blank,adj,kotodoz,superlative,yafuntt kotodoz
blanket,n,karinma,singular.nominative,karinma
blanket,n,karinma,singular.accusative,idakarinma
blanket,n,karinma,singular.genitive,gakarinma
blanket,n,karinma,singular.dative,karinmahi
blasphemy,n,karuhed,singular.nominative,karuhed
blasphemy,n,karuhed,singular.accusative,idakaruhed
blasphemy,n,karuhed,singular.genitive,gakaruhed
blasphemy,n,karuhed,singular.dative,karuhedahi
blast,v,gyaya,indicative.present.3sg,gyaya
blast,v,gyaya,imperative.present.3sg,gyaya
blast,v,gyaya,subjunctive.present.3sg,gyayapo
blast,v,gyaya,conditional.present.3sg,gyayad
bleach,n,guhodod,singular.nominative,guhodod
bleach,n,guhodod,singular.accusative,idaguhodod
bleach,n,guhodod,singular.genitive,guhodod
bleach,n,guhodod,singular.dative,guhododahi
bleak,adj,sottari,positive,sottari
bleak,adj,sottari,comparative,zon sottari
bleak,adj,sottari,superlative,yafuntt sottari
bleed,n,dayajip,singular.nominative,dayajip
bleed,n,dayajip,singular.accusative,idayajip
bleed,n,dayajip,singular.genitive,gadayajip
bleed,n,dayajip,singular.dative,dayajipahi
blend,v,zenai,indicative.present.3sg,zenai
blend,v,zenai,imperative.present.3sg,zenaia
blend,v,zenai,subjunctive.present.3sg,zenaipo
blend,v,zenai,conditional.present.3sg,zenaid
blending,n,howa,singular.nominative,howa
blending,n,howa,singular.accusative,idahowa
blending,n,howa,singular.genitive,gahowa
blending,n,howa,singular.dative,howahi
bless,v,ximasu,indicative.present.3sg,ximasu
bless,v,ximasu,imperative.present.3sg,ximasua
bless,v,ximasu,subjunctive.present.3sg,ximasupo
bless,v,ximasu,conditional.present.3sg,ximasud
blessing,n,kosada,singular.nominative,kosada
blessing,n,kosada,singular.accusative,idakosada
blessing,n,kosada,singular.genitive,gakosada
blessing,n,kosada,singular.dative,kosadahi
blight,n,nakatta,singular.nominative,nakatta
blight,n,nakatta,singular.accusative,idanakatta
blight,n,nakatta,singular.genitive,ganakatta
blight,n,nakatta,singular.dative,nakattahi
blind,adj,yute,positive,yute
blind,adj,yute,comparative,zon yute
blind,adj,yute,superlative,yafuntt yute
blink,v,wode,indicative.present.3sg,wode
blink,v,wode,imperative.present.3sg,wodea
blink,v,wode,subjunctive.present.3sg,wodepo
blink,v,wode,conditional.present.3sg,woded
block,n,ojoku,singular.nominative,ojoku
block,n,ojoku,singular.accusative,idojoku
block,n,ojoku,singular.genitive,gojoku
block,n,ojoku,singular.dative,ojokuhi
blonde,adj,kyazo,positive,kyazo
blonde,adj,kyazo,comparative,zon kyazo
blonde,adj,kyazo,superlative,yafuntt kyazo
blood,n,jishata,singular.nominative,jishata
blood,n,jishata,singular.accusative,idajishata
blood,n,jishata,singular.genitive,gajishata
blood,n,jishata,singular.dative,jishatahi
blossom,n,hezo,singular.nominative,hezo
blossom,n,hezo,singular.accusative,idahezo
blossom,n,hezo,singular.genitive,gahezo
blossom,n,hezo,singular.dative,hezohi
blouse,n,hyusoo,singular.nominative,hyusoo
blouse,n,hyusoo,singular.accusative,idahyusoo
blouse,n,hyusoo,singular.genitive,gahyusoo
blouse,n,hyusoo,singular.dative,hyusoohi
blow,v,hamasi,indicative.present.3sg,hamasi
blow,v,hamasi,imperative.present.3sg,hamasia
blow,v,hamasi,subjunctive.present.3sg,hamasipo
blow,v,hamasi,conditional.present.3sg,hamasid
blowgun,n,byamash,singular.nominative,byamash
blowgun,n,byamash,singular.accusative,idabyamash
blowgun,n,byamash,singular.genitive,gabyamash
blowgun,n,byamash,singular.dative,byamashi
blue,adj,hodeze,positive,hodeze
blue,adj,hodeze,comparative,zon hodeze
blue,adj,hodeze,superlative,yafuntt hodeze
bluff,v,heyo,indicative.present.3sg,heyo
bluff,v,heyo,imperative.present.3sg,heyoa
bluff,v,heyo,subjunctive.present.3sg,heyopo
bluff,v,heyo,conditional.present.3sg,heyod
blunder,n,sojikin,singular.nominative,sojikin
blunder,n,sojikin,singular.accusative,idasojikin
blunder,n,sojikin,singular.genitive,gasojikin
blunder,n,sojikin,singular.dative,sojikinahi
blunt,adj,deshito,positive,deshito
blunt,adj,deshito,comparative,zon deshito
blunt,adj,deshito,superlative,yafuntt deshito
blur,n,ezum,singular.nominative,ezum
blur,n,ezum,singular.accusative,idezum
blur,n,ezum,singular.genitive,gezum
blur,n,ezum,singular.dative,ezumahi
boar,n,hochito,singular.nominative,hochito
boar,n,hochito,singular.accusative,idahochito
boar,n,hochito,singular.genitive,gahochito
boar,n,hochito,singular.dative,hochitohi
board,n,nyade,singular.nominative,nyade
board,n,nyade,singular.accusative,idanyade
board,n,nyade,singular.genitive,ganyade
board,n,nyade,singular.dative,nyadehi
boat,n,zus,singular.nominative,zus
boat,n,zus,singular.accusative,idazus
boat,n,zus,singular.genitive,gazus
boat,n,zus,singular.dative,zusahi
body,n,akino,singular.nominative,akino
body,n,akino,singular.accusative,idakino
body,n,akino,singular.genitive,gakino
body,n,akino,singular.dative,akinohi
boil,v,gyuchi,indicative.present.3sg,gyuchi
boil,v,gyuchi,imperative.present.3sg,gyuchia
boil,v,gyuchi,subjunctive.present.3sg,gyuchipo
boil,v,gyuchi,conditional.present.3sg,gyuchid
bola,n,atate,singular.nominative,atate
bola,n,atate,singular.accusative,idatate
bola,n,atate,singular.genitive,gatate
bola,n,atate,singular.dative,atatehi
bolster,v,posekin,indicative.present.3sg,posekin
bolster,v,posekin,imperative.present.3sg,posekina
bolster,v,posekin,subjunctive.present.3sg,posekinapo
bolster,v,posekin,conditional.present.3sg,posekinad
bolt,n,zapyoha,singular.nominative,zapyoha
bolt,n,zapyoha,singular.accusative,idazapyoha
bolt,n,zapyoha,singular.genitive,gazapyoha
bolt,n,zapyoha,singular.dative,zapyohahi
bombard,v,iedicat,indicative.present.3sg,iedicat
bombard,v,iedicat,imperative.present.3sg,iedicata
bombard,v,iedicat,subjunctive.present.3sg,iedicatapo
bombard,v,iedicat,conditional.present.3sg,iedicatad
bond,v,hyuyuyu,indicative.present.3sg,hyuyuyu
bond,v,hyuyuyu,imperative.present.3sg,hyuyuyua
bond,v,hyuyuyu,subjunctive.present.3sg,hyuyuyupo
bond,v,hyuyuyu,conditional.present.3sg,hyuyuyud
bone,n,zono,singular.nominative,zono
bone,n,zono,singular.accusative,idazono
bone,n,zono,singular.genitive,gazono
bone,n,zono,singular.dative,zonohi
bones,n,gogiam,singular.nominative,gogiam
bones,n,gogiam,singular.accusative,idagogiam
bones,n,gogiam,singular.genitive,gogiam
bones,n,gogiam,singular.dative,gogiamahi
book,n,woji,singular.nominative,woji
book,n,woji,singular.accusative,idawoji
book,n,woji,singular.genitive,gawoji
book,n,woji,singular.dative,wojihi
bookshelf,n,sade,singular.nominative,sade
bookshelf,n,sade,singular.accusative,idasade
bookshelf,n,sade,singular.genitive,gasade
bookshelf,n,sade,singular.dative,sadehi
boomerang,n,nyunyay,singular.nominative,nyunyay
boomerang,n,nyunyay,singular.accusative,idanyunyay
boomerang,n,nyunyay,singular.genitive,ganyunyay
boomerang,n,nyunyay,singular.dative,nyunyayahi
boost,v,hyantte,indicative.present.3sg,hyantte
boost,v,hyantte,imperative.present.3sg,hyanttea
boost,v,hyantte,subjunctive.present.3sg,hyanttepo
boost,v,hyantte,conditional.present.3sg,hyantted
boot,n,sebachi,singular.nominative,sebachi
boot,n,sebachi,singular.accusative,idasebachi
boot,n,sebachi,singular.genitive,gasebachi
boot,n,sebachi,singular.dative,sebachihi
border,n,sha,singular.nominative,sha
border,n,sha,singular.accusative,idasha
border,n,sha,singular.genitive,gasha
border,n,sha,singular.dative,shahi
bore,v,soda,indicative.present.3sg,soda
bore,v,soda,imperative.present.3sg,soda
bore,v,soda,subjunctive.present.3sg,sodapo
bore,v,soda,conditional.present.3sg,sodad
boring,adj,ojiza,positive,ojiza
boring,adj,ojiza,comparative,zon ojiza
boring,adj,ojiza,superlative,yafuntt ojiza
"borough, neighborhood",n,hodo,singular.nominative,hodo
"borough, neighborhood",n,hodo,singular.accusative,idahodo
"borough, neighborhood",n,hodo,singular.genitive,gahodo
"borough, neighborhood",n,hodo,singular.dative,hodohi
borrow,v,yamazan,indicative.present.3sg,yamazan
borrow,v,yamazan,imperative.present.3sg,yamazana
borrow,v,yamazan,subjunctive.present.3sg,yamazanapo
borrow,v,yamazan,conditional.present.3sg,yamazanad
boss,n,ejiga,singular.nominative,ejiga
boss,n,ejiga,singular.accusative,idejiga
boss,n,ejiga,singular.genitive,gejiga
boss,n,ejiga,singular.dative,ejigahi
bother,v,natarya,indicative.present.3sg,natarya
bother,v,natarya,imperative.present.3sg,natarya
bother,v,natarya,subjunctive.present.3sg,nataryapo
bother,v,natarya,conditional.present.3sg,nataryad
bottle,n,hodozaa,singular.nominative,hodozaa
bottle,n,hodozaa,singular.accusative,idahodozaa
bottle,n,hodozaa,singular.genitive,gahodozaa
bottle,n,hodozaa,singular.dative,hodozaahi
bottom (lowest part),n,byamasu,singular.nominative,byamasu
bottom (lowest part),n,byamasu,singular.accusative,idabyamasu
bottom (lowest part),n,byamasu,singular.genitive,gabyamasu
bottom (lowest part),n,byamasu,singular.dative,byamasuhi
boulder,n,okya,singular.nominative,okya
boulder,n,okya,singular.accusative,idokya
boulder,n,okya,singular.genitive,gokya
boulder,n,okya,singular.dative,okyahi
bounce,v,kotare,indicative.present.3sg,kotare
bounce,v,kotare,imperative.present.3sg,kotarea
bounce,v,kotare,subjunctive.present.3sg,kotarepo
bounce,v,kotare,conditional.present.3sg,kotared
bow (decorative material),n,wattaso,singular.nominative,wattaso
bow (decorative material),n,wattaso,singular.accusative,idawattaso
bow (decorative material),n,wattaso,singular.genitive,gawattaso
bow (decorative material),n,wattaso,singular.dative,wattasohi
bow (weapon),n,monatte,singular.nominative,monatte
bow (weapon),n,monatte,singular.accusative,idamonatte
bow (weapon),n,monatte,singular.genitive,gamonatte
bow (weapon),n,monatte,singular.dative,monattehi
bow,v,bit,indicative.present.3sg,bit
bow,v,bit,imperative.present.3sg,bita
bow,v,bit,subjunctive.present.3sg,bitapo
bow,v,bit,conditional.present.3sg,bitad
bowl,n,aro,singular.nominative,aro
bowl,n,aro,singular.accusative,idaro
bowl,n,aro,singular.genitive,garo
bowl,n,aro,singular.dative,arohi
box,n,damashe,singular.nominative,damashe
box,n,damashe,singular.accusative,idamashe
box,n,damashe,singular.genitive,gadamashe
box,n,damashe,singular.dative,damashehi
boy,n,shita,singular.nominative,shita
boy,n,shita,singular.accusative,idashita
boy,n,shita,singular.genitive,gashita
boy,n,shita,singular.dative,shitahi
boyfriend,n,okyunm,singular.nominative,okyunm
boyfriend,n,okyunm,singular.accusative,idokyunm
boyfriend,n,okyunm,singular.genitive,gokyunm
boyfriend,n,okyunm,singular.dative,okyunmahi
bra,n,chauzom,singular.nominative,chauzom
bra,n,chauzom,singular.accusative,idachauzom
bra,n,chauzom,singular.genitive,gachauzom
bra,n,chauzom,singular.dative,chauzomahi
brace,v,yojiish,indicative.present.3sg,yojiish
brace,v,yojiish,imperative.present.3sg,yojiisha
brace,v,yojiish,subjunctive.present.3sg,yojiishapo
brace,v,yojiish,conditional.present.3sg,yojiishad
bracer,n,janyute,singular.nominative,janyute
bracer,n,janyute,singular.accusative,idajanyute
bracer,n,janyute,singular.genitive,gajanyute
bracer,n,janyute,singular.dative,janyutehi
bracket,n,dommo,singular.nominative,dommo
bracket,n,dommo,singular.accusative,idommo
bracket,n,dommo,singular.genitive,gadommo
bracket,n,dommo,singular.dative,dommohi
brag,v,mode,indicative.present.3sg,mode
brag,v,mode,imperative.present.3sg,modea
brag,v,mode,subjunctive.present.3sg,modepo
brag,v,mode,conditional.present.3sg,moded
braid,n,sosesu,singular.nominative,sosesu
braid,n,sosesu,singular.accusative,idasosesu
braid,n,sosesu,singular.genitive,gasosesu
braid,n,sosesu,singular.dative,sosesuhi
brain,n,sezuzas,singular.nominative,sezuzas
brain,n,sezuzas,singular.accusative,idasezuzas
brain,n,sezuzas,singular.genitive,gasezuzas
brain,n,sezuzas,singular.dative,sezuzasahi
brake,v,otsu,indicative.present.3sg,otsu
brake,v,otsu,imperative.present.3sg,otsua
brake,v,otsu,subjunctive.present.3sg,otsupo
brake,v,otsu,conditional.present.3sg,otsud
branch,n,dehanak,singular.nominative,dehanak
branch,n,dehanak,singular.accusative,idehanak
branch,n,dehanak,singular.genitive,gadehanak
branch,n,dehanak,singular.dative,dehanakahi
brandy,n,kautsu,singular.nominative,kautsu
brandy,n,kautsu,singular.accusative,idakautsu
brandy,n,kautsu,singular.genitive,gakautsu
brandy,n,kautsu,singular.dative,kautsuhi
brass,n,dato,singular.nominative,dato
brass,n,dato,singular.accusative,idato
brass,n,dato,singular.genitive,gadato
brass,n,dato,singular.dative,datohi
brazier,n,uku,singular.nominative,uku
brazier,n,uku,singular.accusative,iduku
brazier,n,uku,singular.genitive,guku
brazier,n,uku,singular.dative,ukuhi
bread,n,soze,singular.nominative,soze
bread,n,soze,singular.accusative,idasoze
bread,n,soze,singular.genitive,gasoze
bread,n,soze,singular.dative,sozehi
break,v,nyattem,indicative.present.3sg,nyattem
break,v,nyattem,imperative.present.3sg,nyattema
break,v,nyattem,subjunctive.present.3sg,nyattemapo
break,v,nyattem,conditional.present.3sg,nyattemad
breakdown,n,anakina,singular.nominative,anakina
breakdown,n,anakina,singular.accusative,idanakina
breakdown,n,anakina,singular.genitive,ganakina
breakdown,n,anakina,singular.dative,anakinahi
breakfast,n,hicivir,singular.nominative,hicivir
breakfast,n,hicivir,singular.accusative,idahicivir
breakfast,n,hicivir,singular.genitive,gahicivir
breakfast,n,hicivir,singular.dative,hicivirahi
breakthrough,n,woshi,singular.nominative,woshi
breakthrough,n,woshi,singular.accusative,idawoshi
breakthrough,n,woshi,singular.genitive,gawoshi
breakthrough,n,woshi,singular.dative,woshihi
breast,n,samasu,singular.nominative,samasu
breast,n,samasu,singular.accusative,idasamasu
breast,n,samasu,singular.genitive,gasamasu
breast,n,samasu,singular.dative,samasuhi
breastplate,n,hahyama,singular.nominative,hahyama
breastplate,n,hahyama,singular.accusative,idahahyama
breastplate,n,hahyama,singular.genitive,gahahyama
breastplate,n,hahyama,singular.dative,hahyamahi
breathe,v,bonsili,indicative.present.3sg,bonsili
breathe,v,bonsili,imperative.present.3sg,bonsilia
breathe,v,bonsili,subjunctive.present.3sg,bonsilipo
breathe,v,bonsili,conditional.present.3sg,bonsilid
breathing,n,nihyozo,singular.nominative,nihyozo
breathing,n,nihyozo,singular.accusative,idanihyozo
breathing,n,nihyozo,singular.genitive,ganihyozo
breathing,n,nihyozo,singular.dative,nihyozohi
breed,n,shoryun,singular.nominative,shoryun
breed,n,shoryun,singular.accusative,idashoryun
breed,n,shoryun,singular.genitive,gashoryun
breed,n,shoryun,singular.dative,shoryunahi
breeze,n,ozubyu,singular.nominative,ozubyu
breeze,n,ozubyu,singular.accusative,idozubyu
breeze,n,ozubyu,singular.genitive,gozubyu
breeze,n,ozubyu,singular.dative,ozubyuhi
bribe,n,neta,singular.nominative,neta
bribe,n,neta,singular.accusative,idaneta
bribe,n,neta,singular.genitive,ganeta
bribe,n,neta,singular.dative,netahi
brick,n,zohomim,singular.nominative,zohomim
brick,n,zohomim,singular.accusative,idazohomim
brick,n,zohomim,singular.genitive,gazohomim
brick,n,zohomim,singular.dative,zohomimahi
bridge,n,kotohes,singular.nominative,kotohes
bridge,n,kotohes,singular.accusative,idakotohes
bridge,n,kotohes,singular.genitive,gakotohes
bridge,n,kotohes,singular.dative,kotohesahi
bridle,n,desumas,singular.nominative,desumas
bridle,n,desumas,singular.accusative,idesumas
bridle,n,desumas,singular.genitive,gadesumas
bridle,n,desumas,singular.dative,desumasahi
brief,v,moyanya,indicative.present.3sg,moyanya
brief,v,moyanya,imperative.present.3sg,moyanya
brief,v,moyanya,subjunctive.present.3sg,moyanyapo
brief,v,moyanya,conditional.present.3sg,moyanyad
bright,adj,pyafu,positive,pyafu
bright,adj,pyafu,comparative,zon pyafu
bright,adj,pyafu,superlative,yafuntt pyafu
brimstone,n,hohabo,singular.nominative,hohabo
brimstone,n,hohabo,singular.accusative,idahohabo
brimstone,n,hohabo,singular.genitive,gahohabo
brimstone,n,hohabo,singular.dative,hohabohi
bring,v,ryahito,indicative.present.3sg,ryahito
bring,v,ryahito,imperative.present.3sg,ryahitoa
bring,v,ryahito,subjunctive.present.3sg,ryahitopo
bring,v,ryahito,conditional.present.3sg,ryahitod
broad,adj,tou,positive,tou
broad,adj,tou,comparative,zon tou
broad,adj,tou,superlative,yafuntt tou
broadhead,n,yoo,singular.nominative,yoo
broadhead,n,yoo,singular.accusative,idayoo
broadhead,n,yoo,singular.genitive,gayoo
broadhead,n,yoo,singular.dative,yoohi
broadsword,n,ryobuse,singular.nominative,ryobuse
broadsword,n,ryobuse,singular.accusative,idaryobuse
broadsword,n,ryobuse,singular.genitive,garyobuse
broadsword,n,ryobuse,singular.dative,ryobusehi
brochure,n,kyuru,singular.nominative,kyuru
brochure,n,kyuru,singular.accusative,idakyuru
brochure,n,kyuru,singular.genitive,gakyuru
brochure,n,kyuru,singular.dative,kyuruhi
bronze,n,zuji,singular.nominative,zuji
bronze,n,zuji,singular.accusative,idazuji
bronze,n,zuji,singular.genitive,gazuji
bronze,n,zuji,singular.dative,zujihi
brook,n,takyo,singular.nominative,takyo
brook,n,takyo,singular.accusative,idatakyo
brook,n,takyo,singular.genitive,gatakyo
brook,n,takyo,singular.dative,takyohi
broom,n,ogyono,singular.nominative,ogyono
broom,n,ogyono,singular.accusative,idogyono
broom,n,ogyono,singular.genitive,gogyono
broom,n,ogyono,singular.dative,ogyonohi
broth,n,nakiyu,singular.nominative,nakiyu
broth,n,nakiyu,singular.accusative,idanakiyu
broth,n,nakiyu,singular.genitive,ganakiyu
broth,n,nakiyu,singular.dative,nakiyuhi
brothel,n,amashir,singular.nominative,amashir
brothel,n,amashir,singular.accusative,idamashir
brothel,n,amashir,singular.genitive,gamashir
brothel,n,amashir,singular.dative,amashirahi
brother,n,usu,singular.nominative,usu
brother,n,usu,singular.accusative,idusu
brother,n,usu,singular.genitive,gusu
brother,n,usu,singular.dative,usuhi
brow,n,ozupano,singular.nominative,ozupano
brow,n,ozupano,singular.accusative,idozupano
brow,n,ozupano,singular.genitive,gozupano
brow,n,ozupano,singular.dative,ozupanohi
brown,adj,hansa,positive,hansa
brown,adj,hansa,comparative,zon hansa
brown,adj,hansa,superlative,yafuntt hansa
bruise,n,antta,singular.nominative,antta
bruise,n,antta,singular.accusative,idantta
bruise,n,antta,singular.genitive,gantta
bruise,n,antta,singular.dative,anttahi
brush,n,ata,singular.nominative,ata
brush,n,ata,singular.accusative,idata
brush,n,ata,singular.genitive,gata
brush,n,ata,singular.dative,atahi
bucket,n,yude,singular.nominative,yude
bucket,n,yude,singular.accusative,idayude
bucket,n,yude,singular.genitive,gayude
bucket,n,yude,singular.dative,yudehi
buckler,n,daranar,singular.nominative,daranar
buckler,n,daranar,singular.accusative,idaranar
buckler,n,daranar,singular.genitive,gadaranar
buckler,n,daranar,singular.dative,daranarahi
bud,n,himintt,singular.nominative,himintt
bud,n,himintt,singular.accusative,idahimintt
bud,n,himintt,singular.genitive,gahimintt
bud,n,himintt,singular.dative,himinttahi
buffalo,n,atasi,singular.nominative,atasi
buffalo,n,atasi,singular.accusative,idatasi
buffalo,n,atasi,singular.genitive,gatasi
buffalo,n,atasi,singular.dative,atasihi
bug,n,tohemas,singular.nominative,tohemas
bug,n,tohemas,singular.accusative,idatohemas
bug,n,tohemas,singular.genitive,gatohemas
bug,n,tohemas,singular.dative,tohemasahi
build,v,yomasi,indicative.present.3sg,yomasi
build,v,yomasi,imperative.present.3sg,yomasia
build,v,yomasi,subjunctive.present.3sg,yomasipo
build,v,yomasi,conditional.present.3sg,yomasid
building,n,hahotsu,singular.nominative,hahotsu
building,n,hahotsu,singular.accusative,idahahotsu
building,n,hahotsu,singular.genitive,gahahotsu
building,n,hahotsu,singular.dative,hahotsuhi
bulb,n,monyude,singular.nominative,monyude
bulb,n,monyude,singular.accusative,idamonyude
bulb,n,monyude,singular.genitive,gamonyude
bulb,n,monyude,singular.dative,monyudehi
bulk,n,kottema,singular.nominative,kottema
bulk,n,kottema,singular.accusative,idakottema
bulk,n,kottema,singular.genitive,gakottema
bulk,n,kottema,singular.dative,kottemahi
bull,n,puzusan,singular.nominative,puzusan
bull,n,puzusan,singular.accusative,idapuzusan
bull,n,puzusan,singular.genitive,gapuzusan
bull,n,puzusan,singular.dative,puzusanahi
bullet,n,pyamasu,singular.nominative,pyamasu
bullet,n,pyamasu,singular.accusative,idapyamasu
bullet,n,pyamasu,singular.genitive,gapyamasu
bullet,n,pyamasu,singular.dative,pyamasuhi
bully,n,asi,singular.nominative,asi
bully,n,asi,singular.accusative,idasi
bully,n,asi,singular.genitive,gasi
bully,n,asi,singular.dative,asihi
bump,n,liatama,singular.nominative,liatama
bump,n,liatama,singular.accusative,idaliatama
bump,n,liatama,singular.genitive,galiatama
bump,n,liatama,singular.dative,liatamahi
bun,n,artisa,singular.nominative,artisa
bun,n,artisa,singular.accusative,idartisa
bun,n,artisa,singular.genitive,gartisa
bun,n,artisa,singular.dative,artisahi
bundle,n,jira,singular.nominative,jira
bundle,n,jira,singular.accusative,idajira
bundle,n,jira,singular.genitive,gajira
bundle,n,jira,singular.dative,jirahi
bunker,n,kotofu,singular.nominative,kotofu
bunker,n,kotofu,singular.accusative,idakotofu
bunker,n,kotofu,singular.genitive,gakotofu
bunker,n,kotofu,singular.dative,kotofuhi
bureaucracy,n,anbyowo,singular.nominative,anbyowo
bureaucracy,n,anbyowo,singular.accusative,idanbyowo
bureaucracy,n,anbyowo,singular.genitive,ganbyowo
bureaucracy,n,anbyowo,singular.dative,anbyowohi
bureaucrat,n,podawoz,singular.nominative,podawoz
bureaucrat,n,podawoz,singular.accusative,idapodawoz
bureaucrat,n,podawoz,singular.genitive,gapodawoz
bureaucrat,n,podawoz,singular.dative,podawozahi
burger,n,memasi,singular.nominative,memasi
burger,n,memasi,singular.accusative,idamemasi
burger,n,memasi,singular.genitive,gamemasi
burger,n,memasi,singular.dative,memasihi
burly,adj,okyaji,positive,okyaji
burly,adj,okyaji,comparative,zon okyaji
burly,adj,okyaji,superlative,yafuntt okyaji
burn,n,gotasuy,singular.nominative,gotasuy
burn,n,gotasuy,singular.accusative,idagotasuy
burn,n,gotasuy,singular.genitive,gotasuy
burn,n,gotasuy,singular.dative,gotasuyahi
burp,v,poshi,indicative.present.3sg,poshi
burp,v,poshi,imperative.present.3sg,poshia
burp,v,poshi,subjunctive.present.3sg,poshipo
burp,v,poshi,conditional.present.3sg,poshid
burst,v,gokaru,indicative.present.3sg,gokaru
burst,v,gokaru,imperative.present.3sg,gokarua
burst,v,gokaru,subjunctive.present.3sg,gokarupo
burst,v,gokaru,conditional.present.3sg,gokarud
bury,v,nyujuda,indicative.present.3sg,nyujuda
bury,v,nyujuda,imperative.present.3sg,nyujuda
bury,v,nyujuda,subjunctive.present.3sg,nyujudapo
bury,v,nyujuda,conditional.present.3sg,nyujudad
bush,n,ezapuda,singular.nominative,ezapuda
bush,n,ezapuda,singular.accusative,idezapuda
bush,n,ezapuda,singular.genitive,gezapuda
bush,n,ezapuda,singular.dative,ezapudahi
bushel,n,yaru,singular.nominative,yaru
bushel,n,yaru,singular.accusative,idayaru
bushel,n,yaru,singular.genitive,gayaru
bushel,n,yaru,singular.dative,yaruhi
business,n,sonvito,singular.nominative,sonvito
business,n,sonvito,singular.accusative,idasonvito
business,n,sonvito,singular.genitive,gasonvito
business,n,sonvito,singular.dative,sonvitohi
bust,v,karimas,indicative.present.3sg,karimas
bust,v,karimas,imperative.present.3sg,karimasa
bust,v,karimas,subjunctive.present.3sg,karimasapo
bust,v,karimas,conditional.present.3sg,karimasad
butt,n,woyozee,singular.nominative,woyozee
butt,n,woyozee,singular.accusative,idawoyozee
butt,n,woyozee,singular.genitive,gawoyozee
butt,n,woyozee,singular.dative,woyozeehi
butte,n,goso,singular.nominative,goso
butte,n,goso,singular.accusative,idagoso
butte,n,goso,singular.genitive,goso
butte,n,goso,singular.dative,gosohi
butter,n,monhens,singular.nominative,monhens
butter,n,monhens,singular.accusative,idamonhens
butter,n,monhens,singular.genitive,gamonhens
butter,n,monhens,singular.dative,monhensahi
buttermilk,n,eyonory,singular.nominative,eyonory
buttermilk,n,eyonory,singular.accusative,ideyonory
buttermilk,n,eyonory,singular.genitive,geyonory
buttermilk,n,eyonory,singular.dative,eyonoryahi
buttocks,n,huyatte,singular.nominative,huyatte
buttocks,n,huyatte,singular.accusative,idahuyatte
buttocks,n,huyatte,singular.genitive,gahuyatte
buttocks,n,huyatte,singular.dative,huyattehi
button,n,chunaro,singular.nominative,chunaro
button,n,chunaro,singular.accusative,idachunaro
button,n,chunaro,singular.genitive,gachunaro
button,n,chunaro,singular.dative,chunarohi
buttress,n,usoo,singular.nominative,usoo
buttress,n,usoo,singular.accusative,idusoo
buttress,n,usoo,singular.genitive,gusoo
buttress,n,usoo,singular.dative,usoohi
buxom,adj,nyun,positive,nyun
buxom,adj,nyun,comparative,zon nyun
buxom,adj,nyun,superlative,yafuntt nyun
buy,v,narox,indicative.present.3sg,narox
buy,v,narox,imperative.present.3sg,naroxa
buy,v,narox,subjunctive.present.3sg,naroxapo
buy,v,narox,conditional.present.3sg,naroxad
buzzard,n,fuzushi,singular.nominative,fuzushi
buzzard,n,fuzushi,singular.accusative,idafuzushi
buzzard,n,fuzushi,singular.genitive,gafuzushi
buzzard,n,fuzushi,singular.dative,fuzushihi
cab,n,semasun,singular.nominative,semasun
cab,n,semasun,singular.accusative,idasemasun
cab,n,semasun,singular.genitive,gasemasun
cab,n,semasun,singular.dative,semasunahi
cabbage,n,onakin,singular.nominative,onakin
cabbage,n,onakin,singular.accusative,idonakin
cabbage,n,onakin,singular.genitive,gonakin
cabbage,n,onakin,singular.dative,onakinahi
cabin,n,wabyo,singular.nominative,wabyo
cabin,n,wabyo,singular.accusative,idawabyo
cabin,n,wabyo,singular.genitive,gawabyo
cabin,n,wabyo,singular.dative,wabyohi
cabinet,n,wodasu,singular.nominative,wodasu
cabinet,n,wodasu,singular.accusative,idawodasu
cabinet,n,wodasu,singular.genitive,gawodasu
cabinet,n,wodasu,singular.dative,wodasuhi
cafeteria,n,waanaki,singular.nominative,waanaki
cafeteria,n,waanaki,singular.accusative,idawaanaki
cafeteria,n,waanaki,singular.genitive,gawaanaki
cafeteria,n,waanaki,singular.dative,waanakihi
cage,n,moneyom,singular.nominative,moneyom
cage,n,moneyom,singular.accusative,idamoneyom
cage,n,moneyom,singular.genitive,gamoneyom
cage,n,moneyom,singular.dative,moneyomahi
cake,n,exta,singular.nominative,exta
cake,n,exta,singular.accusative,idexta
cake,n,exta,singular.genitive,gexta
cake,n,exta,singular.dative,extahi
calculate,v,denyasu,indicative.present.3sg,denyasu
calculate,v,denyasu,imperative.present.3sg,denyasua
calculate,v,denyasu,subjunctive.present.3sg,denyasupo
calculate,v,denyasu,conditional.present.3sg,denyasud
calf,n,luporu,singular.nominative,luporu
calf,n,luporu,singular.accusative,idaluporu
calf,n,luporu,singular.genitive,galuporu
calf,n,luporu,singular.dative,luporuhi
call,v,zeno,indicative.present.3sg,zeno
call,v,zeno,imperative.present.3sg,zenoa
call,v,zeno,subjunctive.present.3sg,zenopo
call,v,zeno,conditional.present.3sg,zenod
calling,n,hoda,singular.nominative,hoda
calling,n,hoda,singular.accusative,idahoda
calling,n,hoda,singular.genitive,gahoda
calling,n,hoda,singular.dative,hodahi
calm,adj,resu,positive,resu
calm,adj,resu,comparative,zon resu
calm,adj,resu,superlative,yafuntt resu
calming,n,nyojiny,singular.nominative,nyojiny
calming,n,nyojiny,singular.accusative,idanyojiny
calming,n,nyojiny,singular.genitive,ganyojiny
calming,n,nyojiny,singular.dative,nyojinyahi
caltrop,n,sazosa,singular.nominative,sazosa
caltrop,n,sazosa,singular.accusative,idasazosa
caltrop,n,sazosa,singular.genitive,gasazosa
caltrop,n,sazosa,singular.dative,sazosahi
camel,n,hemasu,singular.nominative,hemasu
camel,n,hemasu,singular.accusative,idahemasu
camel,n,hemasu,singular.genitive,gahemasu
camel,n,hemasu,singular.dative,hemasuhi
camera,n,kotesu,singular.nominative,kotesu
camera,n,kotesu,singular.accusative,idakotesu
camera,n,kotesu,singular.genitive,gakotesu
camera,n,kotesu,singular.dative,kotesuhi
camp,n,ettasu,singular.nominative,ettasu
camp,n,ettasu,singular.accusative,idettasu
camp,n,ettasu,singular.genitive,gettasu
camp,n,ettasu,singular.dative,ettasuhi
campaign,n,mya,singular.nominative,mya
campaign,n,mya,singular.accusative,idamya
campaign,n,mya,singular.genitive,gamya
campaign,n,mya,singular.dative,myahi
camphor,n,jani,singular.nominative,jani
camphor,n,jani,singular.accusative,idajani
camphor,n,jani,singular.genitive,gajani
camphor,n,jani,singular.dative,janihi
can,v,yudozus,indicative.present.3sg,yudozus
can,v,yudozus,imperative.present.3sg,yudozusa
can,v,yudozus,subjunctive.present.3sg,yudozusapo
can,v,yudozus,conditional.present.3sg,yudozusad
canal,n,sozuhot,singular.nominative,sozuhot
canal,n,sozuhot,singular.accusative,idasozuhot
canal,n,sozuhot,singular.genitive,gasozuhot
canal,n,sozuhot,singular.dative,sozuhotahi
candle,n,dega,singular.nominative,dega
candle,n,dega,singular.accusative,idega
candle,n,dega,singular.genitive,gadega
candle,n,dega,singular.dative,degahi
"candleholder, candlestick",n,gofuma,singular.nominative,gofuma
"candleholder, candlestick",n,gofuma,singular.accusative,idagofuma
"candleholder, candlestick",n,gofuma,singular.genitive,gofuma
"candleholder, candlestick",n,gofuma,singular.dative,gofumahi
candy,n,hitagis,singular.nominative,hitagis
candy,n,hitagis,singular.accusative,idahitagis
candy,n,hitagis,singular.genitive,gahitagis
candy,n,hitagis,singular.dative,hitagisahi
cane,n,ane,singular.nominative,ane
cane,n,ane,singular.accusative,idane
cane,n,ane,singular.genitive,gane
cane,n,ane,singular.dative,anehi
cannon (weapon),n,gyozuze,singular.nominative,gyozuze
cannon (weapon),n,gyozuze,singular.accusative,idagyozuze
cannon (weapon),n,gyozuze,singular.genitive,gayozuze
cannon (weapon),n,gyozuze,singular.dative,gyozuzehi
canoe,n,yuzoret,singular.nominative,yuzoret
canoe,n,yuzoret,singular.accusative,idayuzoret
canoe,n,yuzoret,singular.genitive,gayuzoret
canoe,n,yuzoret,singular.dative,yuzoretahi
canon (law),n,refusez,singular.nominative,refusez
canon (law),n,refusez,singular.accusative,idarefusez
canon (law),n,refusez,singular.genitive,garefusez
canon (law),n,refusez,singular.dative,refusezahi
canopy,n,fumasu,singular.nominative,fumasu
canopy,n,fumasu,singular.accusative,idafumasu
canopy,n,fumasu,singular.genitive,gafumasu
canopy,n,fumasu,singular.dative,fumasuhi
canteen,n,kantuma,singular.nominative,kantuma
canteen,n,kantuma,singular.accusative,idakantuma
canteen,n,kantuma,singular.genitive,gakantuma
canteen,n,kantuma,singular.dative,kantumahi
canvas,n,toda,singular.nominative,toda
canvas,n,toda,singular.accusative,idatoda
canvas,n,toda,singular.genitive,gatoda
canvas,n,toda,singular.dative,todahi
canyon,n,jan,singular.nominative,jan
canyon,n,jan,singular.accusative,idajan
canyon,n,jan,singular.genitive,gajan
canyon,n,jan,singular.dative,janahi
cap,n,kyadapu,singular.nominative,kyadapu
cap,n,kyadapu,singular.accusative,idakyadapu
cap,n,kyadapu,singular.genitive,gakyadapu
cap,n,kyadapu,singular.dative,kyadapuhi
capacity,n,kotakub,singular.nominative,kotakub
capacity,n,kotakub,singular.accusative,idakotakub
capacity,n,kotakub,singular.genitive,gakotakub
capacity,n,kotakub,singular.dative,kotakubahi
caper,n,himu,singular.nominative,himu
caper,n,himu,singular.accusative,idahimu
caper,n,himu,singular.genitive,gahimu
caper,n,himu,singular.dative,himuhi
capital,n,omasu,singular.nominative,omasu
capital,n,omasu,singular.accusative,idomasu
capital,n,omasu,singular.genitive,gomasu
capital,n,omasu,singular.dative,omasuhi
capon,n,myunai,singular.nominative,myunai
capon,n,myunai,singular.accusative,idamyunai
capon,n,myunai,singular.genitive,gamyunai
capon,n,myunai,singular.dative,myunaihi
capsule,n,ojicent,singular.nominative,ojicent
capsule,n,ojicent,singular.accusative,idojicent
capsule,n,ojicent,singular.genitive,gojicent
capsule,n,ojicent,singular.dative,ojicentahi
captain (of ship),n,juru,singular.nominative,juru
captain (of ship),n,juru,singular.accusative,idajuru
captain (of ship),n,juru,singular.genitive,gajuru
captain (of ship),n,juru,singular.dative,juruhi
capture,v,odomama,indicative.present.3sg,odomama
capture,v,odomama,imperative.present.3sg,odomama
capture,v,odomama,subjunctive.present.3sg,odomamapo
capture,v,odomama,conditional.present.3sg,odomamad
carcass,n,pyomasu,singular.nominative,pyomasu
carcass,n,pyomasu,singular.accusative,idapyomasu
carcass,n,pyomasu,singular.genitive,gapyomasu
carcass,n,pyomasu,singular.dative,pyomasuhi
card,n,izosa,singular.nominative,izosa
card,n,izosa,singular.accusative,idizosa
card,n,izosa,singular.genitive,gizosa
card,n,izosa,singular.dative,izosahi
carding comb,n,zum,singular.nominative,zum
carding comb,n,zum,singular.accusative,idazum
carding comb,n,zum,singular.genitive,gazum
carding comb,n,zum,singular.dative,zumahi
care,v,enhe,indicative.present.3sg,enhe
care,v,enhe,imperative.present.3sg,enhea
care,v,enhe,subjunctive.present.3sg,enhepo
care,v,enhe,conditional.present.3sg,enhed
career,n,ishis,singular.nominative,ishis
career,n,ishis,singular.accusative,idishis
career,n,ishis,singular.genitive,gishis
career,n,ishis,singular.dative,ishisahi
carpenter’s level,n,chi,singular.nominative,chi
carpenter’s level,n,chi,singular.accusative,idachi
carpenter’s level,n,chi,singular.genitive,gachi
carpenter’s level,n,chi,singular.dative,chihi
carpenter’s square,n,hai,singular.nominative,hai
carpenter’s square,n,hai,singular.accusative,idahai
carpenter’s square,n,hai,singular.genitive,gahai
carpenter’s square,n,hai,singular.dative,haihi
carpet,n,jiajito,singular.nominative,jiajito
carpet,n,jiajito,singular.accusative,idajiajito
carpet,n,jiajito,singular.genitive,gajiajito
carpet,n,jiajito,singular.dative,jiajitohi
carriage,n,qin,singular.nominative,qin
carriage,n,qin,singular.accusative,idaqin
carriage,n,qin,singular.genitive,gaqin
carriage,n,qin,singular.dative,qinahi
carrier,n,zeyubya,singular.nominative,zeyubya
carrier,n,zeyubya,singular.accusative,idazeyubya
carrier,n,zeyubya,singular.genitive,gazeyubya
carrier,n,zeyubya,singular.dative,zeyubyahi
carrot,n,fude,singular.nominative,fude
carrot,n,fude,singular.accusative,idafude
carrot,n,fude,singular.genitive,gafude
carrot,n,fude,singular.dative,fudehi
carry,v,sotoga,indicative.present.3sg,sotoga
carry,v,sotoga,imperative.present.3sg,sotoga
carry,v,sotoga,subjunctive.present.3sg,sotogapo
carry,v,sotoga,conditional.present.3sg,sotogad
cart,n,cumasu,singular.nominative,cumasu
cart,n,cumasu,singular.accusative,idacumasu
cart,n,cumasu,singular.genitive,gacumasu
cart,n,cumasu,singular.dative,cumasuhi
cartomancy,n,zetumas,singular.nominative,zetumas
cartomancy,n,zetumas,singular.accusative,idazetumas
cartomancy,n,zetumas,singular.genitive,gazetumas
cartomancy,n,zetumas,singular.dative,zetumasahi
cartoon,n,roo,singular.nominative,roo
cartoon,n,roo,singular.accusative,idaroo
cartoon,n,roo,singular.genitive,garoo
cartoon,n,roo,singular.dative,roohi
case,n,kamashi,singular.nominative,kamashi
case,n,kamashi,singular.accusative,idakamashi
case,n,kamashi,singular.genitive,gakamashi
case,n,kamashi,singular.dative,kamashihi
cashew,n,cipocho,singular.nominative,cipocho
cashew,n,cipocho,singular.accusative,idacipocho
cashew,n,cipocho,singular.genitive,gacipocho
cashew,n,cipocho,singular.dative,cipochohi
casino,n,que,singular.nominative,que
casino,n,que,singular.accusative,idaque
casino,n,que,singular.genitive,gaque
casino,n,que,singular.dative,quehi
cask,n,nyanari,singular.nominative,nyanari
cask,n,nyanari,singular.accusative,idanyanari
cask,n,nyanari,singular.genitive,ganyanari
cask,n,nyanari,singular.dative,nyanarihi
casting,v,yumasu,indicative.present.3sg,yumasu
casting,v,yumasu,imperative.present.3sg,yumasua
casting,v,yumasu,subjunctive.present.3sg,yumasupo
casting,v,yumasu,conditional.present.3sg,yumasud
castle,n,zosu,singular.nominative,zosu
castle,n,zosu,singular.accusative,idazosu
castle,n,zosu,singular.genitive,gazosu
castle,n,zosu,singular.dative,zosuhi
casual,adj,ryodesh,positive,ryodesh
casual,adj,ryodesh,comparative,zon ryodesh
casual,adj,ryodesh,superlative,yafuntt ryodesh
cat,n,nulli,singular.nominative,nulli
cat,n,nulli,singular.accusative,idanulli
cat,n,nulli,singular.genitive,ganulli
cat,n,nulli,singular.dative,nullihi
catalog,n,wowo,singular.nominative,wowo
catalog,n,wowo,singular.accusative,idawowo
catalog,n,wowo,singular.genitive,gawowo
catalog,n,wowo,singular.dative,wowohi
catastrophe,n,ozadeso,singular.nominative,ozadeso
catastrophe,n,ozadeso,singular.accusative,idozadeso
catastrophe,n,ozadeso,singular.genitive,gozadeso
catastrophe,n,ozadeso,singular.dative,ozadesohi
catch,v,hittasu,indicative.present.3sg,hittasu
catch,v,hittasu,imperative.present.3sg,hittasua
catch,v,hittasu,subjunctive.present.3sg,hittasupo
catch,v,hittasu,conditional.present.3sg,hittasud
cater,v,wokara,indicative.present.3sg,wokara
cater,v,wokara,imperative.present.3sg,wokara
cater,v,wokara,subjunctive.present.3sg,wokarapo
cater,v,wokara,conditional.present.3sg,wokarad
caterpillar,n,nyapina,singular.nominative,nyapina
caterpillar,n,nyapina,singular.accusative,idanyapina
caterpillar,n,nyapina,singular.genitive,ganyapina
caterpillar,n,nyapina,singular.dative,nyapinahi
cathedral,n,ruhyazo,singular.nominative,ruhyazo
cathedral,n,ruhyazo,singular.accusative,idaruhyazo
cathedral,n,ruhyazo,singular.genitive,garuhyazo
cathedral,n,ruhyazo,singular.dative,ruhyazohi
catnip,n,tsumasu,singular.nominative,tsumasu
catnip,n,tsumasu,singular.accusative,idatsumasu
catnip,n,tsumasu,singular.genitive,gatsumasu
catnip,n,tsumasu,singular.dative,tsumasuhi
cauldron,n,yuja,singular.nominative,yuja
cauldron,n,yuja,singular.accusative,idayuja
cauldron,n,yuja,singular.genitive,gayuja
cauldron,n,yuja,singular.dative,yujahi
cause,v,yupyono,indicative.present.3sg,yupyono
cause,v,yupyono,imperative.present.3sg,yupyonoa
cause,v,yupyono,subjunctive.present.3sg,yupyonopo
cause,v,yupyono,conditional.present.3sg,yupyonod
causing,v,katte,indicative.present.3sg,katte
causing,v,katte,imperative.present.3sg,kattea
causing,v,katte,subjunctive.present.3sg,kattepo
causing,v,katte,conditional.present.3sg,katted
caution,n,xinmasu,singular.nominative,xinmasu
caution,n,xinmasu,singular.accusative,idaxinmasu
caution,n,xinmasu,singular.genitive,gaxinmasu
caution,n,xinmasu,singular.dative,xinmasuhi
cavalry,n,kyu,singular.nominative,kyu
cavalry,n,kyu,singular.accusative,idakyu
cavalry,n,kyu,singular.genitive,gakyu
cavalry,n,kyu,singular.dative,kyuhi
cave,n,dojizao,singular.nominative,dojizao
cave,n,dojizao,singular.accusative,idojizao
cave,n,dojizao,singular.genitive,gadojizao
cave,n,dojizao,singular.dative,dojizaohi
cavity,n,doejifu,singular.nominative,doejifu
cavity,n,doejifu,singular.accusative,idoejifu
cavity,n,doejifu,singular.genitive,gadoejifu
cavity,n,doejifu,singular.dative,doejifuhi
cedar,n,hyodasu,singular.nominative,hyodasu
cedar,n,hyodasu,singular.accusative,idahyodasu
cedar,n,hyodasu,singular.genitive,gahyodasu
cedar,n,hyodasu,singular.dative,hyodasuhi
celadon,adj,fuhoto,positive,fuhoto
celadon,adj,fuhoto,comparative,zon fuhoto
celadon,adj,fuhoto,superlative,yafuntt fuhoto
celebrate,v,sotaru,indicative.present.3sg,sotaru
celebrate,v,sotaru,imperative.present.3sg,sotarua
celebrate,v,sotaru,subjunctive.present.3sg,sotarupo
celebrate,v,sotaru,conditional.present.3sg,sotarud
celebrity,n,ojibyu,singular.nominative,ojibyu
celebrity,n,ojibyu,singular.accusative,idojibyu
celebrity,n,ojibyu,singular.genitive,gojibyu
celebrity,n,ojibyu,singular.dative,ojibyuhi
celestial,adj,ukya,positive,ukya
celestial,adj,ukya,comparative,zon ukya
celestial,adj,ukya,superlative,yafuntt ukya
cell,n,shuja,singular.nominative,shuja
cell,n,shuja,singular.accusative,idashuja
cell,n,shuja,singular.genitive,gashuja
cell,n,shuja,singular.dative,shujahi
cellar,n,gochima,singular.nominative,gochima
cellar,n,gochima,singular.accusative,idagochima
cellar,n,gochima,singular.genitive,gochima
cellar,n,gochima,singular.dative,gochimahi
cement,n,biteheg,singular.nominative,biteheg
cement,n,biteheg,singular.accusative,idabiteheg
cement,n,biteheg,singular.genitive,gabiteheg
cement,n,biteheg,singular.dative,bitehegahi
census,n,naimono,singular.nominative,naimono
census,n,naimono,singular.accusative,idanaimono
census,n,naimono,singular.genitive,ganaimono
census,n,naimono,singular.dative,naimonohi
centaur,n,hyajuke,singular.nominative,hyajuke
centaur,n,hyajuke,singular.accusative,idahyajuke
centaur,n,hyajuke,singular.genitive,gahyajuke
centaur,n,hyajuke,singular.dative,hyajukehi
center,n,konyu,singular.nominative,konyu
center,n,konyu,singular.accusative,idakonyu
center,n,konyu,singular.genitive,gakonyu
center,n,konyu,singular.dative,konyuhi
centipede,n,shohyah,singular.nominative,shohyah
centipede,n,shohyah,singular.accusative,idashohyah
centipede,n,shohyah,singular.genitive,gashohyah
centipede,n,shohyah,singular.dative,shohyahi
century,n,jamonji,singular.nominative,jamonji
century,n,jamonji,singular.accusative,idajamonji
century,n,jamonji,singular.genitive,gajamonji
century,n,jamonji,singular.dative,jamonjihi
ceramic,n,byonru,singular.nominative,byonru
ceramic,n,byonru,singular.accusative,idabyonru
ceramic,n,byonru,singular.genitive,gabyonru
ceramic,n,byonru,singular.dative,byonruhi
cereal,n,zudo,singular.nominative,zudo
cereal,n,zudo,singular.accusative,idazudo
cereal,n,zudo,singular.genitive,gazudo
cereal,n,zudo,singular.dative,zudohi
ceremony,n,chipyom,singular.nominative,chipyom
ceremony,n,chipyom,singular.accusative,idachipyom
ceremony,n,chipyom,singular.genitive,gachipyom
ceremony,n,chipyom,singular.dative,chipyomahi
certain,adj,desunsa,positive,desunsa
certain,adj,desunsa,comparative,zon desunsa
certain,adj,desunsa,superlative,yafuntt desunsa
certificate,n,juyafu,singular.nominative,juyafu
certificate,n,juyafu,singular.accusative,idajuyafu
certificate,n,juyafu,singular.genitive,gajuyafu
certificate,n,juyafu,singular.dative,juyafuhi
certify,v,rezuryu,indicative.present.3sg,rezuryu
certify,v,rezuryu,imperative.present.3sg,rezuryua
certify,v,rezuryu,subjunctive.present.3sg,rezuryupo
certify,v,rezuryu,conditional.present.3sg,rezuryud
cestus,n,yayodo,singular.nominative,yayodo
cestus,n,yayodo,singular.accusative,idayayodo
cestus,n,yayodo,singular.genitive,gayayodo
cestus,n,yayodo,singular.dative,yayodohi
chain,n,aripyam,singular.nominative,aripyam
chain,n,aripyam,singular.accusative,idaripyam
chain,n,aripyam,singular.genitive,garipyam
chain,n,aripyam,singular.dative,aripyamahi
chainmail,n,boshoo,singular.nominative,boshoo
chainmail,n,boshoo,singular.accusative,idaboshoo
chainmail,n,boshoo,singular.genitive,gaboshoo
chainmail,n,boshoo,singular.dative,boshoohi
chair,n,hihoji,singular.nominative,hihoji
chair,n,hihoji,singular.accusative,idahihoji
chair,n,hihoji,singular.genitive,gahihoji
chair,n,hihoji,singular.dative,hihojihi
chakras,n,yono,singular.nominative,yono
chakras,n,yono,singular.accusative,idayono
chakras,n,yono,singular.genitive,gayono
chakras,n,yono,singular.dative,yonohi
chalice,n,reshito,singular.nominative,reshito
chalice,n,reshito,singular.accusative,idareshito
chalice,n,reshito,singular.genitive,gareshito
chalice,n,reshito,singular.dative,reshitohi
chalk,n,nito,singular.nominative,nito
chalk,n,nito,singular.accusative,idanito
chalk,n,nito,singular.genitive,ganito
chalk,n,nito,singular.dative,nitohi
challenge,n,sono,singular.nominative,sono
challenge,n,sono,singular.accusative,idasono
challenge,n,sono,singular.genitive,gasono
challenge,n,sono,singular.dative,sonohi
chamomile,n,hyoru,singular.nominative,hyoru
chamomile,n,hyoru,singular.accusative,idahyoru
chamomile,n,hyoru,singular.genitive,gahyoru
chamomile,n,hyoru,singular.dative,hyoruhi
champion,n,pazetam,singular.nominative,pazetam
champion,n,pazetam,singular.accusative,idapazetam
champion,n,pazetam,singular.genitive,gapazetam
champion,n,pazetam,singular.dative,pazetamahi
chance,n,zuzojid,singular.nominative,zuzojid
chance,n,zuzojid,singular.accusative,idazuzojid
chance,n,zuzojid,singular.genitive,gazuzojid
chance,n,zuzojid,singular.dative,zuzojidahi
change,n,ebi,singular.nominative,ebi
change,n,ebi,singular.accusative,idebi
change,n,ebi,singular.genitive,gebi
change,n,ebi,singular.dative,ebihi
change,v,oji,indicative.present.3sg,oji
change,v,oji,imperative.present.3sg,ojia
change,v,oji,subjunctive.present.3sg,ojipo
change,v,oji,conditional.present.3sg,ojid
channel (of water),n,ninai,singular.nominative,ninai
channel (of water),n,ninai,singular.accusative,idaninai
channel (of water),n,ninai,singular.genitive,ganinai
channel (of water),n,ninai,singular.dative,ninaihi
channeling,v,chilita,indicative.present.3sg,chilita
channeling,v,chilita,imperative.present.3sg,chilita
channeling,v,chilita,subjunctive.present.3sg,chilitapo
channeling,v,chilita,conditional.present.3sg,chilitad
chant,v,pozu,indicative.present.3sg,pozu
chant,v,pozu,imperative.present.3sg,pozua
chant,v,pozu,subjunctive.present.3sg,pozupo
chant,v,pozu,conditional.present.3sg,pozud
chaos,n,kano,singular.nominative,kano
chaos,n,kano,singular.accusative,idakano
chaos,n,kano,singular.genitive,gakano
chaos,n,kano,singular.dative,kanohi
chapel,n,zenmasi,singular.nominative,zenmasi
chapel,n,zenmasi,singular.accusative,idazenmasi
chapel,n,zenmasi,singular.genitive,gazenmasi
chapel,n,zenmasi,singular.dative,zenmasihi
character,n,etamasa,singular.nominative,etamasa
character,n,etamasa,singular.accusative,idetamasa
character,n,etamasa,singular.genitive,getamasa
character,n,etamasa,singular.dative,etamasahi
characteristic,adj,ezukyad,positive,ezukyad
characteristic,adj,ezukyad,comparative,zon ezukyad
characteristic,adj,ezukyad,superlative,yafuntt ezukyad
charcoal,n,kyudada,singular.nominative,kyudada
charcoal,n,kyudada,singular.accusative,idakyudada
charcoal,n,kyudada,singular.genitive,gakyudada
charcoal,n,kyudada,singular.dative,kyudadahi
charge,n,yuzomas,singular.nominative,yuzomas
charge,n,yuzomas,singular.accusative,idayuzomas
charge,n,yuzomas,singular.genitive,gayuzomas
charge,n,yuzomas,singular.dative,yuzomasahi
charges,n,nafumas,singular.nominative,nafumas
charges,n,nafumas,singular.accusative,idanafumas
charges,n,nafumas,singular.genitive,ganafumas
charges,n,nafumas,singular.dative,nafumasahi
charity,n,dosabyo,singular.nominative,dosabyo
charity,n,dosabyo,singular.accusative,idosabyo
charity,n,dosabyo,singular.genitive,gadosabyo
charity,n,dosabyo,singular.dative,dosabyohi
charm,v,jitte,indicative.present.3sg,jitte
charm,v,jitte,imperative.present.3sg,jittea
charm,v,jitte,subjunctive.present.3sg,jittepo
charm,v,jitte,conditional.present.3sg,jitted
charming,n,wamyuhe,singular.nominative,wamyuhe
charming,n,wamyuhe,singular.accusative,idawamyuhe
charming,n,wamyuhe,singular.genitive,gawamyuhe
charming,n,wamyuhe,singular.dative,wamyuhehi
chase,v,naranon,indicative.present.3sg,naranon
chase,v,naranon,imperative.present.3sg,naranona
chase,v,naranon,subjunctive.present.3sg,naranonapo
chase,v,naranon,conditional.present.3sg,naranonad
chasm,n,jadasu,singular.nominative,jadasu
chasm,n,jadasu,singular.accusative,idajadasu
chasm,n,jadasu,singular.genitive,gajadasu
chasm,n,jadasu,singular.dative,jadasuhi
chat,v,naryuo,indicative.present.3sg,naryuo
chat,v,naryuo,imperative.present.3sg,naryuoa
chat,v,naryuo,subjunctive.present.3sg,naryuopo
chat,v,naryuo,conditional.present.3sg,naryuod
cheap,adj,kottasu,positive,kottasu
cheap,adj,kottasu,comparative,zon kottasu
cheap,adj,kottasu,superlative,yafuntt kottasu
check,n,myomyur,singular.nominative,myomyur
check,n,myomyur,singular.accusative,idamyomyur
check,n,myomyur,singular.genitive,gamyomyur
check,n,myomyur,singular.dative,myomyurahi
check,v,wazasu,indicative.present.3sg,wazasu
check,v,wazasu,imperative.present.3sg,wazasua
check,v,wazasu,subjunctive.present.3sg,wazasupo
check,v,wazasu,conditional.present.3sg,wazasud
cheer,v,nunru,indicative.present.3sg,nunru
cheer,v,nunru,imperative.present.3sg,nunrua
cheer,v,nunru,subjunctive.present.3sg,nunrupo
cheer,v,nunru,conditional.present.3sg,nunrud
cheese,n,natteda,singular.nominative,natteda
cheese,n,natteda,singular.accusative,idanatteda
cheese,n,natteda,singular.genitive,ganatteda
cheese,n,natteda,singular.dative,nattedahi
chemical,n,kyumasu,singular.nominative,kyumasu
chemical,n,kyumasu,singular.accusative,idakyumasu
chemical,n,kyumasu,singular.genitive,gakyumasu
chemical,n,kyumasu,singular.dative,kyumasuhi
chemist,n,obyoyuy,singular.nominative,obyoyuy
chemist,n,obyoyuy,singular.accusative,idobyoyuy
chemist,n,obyoyuy,singular.genitive,gobyoyuy
chemist,n,obyoyuy,singular.dative,obyoyuyahi
cherry,n,gattasu,singular.nominative,gattasu
cherry,n,gattasu,singular.accusative,idagattasu
cherry,n,gattasu,singular.genitive,gattasu
cherry,n,gattasu,singular.dative,gattasuhi
chest,n,nataku,singular.nominative,nataku
chest,n,nataku,singular.accusative,idanataku
chest,n,nataku,singular.genitive,ganataku
chest,n,nataku,singular.dative,natakuhi
chestnut,n,gogur,singular.nominative,gogur
chestnut,n,gogur,singular.accusative,idagogur
chestnut,n,gogur,singular.genitive,gogur
chestnut,n,gogur,singular.dative,gogurahi
chick (girl),n,anpyu,singular.nominative,anpyu
chick (girl),n,anpyu,singular.accusative,idanpyu
chick (girl),n,anpyu,singular.genitive,ganpyu
chick (girl),n,anpyu,singular.dative,anpyuhi
chicken,n,hogya,singular.nominative,hogya
chicken,n,hogya,singular.accusative,idahogya
chicken,n,hogya,singular.genitive,gahogya
chicken,n,hogya,singular.dative,hogyahi
chief,adj,nyuru,positive,nyuru
chief,adj,nyuru,comparative,zon nyuru
chief,adj,nyuru,superlative,yafuntt nyuru
child,n,bemasu,singular.nominative,bemasu
child,n,bemasu,singular.accusative,idabemasu
child,n,bemasu,singular.genitive,gabemasu
child,n,bemasu,singular.dative,bemasuhi
chill,n,myunmed,singular.nominative,myunmed
chill,n,myunmed,singular.accusative,idamyunmed
chill,n,myunmed,singular.genitive,gamyunmed
chill,n,myunmed,singular.dative,myunmedahi
chime,n,monon,singular.nominative,monon
chime,n,monon,singular.accusative,idamonon
chime,n,monon,singular.genitive,gamonon
chime,n,monon,singular.dative,mononahi
chimera,n,auta,singular.nominative,auta
chimera,n,auta,singular.accusative,idauta
chimera,n,auta,singular.genitive,gauta
chimera,n,auta,singular.dative,autahi
chin,n,waheru,singular.nominative,waheru
chin,n,waheru,singular.accusative,idawaheru
chin,n,waheru,singular.genitive,gawaheru
chin,n,waheru,singular.dative,waheruhi
chirographic,adj,cho,positive,cho
chirographic,adj,cho,comparative,zon cho
chirographic,adj,cho,superlative,yafuntt cho
chisel,n,abya,singular.nominative,abya
chisel,n,abya,singular.accusative,idabya
chisel,n,abya,singular.genitive,gabya
chisel,n,abya,singular.dative,abyahi
chive,n,segyasu,singular.nominative,segyasu
chive,n,segyasu,singular.accusative,idasegyasu
chive,n,segyasu,singular.genitive,gasegyasu
chive,n,segyasu,singular.dative,segyasuhi
choir,n,dattepu,singular.nominative,dattepu
choir,n,dattepu,singular.accusative,idattepu
choir,n,dattepu,singular.genitive,gadattepu
choir,n,dattepu,singular.dative,dattepuhi
choke,v,zattena,indicative.present.3sg,zattena
choke,v,zattena,imperative.present.3sg,zattena
choke,v,zattena,subjunctive.present.3sg,zattenapo
choke,v,zattena,conditional.present.3sg,zattenad
choose,v,gujiyur,indicative.present.3sg,gujiyur
choose,v,gujiyur,imperative.present.3sg,gujiyura
choose,v,gujiyur,subjunctive.present.3sg,gujiyurapo
choose,v,gujiyur,conditional.present.3sg,gujiyurad
chop,v,gohono,indicative.present.3sg,gohono
chop,v,gohono,imperative.present.3sg,gohonoa
chop,v,gohono,subjunctive.present.3sg,gohonopo
chop,v,gohono,conditional.present.3sg,gohonod
chord,n,meatama,singular.nominative,meatama
chord,n,meatama,singular.accusative,idameatama
chord,n,meatama,singular.genitive,gameatama
chord,n,meatama,singular.dative,meatamahi
chore,n,kotade,singular.nominative,kotade
chore,n,kotade,singular.accusative,idakotade
chore,n,kotade,singular.genitive,gakotade
chore,n,kotade,singular.dative,kotadehi
chorus,n,kota,singular.nominative,kota
chorus,n,kota,singular.accusative,idakota
chorus,n,kota,singular.genitive,gakota
chorus,n,kota,singular.dative,kotahi
chronic,adj,giranai,positive,giranai
chronic,adj,giranai,comparative,zon giranai
chronic,adj,giranai,superlative,yafuntt giranai
chuckle,v,sajiesh,indicative.present.3sg,sajiesh
chuckle,v,sajiesh,imperative.present.3sg,sajiesha
chuckle,v,sajiesh,subjunctive.present.3sg,sajieshapo
chuckle,v,sajiesh,conditional.present.3sg,sajieshad
church,n,omyata,singular.nominative,omyata
church,n,omyata,singular.accusative,idomyata
church,n,omyata,singular.genitive,gomyata
church,n,omyata,singular.dative,omyatahi
cider,n,monmo,singular.nominative,monmo
cider,n,monmo,singular.accusative,idamonmo
cider,n,monmo,singular.genitive,gamonmo
cider,n,monmo,singular.dative,monmohi
cigar,n,jipyush,singular.nominative,jipyush
cigar,n,jipyush,singular.accusative,idajipyush
cigar,n,jipyush,singular.genitive,gajipyush
cigar,n,jipyush,singular.dative,jipyushi
cigarette,n,haomash,singular.nominative,haomash
cigarette,n,haomash,singular.accusative,idahaomash
cigarette,n,haomash,singular.genitive,gahaomash
cigarette,n,haomash,singular.dative,haomashi
cinnamon,n,abamasu,singular.nominative,abamasu
cinnamon,n,abamasu,singular.accusative,idabamasu
cinnamon,n,abamasu,singular.genitive,gabamasu
cinnamon,n,abamasu,singular.dative,abamasuhi
ciphers,n,yoshita,singular.nominative,yoshita
ciphers,n,yoshita,singular.accusative,idayoshita
ciphers,n,yoshita,singular.genitive,gayoshita
ciphers,n,yoshita,singular.dative,yoshitahi
circle,n,nit,singular.nominative,nit
circle,n,nit,singular.accusative,idanit
circle,n,nit,singular.genitive,ganit
circle,n,nit,singular.dative,nitahi
circulate,v,inarana,indicative.present.3sg,inarana
circulate,v,inarana,imperative.present.3sg,inarana
circulate,v,inarana,subjunctive.present.3sg,inaranapo
circulate,v,inarana,conditional.present.3sg,inaranad
circulation,n,ninarim,singular.nominative,ninarim
circulation,n,ninarim,singular.accusative,idaninarim
circulation,n,ninarim,singular.genitive,ganinarim
circulation,n,ninarim,singular.dative,ninarimahi
circus,n,jateshi,singular.nominative,jateshi
circus,n,jateshi,singular.accusative,idajateshi
circus,n,jateshi,singular.genitive,gajateshi
circus,n,jateshi,singular.dative,jateshihi
citizen,n,karyoma,singular.nominative,karyoma
citizen,n,karyoma,singular.accusative,idakaryoma
citizen,n,karyoma,singular.genitive,gakaryoma
citizen,n,karyoma,singular.dative,karyomahi
cittern,n,pyaruho,singular.nominative,pyaruho
cittern,n,pyaruho,singular.accusative,idapyaruho
cittern,n,pyaruho,singular.genitive,gapyaruho
cittern,n,pyaruho,singular.dative,pyaruhohi
city,n,mekyuju,singular.nominative,mekyuju
city,n,mekyuju,singular.accusative,idamekyuju
city,n,mekyuju,singular.genitive,gamekyuju
city,n,mekyuju,singular.dative,mekyujuhi
civilized,adj,tamasu,positive,tamasu
civilized,adj,tamasu,comparative,zon tamasu
civilized,adj,tamasu,superlative,yafuntt tamasu
claim,v,shudose,indicative.present.3sg,shudose
claim,v,shudose,imperative.present.3sg,shudosea
claim,v,shudose,subjunctive.present.3sg,shudosepo
claim,v,shudose,conditional.present.3sg,shudosed
clairaudience,n,wato,singular.nominative,wato
clairaudience,n,wato,singular.accusative,idawato
clairaudience,n,wato,singular.genitive,gawato
clairaudience,n,wato,singular.dative,watohi
clairvoyance,n,shi,singular.nominative,shi
clairvoyance,n,shi,singular.accusative,idashi
clairvoyance,n,shi,singular.genitive,gashi
clairvoyance,n,shi,singular.dative,shihi
clam,n,futsutt,singular.nominative,futsutt
clam,n,futsutt,singular.accusative,idafutsutt
clam,n,futsutt,singular.genitive,gafutsutt
clam,n,futsutt,singular.dative,futsuttahi
clan,n,kane,singular.nominative,kane
clan,n,kane,singular.accusative,idakane
clan,n,kane,singular.genitive,gakane
clan,n,kane,singular.dative,kanehi
clap,v,natteru,indicative.present.3sg,natteru
clap,v,natteru,imperative.present.3sg,natterua
clap,v,natteru,subjunctive.present.3sg,natterupo
clap,v,natteru,conditional.present.3sg,natterud
clarify,v,jipyuze,indicative.present.3sg,jipyuze
clarify,v,jipyuze,imperative.present.3sg,jipyuzea
clarify,v,jipyuze,subjunctive.present.3sg,jipyuzepo
clarify,v,jipyuze,conditional.present.3sg,jipyuzed
clash,n,ihishih,singular.nominative,ihishih
clash,n,ihishih,singular.accusative,idihishih
clash,n,ihishih,singular.genitive,gihishih
clash,n,ihishih,singular.dative,ihishihi
class,n,newa,singular.nominative,newa
class,n,newa,singular.accusative,idanewa
class,n,newa,singular.genitive,ganewa
class,n,newa,singular.dative,newahi
classic,adj,toto,positive,toto
classic,adj,toto,comparative,zon toto
classic,adj,toto,superlative,yafuntt toto
classify,v,hahyu,indicative.present.3sg,hahyu
classify,v,hahyu,imperative.present.3sg,hahyua
classify,v,hahyu,subjunctive.present.3sg,hahyupo
classify,v,hahyu,conditional.present.3sg,hahyud
clause,n,gosazu,singular.nominative,gosazu
clause,n,gosazu,singular.accusative,idagosazu
clause,n,gosazu,singular.genitive,gosazu
clause,n,gosazu,singular.dative,gosazuhi
clavichord,n,myobyah,singular.nominative,myobyah
clavichord,n,myobyah,singular.accusative,idamyobyah
clavichord,n,myobyah,singular.genitive,gamyobyah
clavichord,n,myobyah,singular.dative,myobyahi
claw,n,ohemas,singular.nominative,ohemas
claw,n,ohemas,singular.accusative,idohemas
claw,n,ohemas,singular.genitive,gohemas
claw,n,ohemas,singular.dative,ohemasahi
clay,n,wopyuso,singular.nominative,wopyuso
clay,n,wopyuso,singular.accusative,idawopyuso
clay,n,wopyuso,singular.genitive,gawopyuso
clay,n,wopyuso,singular.dative,wopyusohi
claymore,n,anmaso,singular.nominative,anmaso
claymore,n,anmaso,singular.accusative,idanmaso
claymore,n,anmaso,singular.genitive,ganmaso
claymore,n,anmaso,singular.dative,anmasohi
clean,adj,zeia,positive,zeia
clean,adj,zeia,comparative,zon zeia
clean,adj,zeia,superlative,yafuntt zeia
clean,v,yunatsu,indicative.present.3sg,yunatsu
clean,v,yunatsu,imperative.present.3sg,yunatsua
clean,v,yunatsu,subjunctive.present.3sg,yunatsupo
clean,v,yunatsu,conditional.present.3sg,yunatsud
cleansing,n,sofusa,singular.nominative,sofusa
cleansing,n,sofusa,singular.accusative,idasofusa
cleansing,n,sofusa,singular.genitive,gasofusa
cleansing,n,sofusa,singular.dative,sofusahi
clear,adj,sagumas,positive,sagumas
clear,adj,sagumas,comparative,zon sagumas
clear,adj,sagumas,superlative,yafuntt sagumas
cleavage,n,dito,singular.nominative,dito
cleavage,n,dito,singular.accusative,idito
cleavage,n,dito,singular.genitive,gadito
cleavage,n,dito,singular.dative,ditohi
cleric,n,zuwo,singular.nominative,zuwo
cleric,n,zuwo,singular.accusative,idazuwo
cleric,n,zuwo,singular.genitive,gazuwo
cleric,n,zuwo,singular.dative,zuwohi
clerk,n,jihoe,singular.nominative,jihoe
clerk,n,jihoe,singular.accusative,idajihoe
clerk,n,jihoe,singular.genitive,gajihoe
clerk,n,jihoe,singular.dative,jihoehi
clever,adj,ogohe,positive,ogohe
clever,adj,ogohe,comparative,zon ogohe
clever,adj,ogohe,superlative,yafuntt ogohe
click,n,popisha,singular.nominative,popisha
click,n,popisha,singular.accusative,idapopisha
click,n,popisha,singular.genitive,gapopisha
click,n,popisha,singular.dative,popishahi
cliff,n,nitumam,singular.nominative,nitumam
cliff,n,nitumam,singular.accusative,idanitumam
cliff,n,nitumam,singular.genitive,ganitumam
cliff,n,nitumam,singular.dative,nitumamahi
climate,n,hezejib,singular.nominative,hezejib
climate,n,hezejib,singular.accusative,idahezejib
climate,n,hezejib,singular.genitive,gahezejib
climate,n,hezejib,singular.dative,hezejibahi
climb,v,ohede,indicative.present.3sg,ohede
climb,v,ohede,imperative.present.3sg,ohedea
climb,v,ohede,subjunctive.present.3sg,ohedepo
climb,v,ohede,conditional.present.3sg,oheded
clinic,n,dohogyo,singular.nominative,dohogyo
clinic,n,dohogyo,singular.accusative,idohogyo
clinic,n,dohogyo,singular.genitive,gadohogyo
clinic,n,dohogyo,singular.dative,dohogyohi
clip,v,enmasu,indicative.present.3sg,enmasu
clip,v,enmasu,imperative.present.3sg,enmasua
clip,v,enmasu,subjunctive.present.3sg,enmasupo
clip,v,enmasu,conditional.present.3sg,enmasud
cloak,n,kone,singular.nominative,kone
cloak,n,kone,singular.accusative,idakone
cloak,n,kone,singular.genitive,gakone
cloak,n,kone,singular.dative,konehi
cloak,v,konai,indicative.present.3sg,konai
cloak,v,konai,imperative.present.3sg,konaia
cloak,v,konai,subjunctive.present.3sg,konaipo
cloak,v,konai,conditional.present.3sg,konaid
clock,n,chizozo,singular.nominative,chizozo
clock,n,chizozo,singular.accusative,idachizozo
clock,n,chizozo,singular.genitive,gachizozo
clock,n,chizozo,singular.dative,chizozohi
close,adj,yoryu,positive,yoryu
close,adj,yoryu,comparative,zon yoryu
close,adj,yoryu,superlative,yafuntt yoryu
close,v,ozu,indicative.present.3sg,ozu
close,v,ozu,imperative.present.3sg,ozua
close,v,ozu,subjunctive.present.3sg,ozupo
close,v,ozu,conditional.present.3sg,ozud
closure,n,natsu,singular.nominative,natsu
closure,n,natsu,singular.accusative,idanatsu
closure,n,natsu,singular.genitive,ganatsu
closure,n,natsu,singular.dative,natsuhi
cloth,n,zotte,singular.nominative,zotte
cloth,n,zotte,singular.accusative,idazotte
cloth,n,zotte,singular.genitive,gazotte
cloth,n,zotte,singular.dative,zottehi
clothes,n,nakimas,singular.nominative,nakimas
clothes,n,nakimas,singular.accusative,idanakimas
clothes,n,nakimas,singular.genitive,ganakimas
clothes,n,nakimas,singular.dative,nakimasahi
clothing,n,ventuda,singular.nominative,ventuda
clothing,n,ventuda,singular.accusative,idaventuda
clothing,n,ventuda,singular.genitive,gaventuda
clothing,n,ventuda,singular.dative,ventudahi
cloud,n,den,singular.nominative,den
cloud,n,den,singular.accusative,iden
cloud,n,den,singular.genitive,gaden
cloud,n,den,singular.dative,denahi
clove,n,xiamasu,singular.nominative,xiamasu
clove,n,xiamasu,singular.accusative,idaxiamasu
clove,n,xiamasu,singular.genitive,gaxiamasu
clove,n,xiamasu,singular.dative,xiamasuhi
clown,n,bochiru,singular.nominative,bochiru
clown,n,bochiru,singular.accusative,idabochiru
clown,n,bochiru,singular.genitive,gabochiru
clown,n,bochiru,singular.dative,bochiruhi
club,n,yosuzeg,singular.nominative,yosuzeg
club,n,yosuzeg,singular.accusative,idayosuzeg
club,n,yosuzeg,singular.genitive,gayosuzeg
club,n,yosuzeg,singular.dative,yosuzegahi
clutch,v,abyu,indicative.present.3sg,abyu
clutch,v,abyu,imperative.present.3sg,abyua
clutch,v,abyu,subjunctive.present.3sg,abyupo
clutch,v,abyu,conditional.present.3sg,abyud
clutter,n,kinai,singular.nominative,kinai
clutter,n,kinai,singular.accusative,idakinai
clutter,n,kinai,singular.genitive,gakinai
clutter,n,kinai,singular.dative,kinaihi
coach,n,nedatte,singular.nominative,nedatte
coach,n,nedatte,singular.accusative,idanedatte
coach,n,nedatte,singular.genitive,ganedatte
coach,n,nedatte,singular.dative,nedattehi
coal,n,suhamas,singular.nominative,suhamas
coal,n,suhamas,singular.accusative,idasuhamas
coal,n,suhamas,singular.genitive,gasuhamas
coal,n,suhamas,singular.dative,suhamasahi
coast,n,danoyud,singular.nominative,danoyud
coast,n,danoyud,singular.accusative,idanoyud
coast,n,danoyud,singular.genitive,gadanoyud
coast,n,danoyud,singular.dative,danoyudahi
coat,n,horu,singular.nominative,horu
coat,n,horu,singular.accusative,idahoru
coat,n,horu,singular.genitive,gahoru
coat,n,horu,singular.dative,horuhi
cobbler,n,gyot,singular.nominative,gyot
cobbler,n,gyot,singular.accusative,idagyot
cobbler,n,gyot,singular.genitive,gayot
cobbler,n,gyot,singular.dative,gyotahi
cobra,n,mochice,singular.nominative,mochice
cobra,n,mochice,singular.accusative,idamochice
cobra,n,mochice,singular.genitive,gamochice
cobra,n,mochice,singular.dative,mochicehi
cockroach,n,datakin,singular.nominative,datakin
cockroach,n,datakin,singular.accusative,idatakin
cockroach,n,datakin,singular.genitive,gadatakin
cockroach,n,datakin,singular.dative,datakinahi
cocktail,n,dono,singular.nominative,dono
cocktail,n,dono,singular.accusative,idono
cocktail,n,dono,singular.genitive,gadono
cocktail,n,dono,singular.dative,donohi
coconut,n,gentiae,singular.nominative,gentiae
coconut,n,gentiae,singular.accusative,idagentiae
coconut,n,gentiae,singular.genitive,gentiae
coconut,n,gentiae,singular.dative,gentiaehi
cod,n,gyattem,singular.nominative,gyattem
cod,n,gyattem,singular.accusative,idagyattem
cod,n,gyattem,singular.genitive,gayattem
cod,n,gyattem,singular.dative,gyattemahi
code,n,sezuned,singular.nominative,sezuned
code,n,sezuned,singular.accusative,idasezuned
code,n,sezuned,singular.genitive,gasezuned
code,n,sezuned,singular.dative,sezunedahi
codes,n,woju,singular.nominative,woju
codes,n,woju,singular.accusative,idawoju
codes,n,woju,singular.genitive,gawoju
codes,n,woju,singular.dative,wojuhi
coffer,n,fujipya,singular.nominative,fujipya
coffer,n,fujipya,singular.accusative,idafujipya
coffer,n,fujipya,singular.genitive,gafujipya
coffer,n,fujipya,singular.dative,fujipyahi
coffin,n,ichidas,singular.nominative,ichidas
coffin,n,ichidas,singular.accusative,idichidas
coffin,n,ichidas,singular.genitive,gichidas
coffin,n,ichidas,singular.dative,ichidasahi
coherent,adj,ette,positive,ette
coherent,adj,ette,comparative,zon ette
coherent,adj,ette,superlative,yafuntt ette
cohort,n,nyuhaza,singular.nominative,nyuhaza
cohort,n,nyuhaza,singular.accusative,idanyuhaza
cohort,n,nyuhaza,singular.genitive,ganyuhaza
cohort,n,nyuhaza,singular.dative,nyuhazahi
coif,n,anta,singular.nominative,anta
coif,n,anta,singular.accusative,idanta
coif,n,anta,singular.genitive,ganta
coif,n,anta,singular.dative,antahi
coil,v,romasu,indicative.present.3sg,romasu
coil,v,romasu,imperative.present.3sg,romasua
coil,v,romasu,subjunctive.present.3sg,romasupo
coil,v,romasu,conditional.present.3sg,romasud
coin,n,hyamasu,singular.nominative,hyamasu
coin,n,hyamasu,singular.accusative,idahyamasu
coin,n,hyamasu,singular.genitive,gahyamasu
coin,n,hyamasu,singular.dative,hyamasuhi
coincidence,n,rojijum,singular.nominative,rojijum
coincidence,n,rojijum,singular.accusative,idarojijum
coincidence,n,rojijum,singular.genitive,garojijum
coincidence,n,rojijum,singular.dative,rojijumahi
cold chisel,n,eperyug,singular.nominative,eperyug
cold chisel,n,eperyug,singular.accusative,ideperyug
cold chisel,n,eperyug,singular.genitive,geperyug
cold chisel,n,eperyug,singular.dative,eperyugahi
cold,adj,gettate,positive,gettate
cold,adj,gettate,comparative,zon gettate
cold,adj,gettate,superlative,yafuntt gettate
collaborate,v,hyai,indicative.present.3sg,hyai
collaborate,v,hyai,imperative.present.3sg,hyaia
collaborate,v,hyai,subjunctive.present.3sg,hyaipo
collaborate,v,hyai,conditional.present.3sg,hyaid
collapse,v,qio,indicative.present.3sg,qio
collapse,v,qio,imperative.present.3sg,qioa
collapse,v,qio,subjunctive.present.3sg,qiopo
collapse,v,qio,conditional.present.3sg,qiod
collar,n,zahoso,singular.nominative,zahoso
collar,n,zahoso,singular.accusative,idazahoso
collar,n,zahoso,singular.genitive,gazahoso
collar,n,zahoso,singular.dative,zahosohi
collect,v,sofudes,indicative.present.3sg,sofudes
collect,v,sofudes,imperative.present.3sg,sofudesa
collect,v,sofudes,subjunctive.present.3sg,sofudesapo
collect,v,sofudes,conditional.present.3sg,sofudesad
college,n,jasu,singular.nominative,jasu
college,n,jasu,singular.accusative,idajasu
college,n,jasu,singular.genitive,gajasu
college,n,jasu,singular.dative,jasuhi
collide,v,zoni,indicative.present.3sg,zoni
collide,v,zoni,imperative.present.3sg,zonia
collide,v,zoni,subjunctive.present.3sg,zonipo
collide,v,zoni,conditional.present.3sg,zonid
colony,n,ohe,singular.nominative,ohe
colony,n,ohe,singular.accusative,idohe
colony,n,ohe,singular.genitive,gohe
colony,n,ohe,singular.dative,ohehi
color,n,zodasus,singular.nominative,zodasus
color,n,zodasus,singular.accusative,idazodasus
color,n,zodasus,singular.genitive,gazodasus
color,n,zodasus,singular.dative,zodasusahi
colored,adj,omukid,positive,omukid
colored,adj,omukid,comparative,zon omukid
colored,adj,omukid,superlative,yafuntt omukid
column,n,zuza,singular.nominative,zuza
column,n,zuza,singular.accusative,idazuza
column,n,zuza,singular.genitive,gazuza
column,n,zuza,singular.dative,zuzahi
comb,n,kyun,singular.nominative,kyun
comb,n,kyun,singular.accusative,idakyun
comb,n,kyun,singular.genitive,gakyun
comb,n,kyun,singular.dative,kyunahi
combat,v,wohyuyo,indicative.present.3sg,wohyuyo
combat,v,wohyuyo,imperative.present.3sg,wohyuyoa
combat,v,wohyuyo,subjunctive.present.3sg,wohyuyopo
combat,v,wohyuyo,conditional.present.3sg,wohyuyod
combine,v,kanai,indicative.present.3sg,kanai
combine,v,kanai,imperative.present.3sg,kanaia
combine,v,kanai,subjunctive.present.3sg,kanaipo
combine,v,kanai,conditional.present.3sg,kanaid
come,v,wonzush,indicative.present.3sg,wonzush
come,v,wonzush,imperative.present.3sg,wonzusha
come,v,wonzush,subjunctive.present.3sg,wonzushapo
come,v,wonzush,conditional.present.3sg,wonzushad
comedy,n,juzagyu,singular.nominative,juzagyu
comedy,n,juzagyu,singular.accusative,idajuzagyu
comedy,n,juzagyu,singular.genitive,gajuzagyu
comedy,n,juzagyu,singular.dative,juzagyuhi
comet,n,shukyub,singular.nominative,shukyub
comet,n,shukyub,singular.accusative,idashukyub
comet,n,shukyub,singular.genitive,gashukyub
comet,n,shukyub,singular.dative,shukyubahi
comfort,n,depasu,singular.nominative,depasu
comfort,n,depasu,singular.accusative,idepasu
comfort,n,depasu,singular.genitive,gadepasu
comfort,n,depasu,singular.dative,depasuhi
comic,adj,nono,positive,nono
comic,adj,nono,comparative,zon nono
comic,adj,nono,superlative,yafuntt nono
coming,n,ajimasu,singular.nominative,ajimasu
coming,n,ajimasu,singular.accusative,idajimasu
coming,n,ajimasu,singular.genitive,gajimasu
coming,n,ajimasu,singular.dative,ajimasuhi
command,n,atta,singular.nominative,atta
command,n,atta,singular.accusative,idatta
command,n,atta,singular.genitive,gatta
command,n,atta,singular.dative,attahi
comment,n,paze,singular.nominative,paze
comment,n,paze,singular.accusative,idapaze
comment,n,paze,singular.genitive,gapaze
comment,n,paze,singular.dative,pazehi
commentary,n,asoo,singular.nominative,asoo
commentary,n,asoo,singular.accusative,idasoo
commentary,n,asoo,singular.genitive,gasoo
commentary,n,asoo,singular.dative,asoohi
commerce,n,chibyud,singular.nominative,chibyud
commerce,n,chibyud,singular.accusative,idachibyud
commerce,n,chibyud,singular.genitive,gachibyud
commerce,n,chibyud,singular.dative,chibyudahi
commission,n,ufu,singular.nominative,ufu
commission,n,ufu,singular.accusative,idufu
commission,n,ufu,singular.genitive,gufu
commission,n,ufu,singular.dative,ufuhi
committee,n,jamum,singular.nominative,jamum
committee,n,jamum,singular.accusative,idajamum
committee,n,jamum,singular.genitive,gajamum
committee,n,jamum,singular.dative,jamumahi
commodity,n,zunai,singular.nominative,zunai
commodity,n,zunai,singular.accusative,idazunai
commodity,n,zunai,singular.genitive,gazunai
commodity,n,zunai,singular.dative,zunaihi
common,adj,desuyot,positive,desuyot
common,adj,desuyot,comparative,zon desuyot
common,adj,desuyot,superlative,yafuntt desuyot
communication,n,risoo,singular.nominative,risoo
communication,n,risoo,singular.accusative,idarisoo
communication,n,risoo,singular.genitive,garisoo
communication,n,risoo,singular.dative,risoohi
community,n,sam,singular.nominative,sam
community,n,sam,singular.accusative,idasam
community,n,sam,singular.genitive,gasam
community,n,sam,singular.dative,samahi
commute,v,eya,indicative.present.3sg,eya
commute,v,eya,imperative.present.3sg,eya
commute,v,eya,subjunctive.present.3sg,eyapo
commute,v,eya,conditional.present.3sg,eyad
compact,adj,tetteto,positive,tetteto
compact,adj,tetteto,comparative,zon tetteto
compact,adj,tetteto,superlative,yafuntt tetteto
companion,n,naiwa,singular.nominative,naiwa
companion,n,naiwa,singular.accusative,idanaiwa
companion,n,naiwa,singular.genitive,ganaiwa
companion,n,naiwa,singular.dative,naiwahi
company,n,unara,singular.nominative,unara
company,n,unara,singular.accusative,idunara
company,n,unara,singular.genitive,gunara
company,n,unara,singular.dative,unarahi
compare,v,buculo,indicative.present.3sg,buculo
compare,v,buculo,imperative.present.3sg,buculoa
compare,v,buculo,subjunctive.present.3sg,buculopo
compare,v,buculo,conditional.present.3sg,buculod
compartment,n,det,singular.nominative,det
compartment,n,det,singular.accusative,idet
compartment,n,det,singular.genitive,gadet
compartment,n,det,singular.dative,detahi
compass,n,oheto,singular.nominative,oheto
compass,n,oheto,singular.accusative,idoheto
compass,n,oheto,singular.genitive,goheto
compass,n,oheto,singular.dative,ohetohi
compassion,n,hyu,singular.nominative,hyu
compassion,n,hyu,singular.accusative,idahyu
compassion,n,hyu,singular.genitive,gahyu
compassion,n,hyu,singular.dative,hyuhi
compatible,adj,atakyaa,positive,atakyaa
compatible,adj,atakyaa,comparative,zon atakyaa
compatible,adj,atakyaa,superlative,yafuntt atakyaa
compel,v,nem,indicative.present.3sg,nem
compel,v,nem,imperative.present.3sg,nema
compel,v,nem,subjunctive.present.3sg,nemapo
compel,v,nem,conditional.present.3sg,nemad
compensate,v,jone,indicative.present.3sg,jone
compensate,v,jone,imperative.present.3sg,jonea
compensate,v,jone,subjunctive.present.3sg,jonepo
compensate,v,jone,conditional.present.3sg,joned
compete,v,zosomas,indicative.present.3sg,zosomas
compete,v,zosomas,imperative.present.3sg,zosomasa
compete,v,zosomas,subjunctive.present.3sg,zosomasapo
compete,v,zosomas,conditional.present.3sg,zosomasad
competent,adj,kinata,positive,kinata
competent,adj,kinata,comparative,zon kinata
competent,adj,kinata,superlative,yafuntt kinata
compile,v,hano,indicative.present.3sg,hano
compile,v,hano,imperative.present.3sg,hanoa
compile,v,hano,subjunctive.present.3sg,hanopo
compile,v,hano,conditional.present.3sg,hanod
complain,v,desuru,indicative.present.3sg,desuru
complain,v,desuru,imperative.present.3sg,desurua
complain,v,desuru,subjunctive.present.3sg,desurupo
complain,v,desuru,conditional.present.3sg,desurud
complement,v,dade,indicative.present.3sg,dade
complement,v,dade,imperative.present.3sg,dadea
complement,v,dade,subjunctive.present.3sg,dadepo
complement,v,dade,conditional.present.3sg,daded
complete,v,fuheyon,indicative.present.3sg,fuheyon
complete,v,fuheyon,imperative.present.3sg,fuheyona
complete,v,fuheyon,subjunctive.present.3sg,fuheyonapo
complete,v,fuheyon,conditional.present.3sg,fuheyonad
complex,adj,nya,positive,nya
complex,adj,nya,comparative,zon nya
complex,adj,nya,superlative,yafuntt nya
complex,n,hosarim,singular.nominative,hosarim
complex,n,hosarim,singular.accusative,idahosarim
complex,n,hosarim,singular.genitive,gahosarim
complex,n,hosarim,singular.dative,hosarimahi
complicate,v,hudarya,indicative.present.3sg,hudarya
complicate,v,hudarya,imperative.present.3sg,hudarya
complicate,v,hudarya,subjunctive.present.3sg,hudaryapo
complicate,v,hudarya,conditional.present.3sg,hudaryad
compliment,n,myuzewa,singular.nominative,myuzewa
compliment,n,myuzewa,singular.accusative,idamyuzewa
compliment,n,myuzewa,singular.genitive,gamyuzewa
compliment,n,myuzewa,singular.dative,myuzewahi
comply,v,numasuj,indicative.present.3sg,numasuj
comply,v,numasuj,imperative.present.3sg,numasuja
comply,v,numasuj,subjunctive.present.3sg,numasujapo
comply,v,numasuj,conditional.present.3sg,numasujad
compose,v,homasu,indicative.present.3sg,homasu
compose,v,homasu,imperative.present.3sg,homasua
compose,v,homasu,subjunctive.present.3sg,homasupo
compose,v,homasu,conditional.present.3sg,homasud
composite bow,n,arebyos,singular.nominative,arebyos
composite bow,n,arebyos,singular.accusative,idarebyos
composite bow,n,arebyos,singular.genitive,garebyos
composite bow,n,arebyos,singular.dative,arebyosahi
composite,adj,gogiza,positive,gogiza
composite,adj,gogiza,comparative,zon gogiza
composite,adj,gogiza,superlative,yafuntt gogiza
compost,n,hyanawa,singular.nominative,hyanawa
compost,n,hyanawa,singular.accusative,idahyanawa
compost,n,hyanawa,singular.genitive,gahyanawa
compost,n,hyanawa,singular.dative,hyanawahi
compound,n,zebyae,singular.nominative,zebyae
compound,n,zebyae,singular.accusative,idazebyae
compound,n,zebyae,singular.genitive,gazebyae
compound,n,zebyae,singular.dative,zebyaehi
comprehend,v,myonbya,indicative.present.3sg,myonbya
comprehend,v,myonbya,imperative.present.3sg,myonbya
comprehend,v,myonbya,subjunctive.present.3sg,myonbyapo
comprehend,v,myonbya,conditional.present.3sg,myonbyad
comprise,v,getum,indicative.present.3sg,getum
comprise,v,getum,imperative.present.3sg,getuma
comprise,v,getum,subjunctive.present.3sg,getumapo
comprise,v,getum,conditional.present.3sg,getumad
compromise,v,ejito,indicative.present.3sg,ejito
compromise,v,ejito,imperative.present.3sg,ejitoa
compromise,v,ejito,subjunctive.present.3sg,ejitopo
compromise,v,ejito,conditional.present.3sg,ejitod
comrade,n,yumashi,singular.nominative,yumashi
comrade,n,yumashi,singular.accusative,idayumashi
comrade,n,yumashi,singular.genitive,gayumashi
comrade,n,yumashi,singular.dative,yumashihi
con,n,kattasu,singular.nominative,kattasu
con,n,kattasu,singular.accusative,idakattasu
con,n,kattasu,singular.genitive,gakattasu
con,n,kattasu,singular.dative,kattasuhi
conceal,v,hesomas,indicative.present.3sg,hesomas
conceal,v,hesomas,imperative.present.3sg,hesomasa
conceal,v,hesomas,subjunctive.present.3sg,hesomasapo
conceal,v,hesomas,conditional.present.3sg,hesomasad
concentrate,v,ofutte,indicative.present.3sg,ofutte
concentrate,v,ofutte,imperative.present.3sg,ofuttea
concentrate,v,ofutte,subjunctive.present.3sg,ofuttepo
concentrate,v,ofutte,conditional.present.3sg,ofutted
concept,n,dadseru,singular.nominative,dadseru
concept,n,dadseru,singular.accusative,idadseru
concept,n,dadseru,singular.genitive,gadadseru
concept,n,dadseru,singular.dative,dadseruhi
concern,n,nakinak,singular.nominative,nakinak
concern,n,nakinak,singular.accusative,idanakinak
concern,n,nakinak,singular.genitive,ganakinak
concern,n,nakinak,singular.dative,nakinakahi
concession,n,abyuyo,singular.nominative,abyuyo
concession,n,abyuyo,singular.accusative,idabyuyo
concession,n,abyuyo,singular.genitive,gabyuyo
concession,n,abyuyo,singular.dative,abyuyohi
conch,n,garimas,singular.nominative,garimas
conch,n,garimas,singular.accusative,idagarimas
conch,n,garimas,singular.genitive,garimas
conch,n,garimas,singular.dative,garimasahi
concrete,n,ojano,singular.nominative,ojano
concrete,n,ojano,singular.accusative,idojano
concrete,n,ojano,singular.genitive,gojano
concrete,n,ojano,singular.dative,ojanohi
condition,n,heshima,singular.nominative,heshima
condition,n,heshima,singular.accusative,idaheshima
condition,n,heshima,singular.genitive,gaheshima
condition,n,heshima,singular.dative,heshimahi
cone,n,desapi,singular.nominative,desapi
cone,n,desapi,singular.accusative,idesapi
cone,n,desapi,singular.genitive,gadesapi
cone,n,desapi,singular.dative,desapihi
confer,v,hamasuz,indicative.present.3sg,hamasuz
confer,v,hamasuz,imperative.present.3sg,hamasuza
confer,v,hamasuz,subjunctive.present.3sg,hamasuzapo
confer,v,hamasuz,conditional.present.3sg,hamasuzad
confess,v,pyahoto,indicative.present.3sg,pyahoto
confess,v,pyahoto,imperative.present.3sg,pyahotoa
confess,v,pyahoto,subjunctive.present.3sg,pyahotopo
confess,v,pyahoto,conditional.present.3sg,pyahotod
confident,adj,gyazezu,positive,gyazezu
confident,adj,gyazezu,comparative,zon gyazezu
confident,adj,gyazezu,superlative,yafuntt gyazezu
confidential,adj,arepayu,positive,arepayu
confidential,adj,arepayu,comparative,zon arepayu
confidential,adj,arepayu,superlative,yafuntt arepayu
confine,v,ajimyaj,indicative.present.3sg,ajimyaj
confine,v,ajimyaj,imperative.present.3sg,ajimyaja
confine,v,ajimyaj,subjunctive.present.3sg,ajimyajapo
confine,v,ajimyaj,conditional.present.3sg,ajimyajad
confirm,v,heyogo,indicative.present.3sg,heyogo
confirm,v,heyogo,imperative.present.3sg,heyogoa
confirm,v,heyogo,subjunctive.present.3sg,heyogopo
confirm,v,heyogo,conditional.present.3sg,heyogod
confluence,n,hezutte,singular.nominative,hezutte
confluence,n,hezutte,singular.accusative,idahezutte
confluence,n,hezutte,singular.genitive,gahezutte
confluence,n,hezutte,singular.dative,hezuttehi
conform,v,sette,indicative.present.3sg,sette
conform,v,sette,imperative.present.3sg,settea
conform,v,sette,subjunctive.present.3sg,settepo
conform,v,sette,conditional.present.3sg,setted
confront,v,hitahe,indicative.present.3sg,hitahe
confront,v,hitahe,imperative.present.3sg,hitahea
confront,v,hitahe,subjunctive.present.3sg,hitahepo
confront,v,hitahe,conditional.present.3sg,hitahed
confuse,v,ojotoz,indicative.present.3sg,ojotoz
confuse,v,ojotoz,imperative.present.3sg,ojotoza
confuse,v,ojotoz,subjunctive.present.3sg,ojotozapo
confuse,v,ojotoz,conditional.present.3sg,ojotozad
congregate,v,yasu,indicative.present.3sg,yasu
congregate,v,yasu,imperative.present.3sg,yasua
congregate,v,yasu,subjunctive.present.3sg,yasupo
congregate,v,yasu,conditional.present.3sg,yasud
conjuration,n,dezodoz,singular.nominative,dezodoz
conjuration,n,dezodoz,singular.accusative,idezodoz
conjuration,n,dezodoz,singular.genitive,gadezodoz
conjuration,n,dezodoz,singular.dative,dezodozahi
conjurations,n,nariluc,singular.nominative,nariluc
conjurations,n,nariluc,singular.accusative,idanariluc
conjurations,n,nariluc,singular.genitive,ganariluc
conjurations,n,nariluc,singular.dative,narilucahi
conjuring,n,wozude,singular.nominative,wozude
conjuring,n,wozude,singular.accusative,idawozude
conjuring,n,wozude,singular.genitive,gawozude
conjuring,n,wozude,singular.dative,wozudehi
conquer,v,toherim,indicative.present.3sg,toherim
conquer,v,toherim,imperative.present.3sg,toherima
conquer,v,toherim,subjunctive.present.3sg,toherimapo
conquer,v,toherim,conditional.present.3sg,toherimad
conquest,n,zamashi,singular.nominative,zamashi
conquest,n,zamashi,singular.accusative,idazamashi
conquest,n,zamashi,singular.genitive,gazamashi
conquest,n,zamashi,singular.dative,zamashihi
conscious,adj,zedasu,positive,zedasu
conscious,adj,zedasu,comparative,zon zedasu
conscious,adj,zedasu,superlative,yafuntt zedasu
consecrate,v,mozuu,indicative.present.3sg,mozuu
consecrate,v,mozuu,imperative.present.3sg,mozuua
consecrate,v,mozuu,subjunctive.present.3sg,mozuupo
consecrate,v,mozuu,conditional.present.3sg,mozuud
consecrated,adj,dectude,positive,dectude
consecrated,adj,dectude,comparative,zon dectude
consecrated,adj,dectude,superlative,yafuntt dectude
consider,v,ilumasu,indicative.present.3sg,ilumasu
consider,v,ilumasu,imperative.present.3sg,ilumasua
consider,v,ilumasu,subjunctive.present.3sg,ilumasupo
consider,v,ilumasu,conditional.present.3sg,ilumasud
consistent,adj,kanobos,positive,kanobos
consistent,adj,kanobos,comparative,zon kanobos
consistent,adj,kanobos,superlative,yafuntt kanobos
consolidate,v,yuzofun,indicative.present.3sg,yuzofun
consolidate,v,yuzofun,imperative.present.3sg,yuzofuna
consolidate,v,yuzofun,subjunctive.present.3sg,yuzofunapo
consolidate,v,yuzofun,conditional.present.3sg,yuzofunad
conspire,v,hozatsu,indicative.present.3sg,hozatsu
conspire,v,hozatsu,imperative.present.3sg,hozatsua
conspire,v,hozatsu,subjunctive.present.3sg,hozatsupo
conspire,v,hozatsu,conditional.present.3sg,hozatsud
constable,n,byabi,singular.nominative,byabi
constable,n,byabi,singular.accusative,idabyabi
constable,n,byabi,singular.genitive,gabyabi
constable,n,byabi,singular.dative,byabihi
constellation,n,nitte,singular.nominative,nitte
constellation,n,nitte,singular.accusative,idanitte
constellation,n,nitte,singular.genitive,ganitte
constellation,n,nitte,singular.dative,nittehi
constitution,n,yuhe,singular.nominative,yuhe
constitution,n,yuhe,singular.accusative,idayuhe
constitution,n,yuhe,singular.genitive,gayuhe
constitution,n,yuhe,singular.dative,yuhehi
construction,n,monoru,singular.nominative,monoru
construction,n,monoru,singular.accusative,idamonoru
construction,n,monoru,singular.genitive,gamonoru
construction,n,monoru,singular.dative,monoruhi
consult,v,relebuk,indicative.present.3sg,relebuk
consult,v,relebuk,imperative.present.3sg,relebuka
consult,v,relebuk,subjunctive.present.3sg,relebukapo
consult,v,relebuk,conditional.present.3sg,relebukad
contagion,n,gogya,singular.nominative,gogya
contagion,n,gogya,singular.accusative,idagogya
contagion,n,gogya,singular.genitive,gogya
contagion,n,gogya,singular.dative,gogyahi
contain,v,deso,indicative.present.3sg,deso
contain,v,deso,imperative.present.3sg,desoa
contain,v,deso,subjunctive.present.3sg,desopo
contain,v,deso,conditional.present.3sg,desod
container,n,demasiu,singular.nominative,demasiu
container,n,demasiu,singular.accusative,idemasiu
container,n,demasiu,singular.genitive,gademasiu
container,n,demasiu,singular.dative,demasiuhi
contaminate,v,kim,indicative.present.3sg,kim
contaminate,v,kim,imperative.present.3sg,kima
contaminate,v,kim,subjunctive.present.3sg,kimapo
contaminate,v,kim,conditional.present.3sg,kimad
contempt,n,jugyoyu,singular.nominative,jugyoyu
contempt,n,jugyoyu,singular.accusative,idajugyoyu
contempt,n,jugyoyu,singular.genitive,gajugyoyu
contempt,n,jugyoyu,singular.dative,jugyoyuhi
continent,n,wabukyu,singular.nominative,wabukyu
continent,n,wabukyu,singular.accusative,idawabukyu
continent,n,wabukyu,singular.genitive,gawabukyu
continent,n,wabukyu,singular.dative,wabukyuhi
continue,v,nyata,indicative.present.3sg,nyata
continue,v,nyata,imperative.present.3sg,nyata
continue,v,nyata,subjunctive.present.3sg,nyatapo
continue,v,nyata,conditional.present.3sg,nyatad
contract,n,shimasi,singular.nominative,shimasi
contract,n,shimasi,singular.accusative,idashimasi
contract,n,shimasi,singular.genitive,gashimasi
contract,n,shimasi,singular.dative,shimasihi
contradict,v,shiku,indicative.present.3sg,shiku
contradict,v,shiku,imperative.present.3sg,shikua
contradict,v,shiku,subjunctive.present.3sg,shikupo
contradict,v,shiku,conditional.present.3sg,shikud
contrast,v,nataruh,indicative.present.3sg,nataruh
contrast,v,nataruh,imperative.present.3sg,nataruha
contrast,v,nataruh,subjunctive.present.3sg,nataruhapo
contrast,v,nataruh,conditional.present.3sg,nataruhad
contribute,v,waeru,indicative.present.3sg,waeru
contribute,v,waeru,imperative.present.3sg,waerua
contribute,v,waeru,subjunctive.present.3sg,waerupo
contribute,v,waeru,conditional.present.3sg,waerud
control,n,sorusad,singular.nominative,sorusad
control,n,sorusad,singular.accusative,idasorusad
control,n,sorusad,singular.genitive,gasorusad
control,n,sorusad,singular.dative,sorusadahi
controlling,n,awo,singular.nominative,awo
controlling,n,awo,singular.accusative,idawo
controlling,n,awo,singular.genitive,gawo
controlling,n,awo,singular.dative,awohi
controversy,n,sazasu,singular.nominative,sazasu
controversy,n,sazasu,singular.accusative,idasazasu
controversy,n,sazasu,singular.genitive,gasazasu
controversy,n,sazasu,singular.dative,sazasuhi
convenient,adj,jide,positive,jide
convenient,adj,jide,comparative,zon jide
convenient,adj,jide,superlative,yafuntt jide
converse,v,apomasu,indicative.present.3sg,apomasu
converse,v,apomasu,imperative.present.3sg,apomasua
converse,v,apomasu,subjunctive.present.3sg,apomasupo
converse,v,apomasu,conditional.present.3sg,apomasud
convert,v,chitaki,indicative.present.3sg,chitaki
convert,v,chitaki,imperative.present.3sg,chitakia
convert,v,chitaki,subjunctive.present.3sg,chitakipo
convert,v,chitaki,conditional.present.3sg,chitakid
convict,v,wawoado,indicative.present.3sg,wawoado
convict,v,wawoado,imperative.present.3sg,wawoadoa
convict,v,wawoado,subjunctive.present.3sg,wawoadopo
convict,v,wawoado,conditional.present.3sg,wawoadod
conviction,n,tarimas,singular.nominative,tarimas
conviction,n,tarimas,singular.accusative,idatarimas
conviction,n,tarimas,singular.genitive,gatarimas
conviction,n,tarimas,singular.dative,tarimasahi
cook (heat food),v,gyono,indicative.present.3sg,gyono
cook (heat food),v,gyono,imperative.present.3sg,gyonoa
cook (heat food),v,gyono,subjunctive.present.3sg,gyonopo
cook (heat food),v,gyono,conditional.present.3sg,gyonod
cook (prepare food),v,taru,indicative.present.3sg,taru
cook (prepare food),v,taru,imperative.present.3sg,tarua
cook (prepare food),v,taru,subjunctive.present.3sg,tarupo
cook (prepare food),v,taru,conditional.present.3sg,tarud
cook,n,dadaru,singular.nominative,dadaru
cook,n,dadaru,singular.accusative,idadaru
cook,n,dadaru,singular.genitive,gadadaru
cook,n,dadaru,singular.dative,dadaruhi
cooking oil,n,guho,singular.nominative,guho
cooking oil,n,guho,singular.accusative,idaguho
cooking oil,n,guho,singular.genitive,guho
cooking oil,n,guho,singular.dative,guhohi
cooking,n,kosamas,singular.nominative,kosamas
cooking,n,kosamas,singular.accusative,idakosamas
cooking,n,kosamas,singular.genitive,gakosamas
cooking,n,kosamas,singular.dative,kosamasahi
cool (fashionable),adj,niyayuf,positive,niyayuf
cool (fashionable),adj,niyayuf,comparative,zon niyayuf
cool (fashionable),adj,niyayuf,superlative,yafuntt niyayuf
cool (slightly cold),adj,nishiho,positive,nishiho
cool (slightly cold),adj,nishiho,comparative,zon nishiho
cool (slightly cold),adj,nishiho,superlative,yafuntt nishiho
cooperate,v,chiru,indicative.present.3sg,chiru
cooperate,v,chiru,imperative.present.3sg,chirua
cooperate,v,chiru,subjunctive.present.3sg,chirupo
cooperate,v,chiru,conditional.present.3sg,chirud
copper,n,mebawa,singular.nominative,mebawa
copper,n,mebawa,singular.accusative,idamebawa
copper,n,mebawa,singular.genitive,gamebawa
copper,n,mebawa,singular.dative,mebawahi
copy,v,trachit,indicative.present.3sg,trachit
copy,v,trachit,imperative.present.3sg,trachita
copy,v,trachit,subjunctive.present.3sg,trachitapo
copy,v,trachit,conditional.present.3sg,trachitad
copyright,n,nojinat,singular.nominative,nojinat
copyright,n,nojinat,singular.accusative,idanojinat
copyright,n,nojinat,singular.genitive,ganojinat
copyright,n,nojinat,singular.dative,nojinatahi
coral,n,fuhapya,singular.nominative,fuhapya
coral,n,fuhapya,singular.accusative,idafuhapya
coral,n,fuhapya,singular.genitive,gafuhapya
coral,n,fuhapya,singular.dative,fuhapyahi
cord,n,hizajip,singular.nominative,hizajip
cord,n,hizajip,singular.accusative,idahizajip
cord,n,hizajip,singular.genitive,gahizajip
cord,n,hizajip,singular.dative,hizajipahi
coriander,n,diciven,singular.nominative,diciven
coriander,n,diciven,singular.accusative,idiciven
coriander,n,diciven,singular.genitive,gadiciven
coriander,n,diciven,singular.dative,dicivenahi
cork,n,nihe,singular.nominative,nihe
cork,n,nihe,singular.accusative,idanihe
cork,n,nihe,singular.genitive,ganihe
cork,n,nihe,singular.dative,nihehi
corner,n,nyageni,singular.nominative,nyageni
corner,n,nyageni,singular.accusative,idanyageni
corner,n,nyageni,singular.genitive,ganyageni
corner,n,nyageni,singular.dative,nyagenihi
cornett,n,yawode,singular.nominative,yawode
cornett,n,yawode,singular.accusative,idayawode
cornett,n,yawode,singular.genitive,gayawode
cornett,n,yawode,singular.dative,yawodehi
corpse,n,sum,singular.nominative,sum
corpse,n,sum,singular.accusative,idasum
corpse,n,sum,singular.genitive,gasum
corpse,n,sum,singular.dative,sumahi
correlate,v,opyopy,indicative.present.3sg,opyopy
correlate,v,opyopy,imperative.present.3sg,opyopya
correlate,v,opyopy,subjunctive.present.3sg,opyopyapo
correlate,v,opyopy,conditional.present.3sg,opyopyad
corrupt,adj,tohyuma,positive,tohyuma
corrupt,adj,tohyuma,comparative,zon tohyuma
corrupt,adj,tohyuma,superlative,yafuntt tohyuma
cost,n,wohadfi,singular.nominative,wohadfi
cost,n,wohadfi,singular.accusative,idawohadfi
cost,n,wohadfi,singular.genitive,gawohadfi
cost,n,wohadfi,singular.dative,wohadfihi
costume,n,pyowosh,singular.nominative,pyowosh
costume,n,pyowosh,singular.accusative,idapyowosh
costume,n,pyowosh,singular.genitive,gapyowosh
costume,n,pyowosh,singular.dative,pyowoshi
cottage,n,dezare,singular.nominative,dezare
cottage,n,dezare,singular.accusative,idezare
cottage,n,dezare,singular.genitive,gadezare
cottage,n,dezare,singular.dative,dezarehi
cotton,n,shijima,singular.nominative,shijima
cotton,n,shijima,singular.accusative,idashijima
cotton,n,shijima,singular.genitive,gashijima
cotton,n,shijima,singular.dative,shijimahi
couch,n,jito,singular.nominative,jito
couch,n,jito,singular.accusative,idajito
couch,n,jito,singular.genitive,gajito
couch,n,jito,singular.dative,jitohi
cough,v,rimasi,indicative.present.3sg,rimasi
cough,v,rimasi,imperative.present.3sg,rimasia
cough,v,rimasi,subjunctive.present.3sg,rimasipo
cough,v,rimasi,conditional.present.3sg,rimasid
could,v,funo,indicative.present.3sg,funo
could,v,funo,imperative.present.3sg,funoa
could,v,funo,subjunctive.present.3sg,funopo
could,v,funo,conditional.present.3sg,funod
counsel,n,kottesu,singular.nominative,kottesu
counsel,n,kottesu,singular.accusative,idakottesu
counsel,n,kottesu,singular.genitive,gakottesu
counsel,n,kottesu,singular.dative,kottesuhi
counselor,n,chapyoj,singular.nominative,chapyoj
counselor,n,chapyoj,singular.accusative,idachapyoj
counselor,n,chapyoj,singular.genitive,gachapyoj
counselor,n,chapyoj,singular.dative,chapyojahi
count,v,eji,indicative.present.3sg,eji
count,v,eji,imperative.present.3sg,ejia
count,v,eji,subjunctive.present.3sg,ejipo
count,v,eji,conditional.present.3sg,ejid
counter (flat surface),n,gujafue,singular.nominative,gujafue
counter (flat surface),n,gujafue,singular.accusative,idagujafue
counter (flat surface),n,gujafue,singular.genitive,gujafue
counter (flat surface),n,gujafue,singular.dative,gujafuehi
countermagic,n,monusaj,singular.nominative,monusaj
countermagic,n,monusaj,singular.accusative,idamonusaj
countermagic,n,monusaj,singular.genitive,gamonusaj
countermagic,n,monusaj,singular.dative,monusajahi
counterspell,n,wochi,singular.nominative,wochi
counterspell,n,wochi,singular.accusative,idawochi
counterspell,n,wochi,singular.genitive,gawochi
counterspell,n,wochi,singular.dative,wochihi
country,n,eshid,singular.nominative,eshid
country,n,eshid,singular.accusative,ideshid
country,n,eshid,singular.genitive,geshid
country,n,eshid,singular.dative,eshidahi
couple,n,jiha,singular.nominative,jiha
couple,n,jiha,singular.accusative,idajiha
couple,n,jiha,singular.genitive,gajiha
couple,n,jiha,singular.dative,jihahi
courage/bravery,n,zuettas,singular.nominative,zuettas
courage/bravery,n,zuettas,singular.accusative,idazuettas
courage/bravery,n,zuettas,singular.genitive,gazuettas
courage/bravery,n,zuettas,singular.dative,zuettasahi
courier,n,sazoto,singular.nominative,sazoto
courier,n,sazoto,singular.accusative,idasazoto
courier,n,sazoto,singular.genitive,gasazoto
courier,n,sazoto,singular.dative,sazotohi
course,n,hejitsu,singular.nominative,hejitsu
course,n,hejitsu,singular.accusative,idahejitsu
course,n,hejitsu,singular.genitive,gahejitsu
course,n,hejitsu,singular.dative,hejitsuhi
court,n,topyohy,singular.nominative,topyohy
court,n,topyohy,singular.accusative,idatopyohy
court,n,topyohy,singular.genitive,gatopyohy
court,n,topyohy,singular.dative,topyohyahi
courtesan,n,tosu,singular.nominative,tosu
courtesan,n,tosu,singular.accusative,idatosu
courtesan,n,tosu,singular.genitive,gatosu
courtesan,n,tosu,singular.dative,tosuhi
courtesy,n,kyaha,singular.nominative,kyaha
courtesy,n,kyaha,singular.accusative,idakyaha
courtesy,n,kyaha,singular.genitive,gakyaha
courtesy,n,kyaha,singular.dative,kyahahi
courtyard,n,kohahez,singular.nominative,kohahez
courtyard,n,kohahez,singular.accusative,idakohahez
courtyard,n,kohahez,singular.genitive,gakohahez
courtyard,n,kohahez,singular.dative,kohahezahi
cousin,n,tae,singular.nominative,tae
cousin,n,tae,singular.accusative,idatae
cousin,n,tae,singular.genitive,gatae
cousin,n,tae,singular.dative,taehi
cove,n,mome,singular.nominative,mome
cove,n,mome,singular.accusative,idamome
cove,n,mome,singular.genitive,gamome
cove,n,mome,singular.dative,momehi
cover,v,zowo,indicative.present.3sg,zowo
cover,v,zowo,imperative.present.3sg,zowoa
cover,v,zowo,subjunctive.present.3sg,zowopo
cover,v,zowo,conditional.present.3sg,zowod
cow,n,nedaru,singular.nominative,nedaru
cow,n,nedaru,singular.accusative,idanedaru
cow,n,nedaru,singular.genitive,ganedaru
cow,n,nedaru,singular.dative,nedaruhi
coward,n,kotomae,singular.nominative,kotomae
coward,n,kotomae,singular.accusative,idakotomae
coward,n,kotomae,singular.genitive,gakotomae
coward,n,kotomae,singular.dative,kotomaehi
cowardice,n,nes,singular.nominative,nes
cowardice,n,nes,singular.accusative,idanes
cowardice,n,nes,singular.genitive,ganes
cowardice,n,nes,singular.dative,nesahi
cowl,n,ihenmas,singular.nominative,ihenmas
cowl,n,ihenmas,singular.accusative,idihenmas
cowl,n,ihenmas,singular.genitive,gihenmas
cowl,n,ihenmas,singular.dative,ihenmasahi
cozy,adj,zoto,positive,zoto
cozy,adj,zoto,comparative,zon zoto
cozy,adj,zoto,superlative,yafuntt zoto
crab-apple,n,geja,singular.nominative,geja
crab-apple,n,geja,singular.accusative,idageja
crab-apple,n,geja,singular.genitive,geja
crab-apple,n,geja,singular.dative,gejahi
crab,n,rimusem,singular.nominative,rimusem
crab,n,rimusem,singular.accusative,idarimusem
crab,n,rimusem,singular.genitive,garimusem
crab,n,rimusem,singular.dative,rimusemahi
crack,n,bimasut,singular.nominative,bimasut
crack,n,bimasut,singular.accusative,idabimasut
crack,n,bimasut,singular.genitive,gabimasut
crack,n,bimasut,singular.dative,bimasutahi
cracker,n,gyazu,singular.nominative,gyazu
cracker,n,gyazu,singular.accusative,idagyazu
cracker,n,gyazu,singular.genitive,gayazu
cracker,n,gyazu,singular.dative,gyazuhi
craft,n,myoo,singular.nominative,myoo
craft,n,myoo,singular.accusative,idamyoo
craft,n,myoo,singular.genitive,gamyoo
craft,n,myoo,singular.dative,myoohi
cram,v,sokarac,indicative.present.3sg,sokarac
cram,v,sokarac,imperative.present.3sg,sokaraca
cram,v,sokarac,subjunctive.present.3sg,sokaracapo
cram,v,sokarac,conditional.present.3sg,sokaracad
crane,n,ara,singular.nominative,ara
crane,n,ara,singular.accusative,idara
crane,n,ara,singular.genitive,gara
crane,n,ara,singular.dative,arahi
crash,v,inahama,indicative.present.3sg,inahama
crash,v,inahama,imperative.present.3sg,inahama
crash,v,inahama,subjunctive.present.3sg,inahamapo
crash,v,inahama,conditional.present.3sg,inahamad
crate,n,kogyoto,singular.nominative,kogyoto
crate,n,kogyoto,singular.accusative,idakogyoto
crate,n,kogyoto,singular.genitive,gakogyoto
crate,n,kogyoto,singular.dative,kogyotohi
crater,n,gyafu,singular.nominative,gyafu
crater,n,gyafu,singular.accusative,idagyafu
crater,n,gyafu,singular.genitive,gayafu
crater,n,gyafu,singular.dative,gyafuhi
crave,v,fuchoto,indicative.present.3sg,fuchoto
crave,v,fuchoto,imperative.present.3sg,fuchotoa
crave,v,fuchoto,subjunctive.present.3sg,fuchotopo
crave,v,fuchoto,conditional.present.3sg,fuchotod
crawl,n,niyudes,singular.nominative,niyudes
crawl,n,niyudes,singular.accusative,idaniyudes
crawl,n,niyudes,singular.genitive,ganiyudes
crawl,n,niyudes,singular.dative,niyudesahi
crazy,adj,jande,positive,jande
crazy,adj,jande,comparative,zon jande
crazy,adj,jande,superlative,yafuntt jande
creak,v,sohohoy,indicative.present.3sg,sohohoy
creak,v,sohohoy,imperative.present.3sg,sohohoya
creak,v,sohohoy,subjunctive.present.3sg,sohohoyapo
creak,v,sohohoy,conditional.present.3sg,sohohoyad
cream,n,deshit,singular.nominative,deshit
cream,n,deshit,singular.accusative,ideshit
cream,n,deshit,singular.genitive,gadeshit
cream,n,deshit,singular.dative,deshitahi
create,v,pimyo,indicative.present.3sg,pimyo
create,v,pimyo,imperative.present.3sg,pimyoa
create,v,pimyo,subjunctive.present.3sg,pimyopo
create,v,pimyo,conditional.present.3sg,pimyod
creating,n,wobus,singular.nominative,wobus
creating,n,wobus,singular.accusative,idawobus
creating,n,wobus,singular.genitive,gawobus
creating,n,wobus,singular.dative,wobusahi
creation,n,pyahono,singular.nominative,pyahono
creation,n,pyahono,singular.accusative,idapyahono
creation,n,pyahono,singular.genitive,gapyahono
creation,n,pyahono,singular.dative,pyahonohi
creature,n,hihyoru,singular.nominative,hihyoru
creature,n,hihyoru,singular.accusative,idahihyoru
creature,n,hihyoru,singular.genitive,gahihyoru
creature,n,hihyoru,singular.dative,hihyoruhi
creatures,n,acho,singular.nominative,acho
creatures,n,acho,singular.accusative,idacho
creatures,n,acho,singular.genitive,gacho
creatures,n,acho,singular.dative,achohi
credible,adj,hajin,positive,hajin
credible,adj,hajin,comparative,zon hajin
credible,adj,hajin,superlative,yafuntt hajin
credit,n,danhyoz,singular.nominative,danhyoz
credit,n,danhyoz,singular.accusative,idanhyoz
credit,n,danhyoz,singular.genitive,gadanhyoz
credit,n,danhyoz,singular.dative,danhyozahi
creek,n,dartito,singular.nominative,dartito
creek,n,dartito,singular.accusative,idartito
creek,n,dartito,singular.genitive,gadartito
creek,n,dartito,singular.dative,dartitohi
creep,v,zemasu,indicative.present.3sg,zemasu
creep,v,zemasu,imperative.present.3sg,zemasua
creep,v,zemasu,subjunctive.present.3sg,zemasupo
creep,v,zemasu,conditional.present.3sg,zemasud
creeping,n,upu,singular.nominative,upu
creeping,n,upu,singular.accusative,idupu
creeping,n,upu,singular.genitive,gupu
creeping,n,upu,singular.dative,upuhi
creme,n,zazaome,singular.nominative,zazaome
creme,n,zazaome,singular.accusative,idazazaome
creme,n,zazaome,singular.genitive,gazazaome
creme,n,zazaome,singular.dative,zazaomehi
crenel,n,cello,singular.nominative,cello
crenel,n,cello,singular.accusative,idacello
crenel,n,cello,singular.genitive,gacello
crenel,n,cello,singular.dative,cellohi
crenelation,n,tahegid,singular.nominative,tahegid
crenelation,n,tahegid,singular.accusative,idatahegid
crenelation,n,tahegid,singular.genitive,gatahegid
crenelation,n,tahegid,singular.dative,tahegidahi
crest,n,soku,singular.nominative,soku
crest,n,soku,singular.accusative,idasoku
crest,n,soku,singular.genitive,gasoku
crest,n,soku,singular.dative,sokuhi
cricket,n,fuzes,singular.nominative,fuzes
cricket,n,fuzes,singular.accusative,idafuzes
cricket,n,fuzes,singular.genitive,gafuzes
cricket,n,fuzes,singular.dative,fuzesahi
crime,n,adasu,singular.nominative,adasu
crime,n,adasu,singular.accusative,idadasu
crime,n,adasu,singular.genitive,gadasu
crime,n,adasu,singular.dative,adasuhi
criminal,n,bokutsu,singular.nominative,bokutsu
criminal,n,bokutsu,singular.accusative,idabokutsu
criminal,n,bokutsu,singular.genitive,gabokutsu
criminal,n,bokutsu,singular.dative,bokutsuhi
crimson,adj,deshita,positive,deshita
crimson,adj,deshita,comparative,zon deshita
crimson,adj,deshita,superlative,yafuntt deshita
crippled,adj,azebusu,positive,azebusu
crippled,adj,azebusu,comparative,zon azebusu
crippled,adj,azebusu,superlative,yafuntt azebusu
crisp,adj,daku,positive,daku
crisp,adj,daku,comparative,zon daku
crisp,adj,daku,superlative,yafuntt daku
criteria,n,nequaem,singular.nominative,nequaem
criteria,n,nequaem,singular.accusative,idanequaem
criteria,n,nequaem,singular.genitive,ganequaem
criteria,n,nequaem,singular.dative,nequaemahi
critical,adj,gode,positive,gode
critical,adj,gode,comparative,zon gode
critical,adj,gode,superlative,yafuntt gode
criticize,v,nyomasu,indicative.present.3sg,nyomasu
criticize,v,nyomasu,imperative.present.3sg,nyomasua
criticize,v,nyomasu,subjunctive.present.3sg,nyomasupo
criticize,v,nyomasu,conditional.present.3sg,nyomasud
critique,n,anaru,singular.nominative,anaru
critique,n,anaru,singular.accusative,idanaru
critique,n,anaru,singular.genitive,ganaru
critique,n,anaru,singular.dative,anaruhi
crock,n,sowo,singular.nominative,sowo
crock,n,sowo,singular.accusative,idasowo
crock,n,sowo,singular.genitive,gasowo
crock,n,sowo,singular.dative,sowohi
crocodile,n,oshima,singular.nominative,oshima
crocodile,n,oshima,singular.accusative,idoshima
crocodile,n,oshima,singular.genitive,goshima
crocodile,n,oshima,singular.dative,oshimahi
crop,n,poshiyo,singular.nominative,poshiyo
crop,n,poshiyo,singular.accusative,idaposhiyo
crop,n,poshiyo,singular.genitive,gaposhiyo
crop,n,poshiyo,singular.dative,poshiyohi
crossbow,n,jiryomy,singular.nominative,jiryomy
crossbow,n,jiryomy,singular.accusative,idajiryomy
crossbow,n,jiryomy,singular.genitive,gajiryomy
crossbow,n,jiryomy,singular.dative,jiryomyahi
crouch,v,moru,indicative.present.3sg,moru
crouch,v,moru,imperative.present.3sg,morua
crouch,v,moru,subjunctive.present.3sg,morupo
crouch,v,moru,conditional.present.3sg,morud
crowbar,n,yafuwok,singular.nominative,yafuwok
crowbar,n,yafuwok,singular.accusative,idayafuwok
crowbar,n,yafuwok,singular.genitive,gayafuwok
crowbar,n,yafuwok,singular.dative,yafuwokahi
crowd,n,anbyuru,singular.nominative,anbyuru
crowd,n,anbyuru,singular.accusative,idanbyuru
crowd,n,anbyuru,singular.genitive,ganbyuru
crowd,n,anbyuru,singular.dative,anbyuruhi
crown,n,henyuru,singular.nominative,henyuru
crown,n,henyuru,singular.accusative,idahenyuru
crown,n,henyuru,singular.genitive,gahenyuru
crown,n,henyuru,singular.dative,henyuruhi
crude,adj,mero,positive,mero
crude,adj,mero,comparative,zon mero
crude,adj,mero,superlative,yafuntt mero
cruel,adj,byodosh,positive,byodosh
cruel,adj,byodosh,comparative,zon byodosh
cruel,adj,byodosh,superlative,yafuntt byodosh
cruise,v,nyumata,indicative.present.3sg,nyumata
cruise,v,nyumata,imperative.present.3sg,nyumata
cruise,v,nyumata,subjunctive.present.3sg,nyumatapo
cruise,v,nyumata,conditional.present.3sg,nyumatad
crumb,n,bokyayo,singular.nominative,bokyayo
crumb,n,bokyayo,singular.accusative,idabokyayo
crumb,n,bokyayo,singular.genitive,gabokyayo
crumb,n,bokyayo,singular.dative,bokyayohi
crumble,v,ryu,indicative.present.3sg,ryu
crumble,v,ryu,imperative.present.3sg,ryua
crumble,v,ryu,subjunctive.present.3sg,ryupo
crumble,v,ryu,conditional.present.3sg,ryud
crumhorn,n,uhemi,singular.nominative,uhemi
crumhorn,n,uhemi,singular.accusative,iduhemi
crumhorn,n,uhemi,singular.genitive,guhemi
crumhorn,n,uhemi,singular.dative,uhemihi
crumple,v,sokyu,indicative.present.3sg,sokyu
crumple,v,sokyu,imperative.present.3sg,sokyua
crumple,v,sokyu,subjunctive.present.3sg,sokyupo
crumple,v,sokyu,conditional.present.3sg,sokyud
crunch,v,shoshod,indicative.present.3sg,shoshod
crunch,v,shoshod,imperative.present.3sg,shoshoda
crunch,v,shoshod,subjunctive.present.3sg,shoshodapo
crunch,v,shoshod,conditional.present.3sg,shoshod
crusade,n,koru,singular.nominative,koru
crusade,n,koru,singular.accusative,idakoru
crusade,n,koru,singular.genitive,gakoru
crusade,n,koru,singular.dative,koruhi
crush,v,hazuyut,indicative.present.3sg,hazuyut
crush,v,hazuyut,imperative.present.3sg,hazuyuta
crush,v,hazuyut,subjunctive.present.3sg,hazuyutapo
crush,v,hazuyut,conditional.present.3sg,hazuyutad
crust,n,wadakim,singular.nominative,wadakim
crust,n,wadakim,singular.accusative,idawadakim
crust,n,wadakim,singular.genitive,gawadakim
crust,n,wadakim,singular.dative,wadakimahi
cry,v,senru,indicative.present.3sg,senru
cry,v,senru,imperative.present.3sg,senrua
cry,v,senru,subjunctive.present.3sg,senrupo
cry,v,senru,conditional.present.3sg,senrud
crystal,n,woui,singular.nominative,woui
crystal,n,woui,singular.accusative,idawoui
crystal,n,woui,singular.genitive,gawoui
crystal,n,woui,singular.dative,wouihi
crystallomancy,n,hemasi,singular.nominative,hemasi
crystallomancy,n,hemasi,singular.accusative,idahemasi
crystallomancy,n,hemasi,singular.genitive,gahemasi
crystallomancy,n,hemasi,singular.dative,hemasihi
cube,n,bushama,singular.nominative,bushama
cube,n,bushama,singular.accusative,idabushama
cube,n,bushama,singular.genitive,gabushama
cube,n,bushama,singular.dative,bushamahi
cucumber,n,bularim,singular.nominative,bularim
cucumber,n,bularim,singular.accusative,idabularim
cucumber,n,bularim,singular.genitive,gabularim
cucumber,n,bularim,singular.dative,bularimahi
cuff,n,wadeyuw,singular.nominative,wadeyuw
cuff,n,wadeyuw,singular.accusative,idawadeyuw
cuff,n,wadeyuw,singular.genitive,gawadeyuw
cuff,n,wadeyuw,singular.dative,wadeyuwahi
cuirass,n,zumasek,singular.nominative,zumasek
cuirass,n,zumasek,singular.accusative,idazumasek
cuirass,n,zumasek,singular.genitive,gazumasek
cuirass,n,zumasek,singular.dative,zumasekahi
cuisine,n,byunchi,singular.nominative,byunchi
cuisine,n,byunchi,singular.accusative,idabyunchi
cuisine,n,byunchi,singular.genitive,gabyunchi
cuisine,n,byunchi,singular.dative,byunchihi
cuisse,n,arimasi,singular.nominative,arimasi
cuisse,n,arimasi,singular.accusative,idarimasi
cuisse,n,arimasi,singular.genitive,garimasi
cuisse,n,arimasi,singular.dative,arimasihi
cull,v,tohetoh,indicative.present.3sg,tohetoh
cull,v,tohetoh,imperative.present.3sg,tohetoha
cull,v,tohetoh,subjunctive.present.3sg,tohetohapo
cull,v,tohetoh,conditional.present.3sg,tohetohad
cult,n,monage,singular.nominative,monage
cult,n,monage,singular.accusative,idamonage
cult,n,monage,singular.genitive,gamonage
cult,n,monage,singular.dative,monagehi
culture,n,gyu,singular.nominative,gyu
culture,n,gyu,singular.accusative,idagyu
culture,n,gyu,singular.genitive,gayu
culture,n,gyu,singular.dative,gyuhi
cup,n,ahimasu,singular.nominative,ahimasu
cup,n,ahimasu,singular.accusative,idahimasu
cup,n,ahimasu,singular.genitive,gahimasu
cup,n,ahimasu,singular.dative,ahimasuhi
curator,n,oiya,singular.nominative,oiya
curator,n,oiya,singular.accusative,idoiya
curator,n,oiya,singular.genitive,goiya
curator,n,oiya,singular.dative,oiyahi
curb,v,ryuyoya,indicative.present.3sg,ryuyoya
curb,v,ryuyoya,imperative.present.3sg,ryuyoya
curb,v,ryuyoya,subjunctive.present.3sg,ryuyoyapo
curb,v,ryuyoya,conditional.present.3sg,ryuyoyad
curdle,v,datara,indicative.present.3sg,datara
curdle,v,datara,imperative.present.3sg,datara
curdle,v,datara,subjunctive.present.3sg,datarapo
curdle,v,datara,conditional.present.3sg,datarad
curds and whey,n,zae,singular.nominative,zae
curds and whey,n,zae,singular.accusative,idazae
curds and whey,n,zae,singular.genitive,gazae
curds and whey,n,zae,singular.dative,zaehi
curds,n,attafu,singular.nominative,attafu
curds,n,attafu,singular.accusative,idattafu
curds,n,attafu,singular.genitive,gattafu
curds,n,attafu,singular.dative,attafuhi
cure,v,chichi,indicative.present.3sg,chichi
cure,v,chichi,imperative.present.3sg,chichia
cure,v,chichi,subjunctive.present.3sg,chichipo
cure,v,chichi,conditional.present.3sg,chichid
curious,adj,riryuma,positive,riryuma
curious,adj,riryuma,comparative,zon riryuma
curious,adj,riryuma,superlative,yafuntt riryuma
curl,n,zhegoma,singular.nominative,zhegoma
curl,n,zhegoma,singular.accusative,idazhegoma
curl,n,zhegoma,singular.genitive,gazhegoma
curl,n,zhegoma,singular.dative,zhegomahi
current,adj,kino,positive,kino
current,adj,kino,comparative,zon kino
current,adj,kino,superlative,yafuntt kino
current,n,woku,singular.nominative,woku
current,n,woku,singular.accusative,idawoku
current,n,woku,singular.genitive,gawoku
current,n,woku,singular.dative,wokuhi
curse,n,sede,singular.nominative,sede
curse,n,sede,singular.accusative,idasede
curse,n,sede,singular.genitive,gasede
curse,n,sede,singular.dative,sedehi
curtain,n,tatarim,singular.nominative,tatarim
curtain,n,tatarim,singular.accusative,idatatarim
curtain,n,tatarim,singular.genitive,gatatarim
curtain,n,tatarim,singular.dative,tatarimahi
curtal,n,gatten,singular.nominative,gatten
curtal,n,gatten,singular.accusative,idagatten
curtal,n,gatten,singular.genitive,gatten
curtal,n,gatten,singular.dative,gattenahi
curve,n,honha,singular.nominative,honha
curve,n,honha,singular.accusative,idahonha
curve,n,honha,singular.genitive,gahonha
curve,n,honha,singular.dative,honhahi
cushion,n,seya,singular.nominative,seya
cushion,n,seya,singular.accusative,idaseya
cushion,n,seya,singular.genitive,gaseya
cushion,n,seya,singular.dative,seyahi
custody,n,gyugyu,singular.nominative,gyugyu
custody,n,gyugyu,singular.accusative,idagyugyu
custody,n,gyugyu,singular.genitive,gayugyu
custody,n,gyugyu,singular.dative,gyugyuhi
custom,adj,shochix,positive,shochix
custom,adj,shochix,comparative,zon shochix
custom,adj,shochix,superlative,yafuntt shochix
custom,n,karimag,singular.nominative,karimag
custom,n,karimag,singular.accusative,idakarimag
custom,n,karimag,singular.genitive,gakarimag
custom,n,karimag,singular.dative,karimagahi
cut,n,ubamono,singular.nominative,ubamono
cut,n,ubamono,singular.accusative,idubamono
cut,n,ubamono,singular.genitive,gubamono
cut,n,ubamono,singular.dative,ubamonohi
cute,adj,pijudic,positive,pijudic
cute,adj,pijudic,comparative,zon pijudic
cute,adj,pijudic,superlative,yafuntt pijudic
cylinder,n,monju,singular.nominative,monju
cylinder,n,monju,singular.accusative,idamonju
cylinder,n,monju,singular.genitive,gamonju
cylinder,n,monju,singular.dative,monjuhi
cymbal,n,ochuji,singular.nominative,ochuji
cymbal,n,ochuji,singular.accusative,idochuji
cymbal,n,ochuji,singular.genitive,gochuji
cymbal,n,ochuji,singular.dative,ochujihi
cynic,n,byusech,singular.nominative,byusech
cynic,n,byusech,singular.accusative,idabyusech
cynic,n,byusech,singular.genitive,gabyusech
cynic,n,byusech,singular.dative,byusechi
dactylomancy,n,gyuukar,singular.nominative,gyuukar
dactylomancy,n,gyuukar,singular.accusative,idagyuukar
dactylomancy,n,gyuukar,singular.genitive,gayuukar
dactylomancy,n,gyuukar,singular.dative,gyuukarahi
daemon,n,ryafui,singular.nominative,ryafui
daemon,n,ryafui,singular.accusative,idaryafui
daemon,n,ryafui,singular.genitive,garyafui
daemon,n,ryafui,singular.dative,ryafuihi
dagger,n,auttera,singular.nominative,auttera
dagger,n,auttera,singular.accusative,idauttera
dagger,n,auttera,singular.genitive,gauttera
dagger,n,auttera,singular.dative,autterahi
dairy,n,pyuwa,singular.nominative,pyuwa
dairy,n,pyuwa,singular.accusative,idapyuwa
dairy,n,pyuwa,singular.genitive,gapyuwa
dairy,n,pyuwa,singular.dative,pyuwahi
dam,n,sozo,singular.nominative,sozo
dam,n,sozo,singular.accusative,idasozo
dam,n,sozo,singular.genitive,gasozo
dam,n,sozo,singular.dative,sozohi
damage,v,ozezam,indicative.present.3sg,ozezam
damage,v,ozezam,imperative.present.3sg,ozezama
damage,v,ozezam,subjunctive.present.3sg,ozezamapo
damage,v,ozezam,conditional.present.3sg,ozezamad
damn,adj,arefu,positive,arefu
damn,adj,arefu,comparative,zon arefu
damn,adj,arefu,superlative,yafuntt arefu
damnum,n,oheden,singular.nominative,oheden
damnum,n,oheden,singular.accusative,idoheden
damnum,n,oheden,singular.genitive,goheden
damnum,n,oheden,singular.dative,ohedenahi
damp,adj,naro,positive,naro
damp,adj,naro,comparative,zon naro
damp,adj,naro,superlative,yafuntt naro
dampen,v,hochiru,indicative.present.3sg,hochiru
dampen,v,hochiru,imperative.present.3sg,hochirua
dampen,v,hochiru,subjunctive.present.3sg,hochirupo
dampen,v,hochiru,conditional.present.3sg,hochirud
damping,n,tomasu,singular.nominative,tomasu
damping,n,tomasu,singular.accusative,idatomasu
damping,n,tomasu,singular.genitive,gatomasu
damping,n,tomasu,singular.dative,tomasuhi
dance,n,gozoruh,singular.nominative,gozoruh
dance,n,gozoruh,singular.accusative,idagozoruh
dance,n,gozoruh,singular.genitive,gozoruh
dance,n,gozoruh,singular.dative,gozoruhi
danger,n,zapyade,singular.nominative,zapyade
danger,n,zapyade,singular.accusative,idazapyade
danger,n,zapyade,singular.genitive,gazapyade
danger,n,zapyade,singular.dative,zapyadehi
dangle,v,shidaru,indicative.present.3sg,shidaru
dangle,v,shidaru,imperative.present.3sg,shidarua
dangle,v,shidaru,subjunctive.present.3sg,shidarupo
dangle,v,shidaru,conditional.present.3sg,shidarud
dark,adj,moheryu,positive,moheryu
dark,adj,moheryu,comparative,zon moheryu
dark,adj,moheryu,superlative,yafuntt moheryu
dark,n,fuse,singular.nominative,fuse
dark,n,fuse,singular.accusative,idafuse
dark,n,fuse,singular.genitive,gafuse
dark,n,fuse,singular.dative,fusehi
darkvision,n,arumasu,singular.nominative,arumasu
darkvision,n,arumasu,singular.accusative,idarumasu
darkvision,n,arumasu,singular.genitive,garumasu
darkvision,n,arumasu,singular.dative,arumasuhi
darling,n,goporu,singular.nominative,goporu
darling,n,goporu,singular.accusative,idagoporu
darling,n,goporu,singular.genitive,goporu
darling,n,goporu,singular.dative,goporuhi
dart,n,yahyu,singular.nominative,yahyu
dart,n,yahyu,singular.accusative,idayahyu
dart,n,yahyu,singular.genitive,gayahyu
dart,n,yahyu,singular.dative,yahyuhi
dash,n,hyuhozo,singular.nominative,hyuhozo
dash,n,hyuhozo,singular.accusative,idahyuhozo
dash,n,hyuhozo,singular.genitive,gahyuhozo
dash,n,hyuhozo,singular.dative,hyuhozohi
data,n,junazo,singular.nominative,junazo
data,n,junazo,singular.accusative,idajunazo
data,n,junazo,singular.genitive,gajunazo
data,n,junazo,singular.dative,junazohi
date,n,gosa,singular.nominative,gosa
date,n,gosa,singular.accusative,idagosa
date,n,gosa,singular.genitive,gosa
date,n,gosa,singular.dative,gosahi
daughter,n,abishar,singular.nominative,abishar
daughter,n,abishar,singular.accusative,idabishar
daughter,n,abishar,singular.genitive,gabishar
daughter,n,abishar,singular.dative,abisharahi
daunting,adj,uso,positive,uso
daunting,adj,uso,comparative,zon uso
daunting,adj,uso,superlative,yafuntt uso
dawn,n,hiturun,singular.nominative,hiturun
dawn,n,hiturun,singular.accusative,idahiturun
dawn,n,hiturun,singular.genitive,gahiturun
dawn,n,hiturun,singular.dative,hiturunahi
day,n,sotam,singular.nominative,sotam
day,n,sotam,singular.accusative,idasotam
day,n,sotam,singular.genitive,gasotam
day,n,sotam,singular.dative,sotamahi
dead,adj,koni,positive,koni
dead,adj,koni,comparative,zon koni
dead,adj,koni,superlative,yafuntt koni
deadly,adj,jigyada,positive,jigyada
deadly,adj,jigyada,comparative,zon jigyada
deadly,adj,jigyada,superlative,yafuntt jigyada
deaf,adj,eushiji,positive,eushiji
deaf,adj,eushiji,comparative,zon eushiji
deaf,adj,eushiji,superlative,yafuntt eushiji
deal,v,autakin,indicative.present.3sg,autakin
deal,v,autakin,imperative.present.3sg,autakina
deal,v,autakin,subjunctive.present.3sg,autakinapo
deal,v,autakin,conditional.present.3sg,autakinad
dean,n,monjude,singular.nominative,monjude
dean,n,monjude,singular.accusative,idamonjude
dean,n,monjude,singular.genitive,gamonjude
dean,n,monjude,singular.dative,monjudehi
debate,v,watta,indicative.present.3sg,watta
debate,v,watta,imperative.present.3sg,watta
debate,v,watta,subjunctive.present.3sg,wattapo
debate,v,watta,conditional.present.3sg,wattad
debt,n,fata,singular.nominative,fata
debt,n,fata,singular.accusative,idafata
debt,n,fata,singular.genitive,gafata
debt,n,fata,singular.dative,fatahi
decade,n,nyagyon,singular.nominative,nyagyon
decade,n,nyagyon,singular.accusative,idanyagyon
decade,n,nyagyon,singular.genitive,ganyagyon
decade,n,nyagyon,singular.dative,nyagyonahi
decay,n,anemasu,singular.nominative,anemasu
decay,n,anemasu,singular.accusative,idanemasu
decay,n,anemasu,singular.genitive,ganemasu
decay,n,anemasu,singular.dative,anemasuhi
decide,v,watanar,indicative.present.3sg,watanar
decide,v,watanar,imperative.present.3sg,watanara
decide,v,watanar,subjunctive.present.3sg,watanarapo
decide,v,watanar,conditional.present.3sg,watanarad
decipher,v,kare,indicative.present.3sg,kare
decipher,v,kare,imperative.present.3sg,karea
decipher,v,kare,subjunctive.present.3sg,karepo
decipher,v,kare,conditional.present.3sg,kared
decorate,v,zaji,indicative.present.3sg,zaji
decorate,v,zaji,imperative.present.3sg,zajia
decorate,v,zaji,subjunctive.present.3sg,zajipo
decorate,v,zaji,conditional.present.3sg,zajid
decoration,n,annai,singular.nominative,annai
decoration,n,annai,singular.accusative,idannai
decoration,n,annai,singular.genitive,gannai
decoration,n,annai,singular.dative,annaihi
deduce,v,karim,indicative.present.3sg,karim
deduce,v,karim,imperative.present.3sg,karima
deduce,v,karim,subjunctive.present.3sg,karimapo
deduce,v,karim,conditional.present.3sg,karimad
deed,n,hamasu,singular.nominative,hamasu
deed,n,hamasu,singular.accusative,idahamasu
deed,n,hamasu,singular.genitive,gahamasu
deed,n,hamasu,singular.dative,hamasuhi
deem,v,shuhoma,indicative.present.3sg,shuhoma
deem,v,shuhoma,imperative.present.3sg,shuhoma
deem,v,shuhoma,subjunctive.present.3sg,shuhomapo
deem,v,shuhoma,conditional.present.3sg,shuhomad
deep,adj,jitsu,positive,jitsu
deep,adj,jitsu,comparative,zon jitsu
deep,adj,jitsu,superlative,yafuntt jitsu
deer,n,natara,singular.nominative,natara
deer,n,natara,singular.accusative,idanatara
deer,n,natara,singular.genitive,ganatara
deer,n,natara,singular.dative,natarahi
default,n,pyudese,singular.nominative,pyudese
default,n,pyudese,singular.accusative,idapyudese
default,n,pyudese,singular.genitive,gapyudese
default,n,pyudese,singular.dative,pyudesehi
defecate,v,chushuy,indicative.present.3sg,chushuy
defecate,v,chushuy,imperative.present.3sg,chushuya
defecate,v,chushuy,subjunctive.present.3sg,chushuyapo
defecate,v,chushuy,conditional.present.3sg,chushuyad
defect,n,hyonyu,singular.nominative,hyonyu
defect,n,hyonyu,singular.accusative,idahyonyu
defect,n,hyonyu,singular.genitive,gahyonyu
defect,n,hyonyu,singular.dative,hyonyuhi
defend,v,iliamya,indicative.present.3sg,iliamya
defend,v,iliamya,imperative.present.3sg,iliamya
defend,v,iliamya,subjunctive.present.3sg,iliamyapo
defend,v,iliamya,conditional.present.3sg,iliamyad
define,v,woja,indicative.present.3sg,woja
define,v,woja,imperative.present.3sg,woja
define,v,woja,subjunctive.present.3sg,wojapo
define,v,woja,conditional.present.3sg,wojad
definite,adj,yane,positive,yane
definite,adj,yane,comparative,zon yane
definite,adj,yane,superlative,yafuntt yane
deflect,v,wactaku,indicative.present.3sg,wactaku
deflect,v,wactaku,imperative.present.3sg,wactakua
deflect,v,wactaku,subjunctive.present.3sg,wactakupo
deflect,v,wactaku,conditional.present.3sg,wactakud
deflection,n,demasu,singular.nominative,demasu
deflection,n,demasu,singular.accusative,idemasu
deflection,n,demasu,singular.genitive,gademasu
deflection,n,demasu,singular.dative,demasuhi
defy,v,pyakina,indicative.present.3sg,pyakina
defy,v,pyakina,imperative.present.3sg,pyakina
defy,v,pyakina,subjunctive.present.3sg,pyakinapo
defy,v,pyakina,conditional.present.3sg,pyakinad
degree,n,kinnari,singular.nominative,kinnari
degree,n,kinnari,singular.accusative,idakinnari
degree,n,kinnari,singular.genitive,gakinnari
degree,n,kinnari,singular.dative,kinnarihi
deity,n,cepyade,singular.nominative,cepyade
deity,n,cepyade,singular.accusative,idacepyade
deity,n,cepyade,singular.genitive,gacepyade
deity,n,cepyade,singular.dative,cepyadehi
delegate,n,dozu,singular.nominative,dozu
delegate,n,dozu,singular.accusative,idozu
delegate,n,dozu,singular.genitive,gadozu
delegate,n,dozu,singular.dative,dozuhi
deliberate,adj,naredes,positive,naredes
deliberate,adj,naredes,comparative,zon naredes
deliberate,adj,naredes,superlative,yafuntt naredes
delicious,adj,zebyasu,positive,zebyasu
delicious,adj,zebyasu,comparative,zon zebyasu
delicious,adj,zebyasu,superlative,yafuntt zebyasu
delight,n,okinge,singular.nominative,okinge
delight,n,okinge,singular.accusative,idokinge
delight,n,okinge,singular.genitive,gokinge
delight,n,okinge,singular.dative,okingehi
deliver,v,hazohar,indicative.present.3sg,hazohar
deliver,v,hazohar,imperative.present.3sg,hazohara
deliver,v,hazohar,subjunctive.present.3sg,hazoharapo
deliver,v,hazohar,conditional.present.3sg,hazoharad
demesne,n,heimasu,singular.nominative,heimasu
demesne,n,heimasu,singular.accusative,idaheimasu
demesne,n,heimasu,singular.genitive,gaheimasu
demesne,n,heimasu,singular.dative,heimasuhi
demise,n,poyamit,singular.nominative,poyamit
demise,n,poyamit,singular.accusative,idapoyamit
demise,n,poyamit,singular.genitive,gapoyamit
demise,n,poyamit,singular.dative,poyamitahi
democracy,n,daruge,singular.nominative,daruge
democracy,n,daruge,singular.accusative,idaruge
democracy,n,daruge,singular.genitive,gadaruge
democracy,n,daruge,singular.dative,darugehi
demographic,n,ryubyad,singular.nominative,ryubyad
demographic,n,ryubyad,singular.accusative,idaryubyad
demographic,n,ryubyad,singular.genitive,garyubyad
demographic,n,ryubyad,singular.dative,ryubyadahi
demon,n,goyato,singular.nominative,goyato
demon,n,goyato,singular.accusative,idagoyato
demon,n,goyato,singular.genitive,goyato
demon,n,goyato,singular.dative,goyatohi
demonic,adj,oyamasu,positive,oyamasu
demonic,adj,oyamasu,comparative,zon oyamasu
demonic,adj,oyamasu,superlative,yafuntt oyamasu
den,n,bokuhek,singular.nominative,bokuhek
den,n,bokuhek,singular.accusative,idabokuhek
den,n,bokuhek,singular.genitive,gabokuhek
den,n,bokuhek,singular.dative,bokuhekahi
denounce,v,desopyo,indicative.present.3sg,desopyo
denounce,v,desopyo,imperative.present.3sg,desopyoa
denounce,v,desopyo,subjunctive.present.3sg,desopyopo
denounce,v,desopyo,conditional.present.3sg,desopyod
dense,adj,anyomeb,positive,anyomeb
dense,adj,anyomeb,comparative,zon anyomeb
dense,adj,anyomeb,superlative,yafuntt anyomeb
dentist,n,hyozutt,singular.nominative,hyozutt
dentist,n,hyozutt,singular.accusative,idahyozutt
dentist,n,hyozutt,singular.genitive,gahyozutt
dentist,n,hyozutt,singular.dative,hyozuttahi
deny,v,ato,indicative.present.3sg,ato
deny,v,ato,imperative.present.3sg,atoa
deny,v,ato,subjunctive.present.3sg,atopo
deny,v,ato,conditional.present.3sg,atod
depart,v,naki,indicative.present.3sg,naki
depart,v,naki,imperative.present.3sg,nakia
depart,v,naki,subjunctive.present.3sg,nakipo
depart,v,naki,conditional.present.3sg,nakid
depend,v,shujish,indicative.present.3sg,shujish
depend,v,shujish,imperative.present.3sg,shujisha
depend,v,shujish,subjunctive.present.3sg,shujishapo
depend,v,shujish,conditional.present.3sg,shujishad
deploy,v,nyunatt,indicative.present.3sg,nyunatt
deploy,v,nyunatt,imperative.present.3sg,nyunatta
deploy,v,nyunatt,subjunctive.present.3sg,nyunattapo
deploy,v,nyunatt,conditional.present.3sg,nyunattad
deposit,v,ciptasu,indicative.present.3sg,ciptasu
deposit,v,ciptasu,imperative.present.3sg,ciptasua
deposit,v,ciptasu,subjunctive.present.3sg,ciptasupo
deposit,v,ciptasu,conditional.present.3sg,ciptasud
depressed,adj,zatte,positive,zatte
depressed,adj,zatte,comparative,zon zatte
depressed,adj,zatte,superlative,yafuntt zatte
deprive,v,bokyuya,indicative.present.3sg,bokyuya
deprive,v,bokyuya,imperative.present.3sg,bokyuya
deprive,v,bokyuya,subjunctive.present.3sg,bokyuyapo
deprive,v,bokyuya,conditional.present.3sg,bokyuyad
deputy,n,wowatsu,singular.nominative,wowatsu
deputy,n,wowatsu,singular.accusative,idawowatsu
deputy,n,wowatsu,singular.genitive,gawowatsu
deputy,n,wowatsu,singular.dative,wowatsuhi
descend,v,ryoruhy,indicative.present.3sg,ryoruhy
descend,v,ryoruhy,imperative.present.3sg,ryoruhya
descend,v,ryoruhy,subjunctive.present.3sg,ryoruhyapo
descend,v,ryoruhy,conditional.present.3sg,ryoruhyad
descendant,n,anru,singular.nominative,anru
descendant,n,anru,singular.accusative,idanru
descendant,n,anru,singular.genitive,ganru
descendant,n,anru,singular.dative,anruhi
describe,v,jude,indicative.present.3sg,jude
describe,v,jude,imperative.present.3sg,judea
describe,v,jude,subjunctive.present.3sg,judepo
describe,v,jude,conditional.present.3sg,juded
desert,n,arimasa,singular.nominative,arimasa
desert,n,arimasa,singular.accusative,idarimasa
desert,n,arimasa,singular.genitive,garimasa
desert,n,arimasa,singular.dative,arimasahi
desert,v,zuumasu,indicative.present.3sg,zuumasu
desert,v,zuumasu,imperative.present.3sg,zuumasua
desert,v,zuumasu,subjunctive.present.3sg,zuumasupo
desert,v,zuumasu,conditional.present.3sg,zuumasud
design,n,pong,singular.nominative,pong
design,n,pong,singular.accusative,idapong
design,n,pong,singular.genitive,gapong
design,n,pong,singular.dative,pongahi
designate,v,byahode,indicative.present.3sg,byahode
designate,v,byahode,imperative.present.3sg,byahodea
designate,v,byahode,subjunctive.present.3sg,byahodepo
designate,v,byahode,conditional.present.3sg,byahoded
desire,v,zuruhyu,indicative.present.3sg,zuruhyu
desire,v,zuruhyu,imperative.present.3sg,zuruhyua
desire,v,zuruhyu,subjunctive.present.3sg,zuruhyupo
desire,v,zuruhyu,conditional.present.3sg,zuruhyud
desk,n,hekesed,singular.nominative,hekesed
desk,n,hekesed,singular.accusative,idahekesed
desk,n,hekesed,singular.genitive,gahekesed
desk,n,hekesed,singular.dative,hekesedahi
despair,n,dose,singular.nominative,dose
despair,n,dose,singular.accusative,idose
despair,n,dose,singular.genitive,gadose
despair,n,dose,singular.dative,dosehi
desperate,adj,zuwa,positive,zuwa
desperate,adj,zuwa,comparative,zon zuwa
desperate,adj,zuwa,superlative,yafuntt zuwa
dessert,n,kyactra,singular.nominative,kyactra
dessert,n,kyactra,singular.accusative,idakyactra
dessert,n,kyactra,singular.genitive,gakyactra
dessert,n,kyactra,singular.dative,kyactrahi
destination,n,zohyach,singular.nominative,zohyach
destination,n,zohyach,singular.accusative,idazohyach
destination,n,zohyach,singular.genitive,gazohyach
destination,n,zohyach,singular.dative,zohyachi
destiny,n,mesho,singular.nominative,mesho
destiny,n,mesho,singular.accusative,idamesho
destiny,n,mesho,singular.genitive,gamesho
destiny,n,mesho,singular.dative,meshohi
destroy,v,yohodas,indicative.present.3sg,yohodas
destroy,v,yohodas,imperative.present.3sg,yohodasa
destroy,v,yohodas,subjunctive.present.3sg,yohodasapo
destroy,v,yohodas,conditional.present.3sg,yohodasad
detail,n,zusu,singular.nominative,zusu
detail,n,zusu,singular.accusative,idazusu
detail,n,zusu,singular.genitive,gazusu
detail,n,zusu,singular.dative,zusuhi
detain,v,byuda,indicative.present.3sg,byuda
detain,v,byuda,imperative.present.3sg,byuda
detain,v,byuda,subjunctive.present.3sg,byudapo
detain,v,byuda,conditional.present.3sg,byudad
detect,v,joshita,indicative.present.3sg,joshita
detect,v,joshita,imperative.present.3sg,joshita
detect,v,joshita,subjunctive.present.3sg,joshitapo
detect,v,joshita,conditional.present.3sg,joshitad
detecting,n,hodesu,singular.nominative,hodesu
detecting,n,hodesu,singular.accusative,idahodesu
detecting,n,hodesu,singular.genitive,gahodesu
detecting,n,hodesu,singular.dative,hodesuhi
detention,n,ozakin,singular.nominative,ozakin
detention,n,ozakin,singular.accusative,idozakin
detention,n,ozakin,singular.genitive,gozakin
detention,n,ozakin,singular.dative,ozakinahi
deter,v,taro,indicative.present.3sg,taro
deter,v,taro,imperative.present.3sg,taroa
deter,v,taro,subjunctive.present.3sg,taropo
deter,v,taro,conditional.present.3sg,tarod
deteriorate,v,kan,indicative.present.3sg,kan
deteriorate,v,kan,imperative.present.3sg,kana
deteriorate,v,kan,subjunctive.present.3sg,kanapo
deteriorate,v,kan,conditional.present.3sg,kanad
devastate,v,danai,indicative.present.3sg,danai
devastate,v,danai,imperative.present.3sg,danaia
devastate,v,danai,subjunctive.present.3sg,danaipo
devastate,v,danai,conditional.present.3sg,danaid
develop,v,hyopest,indicative.present.3sg,hyopest
develop,v,hyopest,imperative.present.3sg,hyopesta
develop,v,hyopest,subjunctive.present.3sg,hyopestapo
develop,v,hyopest,conditional.present.3sg,hyopestad
device,n,soomyu,singular.nominative,soomyu
device,n,soomyu,singular.accusative,idasoomyu
device,n,soomyu,singular.genitive,gasoomyu
device,n,soomyu,singular.dative,soomyuhi
devil,n,hyuzun,singular.nominative,hyuzun
devil,n,hyuzun,singular.accusative,idahyuzun
devil,n,hyuzun,singular.genitive,gahyuzun
devil,n,hyuzun,singular.dative,hyuzunahi
devise,v,hoto,indicative.present.3sg,hoto
devise,v,hoto,imperative.present.3sg,hotoa
devise,v,hoto,subjunctive.present.3sg,hotopo
devise,v,hoto,conditional.present.3sg,hotod
devote,v,depawoh,indicative.present.3sg,depawoh
devote,v,depawoh,imperative.present.3sg,depawoha
devote,v,depawoh,subjunctive.present.3sg,depawohapo
devote,v,depawoh,conditional.present.3sg,depawohad
devotee,n,his,singular.nominative,his
devotee,n,his,singular.accusative,idahis
devotee,n,his,singular.genitive,gahis
devotee,n,his,singular.dative,hisahi
dew,n,ettentt,singular.nominative,ettentt
dew,n,ettentt,singular.accusative,idettentt
dew,n,ettentt,singular.genitive,gettentt
dew,n,ettentt,singular.dative,ettenttahi
diagnose,v,niirutt,indicative.present.3sg,niirutt
diagnose,v,niirutt,imperative.present.3sg,niirutta
diagnose,v,niirutt,subjunctive.present.3sg,niiruttapo
diagnose,v,niirutt,conditional.present.3sg,niiruttad
diagram,n,sudesu,singular.nominative,sudesu
diagram,n,sudesu,singular.accusative,idasudesu
diagram,n,sudesu,singular.genitive,gasudesu
diagram,n,sudesu,singular.dative,sudesuhi
dial,v,pede,indicative.present.3sg,pede
dial,v,pede,imperative.present.3sg,pedea
dial,v,pede,subjunctive.present.3sg,pedepo
dial,v,pede,conditional.present.3sg,peded
dialect,n,dehajim,singular.nominative,dehajim
dialect,n,dehajim,singular.accusative,idehajim
dialect,n,dehajim,singular.genitive,gadehajim
dialect,n,dehajim,singular.dative,dehajimahi
diameter,n,zupomas,singular.nominative,zupomas
diameter,n,zupomas,singular.accusative,idazupomas
diameter,n,zupomas,singular.genitive,gazupomas
diameter,n,zupomas,singular.dative,zupomasahi
diamond,n,nuntonm,singular.nominative,nuntonm
diamond,n,nuntonm,singular.accusative,idanuntonm
diamond,n,nuntonm,singular.genitive,ganuntonm
diamond,n,nuntonm,singular.dative,nuntonmahi
diaper,n,eshizoy,singular.nominative,eshizoy
diaper,n,eshizoy,singular.accusative,ideshizoy
diaper,n,eshizoy,singular.genitive,geshizoy
diaper,n,eshizoy,singular.dative,eshizoyahi
dice,n,hon,singular.nominative,hon
dice,n,hon,singular.accusative,idahon
dice,n,hon,singular.genitive,gahon
dice,n,hon,singular.dative,honahi
dictator,n,moni,singular.nominative,moni
dictator,n,moni,singular.accusative,idamoni
dictator,n,moni,singular.genitive,gamoni
dictator,n,moni,singular.dative,monihi
dictionary,n,yohoho,singular.nominative,yohoho
dictionary,n,yohoho,singular.accusative,idayohoho
dictionary,n,yohoho,singular.genitive,gayohoho
dictionary,n,yohoho,singular.dative,yohohohi
die,v,ryonta,indicative.present.3sg,ryonta
die,v,ryonta,imperative.present.3sg,ryonta
die,v,ryonta,subjunctive.present.3sg,ryontapo
die,v,ryonta,conditional.present.3sg,ryontad
differ,v,dichi,indicative.present.3sg,dichi
differ,v,dichi,imperative.present.3sg,dichia
differ,v,dichi,subjunctive.present.3sg,dichipo
differ,v,dichi,conditional.present.3sg,dichid
different,adj,ewo,positive,ewo
different,adj,ewo,comparative,zon ewo
different,adj,ewo,superlative,yafuntt ewo
difficult,adj,hodomyo,positive,hodomyo
difficult,adj,hodomyo,comparative,zon hodomyo
difficult,adj,hodomyo,superlative,yafuntt hodomyo
dig,v,zomasu,indicative.present.3sg,zomasu
dig,v,zomasu,imperative.present.3sg,zomasua
dig,v,zomasu,subjunctive.present.3sg,zomasupo
dig,v,zomasu,conditional.present.3sg,zomasud
dignity,n,dadasu,singular.nominative,dadasu
dignity,n,dadasu,singular.accusative,idadasu
dignity,n,dadasu,singular.genitive,gadadasu
dignity,n,dadasu,singular.dative,dadasuhi
dim,adj,dosu,positive,dosu
dim,adj,dosu,comparative,zon dosu
dim,adj,dosu,superlative,yafuntt dosu
dimension,n,futo,singular.nominative,futo
dimension,n,futo,singular.accusative,idafuto
dimension,n,futo,singular.genitive,gafuto
dimension,n,futo,singular.dative,futohi
dine,v,pyusepe,indicative.present.3sg,pyusepe
dine,v,pyusepe,imperative.present.3sg,pyusepea
dine,v,pyusepe,subjunctive.present.3sg,pyusepepo
dine,v,pyusepe,conditional.present.3sg,pyuseped
diner,n,deshuma,singular.nominative,deshuma
diner,n,deshuma,singular.accusative,ideshuma
diner,n,deshuma,singular.genitive,gadeshuma
diner,n,deshuma,singular.dative,deshumahi
dinner,n,kesujir,singular.nominative,kesujir
dinner,n,kesujir,singular.accusative,idakesujir
dinner,n,kesujir,singular.genitive,gakesujir
dinner,n,kesujir,singular.dative,kesujirahi
diplomacy,n,nakara,singular.nominative,nakara
diplomacy,n,nakara,singular.accusative,idanakara
diplomacy,n,nakara,singular.genitive,ganakara
diplomacy,n,nakara,singular.dative,nakarahi
dire,adj,zue,positive,zue
dire,adj,zue,comparative,zon zue
dire,adj,zue,superlative,yafuntt zue
direct,adj,yodatte,positive,yodatte
direct,adj,yodatte,comparative,zon yodatte
direct,adj,yodatte,superlative,yafuntt yodatte
direct,v,umashi,indicative.present.3sg,umashi
direct,v,umashi,imperative.present.3sg,umashia
direct,v,umashi,subjunctive.present.3sg,umashipo
direct,v,umashi,conditional.present.3sg,umashid
direction,n,gyomasu,singular.nominative,gyomasu
direction,n,gyomasu,singular.accusative,idagyomasu
direction,n,gyomasu,singular.genitive,gayomasu
direction,n,gyomasu,singular.dative,gyomasuhi
dirt,n,yoshihy,singular.nominative,yoshihy
dirt,n,yoshihy,singular.accusative,idayoshihy
dirt,n,yoshihy,singular.genitive,gayoshihy
dirt,n,yoshihy,singular.dative,yoshihyahi
dirty,adj,kanocho,positive,kanocho
dirty,adj,kanocho,comparative,zon kanocho
dirty,adj,kanocho,superlative,yafuntt kanocho
disappoint,v,kahato,indicative.present.3sg,kahato
disappoint,v,kahato,imperative.present.3sg,kahatoa
disappoint,v,kahato,subjunctive.present.3sg,kahatopo
disappoint,v,kahato,conditional.present.3sg,kahatod
disaster,n,towaha,singular.nominative,towaha
disaster,n,towaha,singular.accusative,idatowaha
disaster,n,towaha,singular.genitive,gatowaha
disaster,n,towaha,singular.dative,towahahi
discharge,v,pubichu,indicative.present.3sg,pubichu
discharge,v,pubichu,imperative.present.3sg,pubichua
discharge,v,pubichu,subjunctive.present.3sg,pubichupo
discharge,v,pubichu,conditional.present.3sg,pubichud
disclose,v,pomedo,indicative.present.3sg,pomedo
disclose,v,pomedo,imperative.present.3sg,pomedoa
disclose,v,pomedo,subjunctive.present.3sg,pomedopo
disclose,v,pomedo,conditional.present.3sg,pomedod
discount,n,hyatabu,singular.nominative,hyatabu
discount,n,hyatabu,singular.accusative,idahyatabu
discount,n,hyatabu,singular.genitive,gahyatabu
discount,n,hyatabu,singular.dative,hyatabuhi
discourage,v,zuttata,indicative.present.3sg,zuttata
discourage,v,zuttata,imperative.present.3sg,zuttata
discourage,v,zuttata,subjunctive.present.3sg,zuttatapo
discourage,v,zuttata,conditional.present.3sg,zuttatad
discourse,n,choni,singular.nominative,choni
discourse,n,choni,singular.accusative,idachoni
discourse,n,choni,singular.genitive,gachoni
discourse,n,choni,singular.dative,chonihi
discover,v,dashoja,indicative.present.3sg,dashoja
discover,v,dashoja,imperative.present.3sg,dashoja
discover,v,dashoja,subjunctive.present.3sg,dashojapo
discover,v,dashoja,conditional.present.3sg,dashojad
discriminate,v,mone,indicative.present.3sg,mone
discriminate,v,mone,imperative.present.3sg,monea
discriminate,v,mone,subjunctive.present.3sg,monepo
discriminate,v,mone,conditional.present.3sg,moned
discuss,v,zuyus,indicative.present.3sg,zuyus
discuss,v,zuyus,imperative.present.3sg,zuyusa
discuss,v,zuyus,subjunctive.present.3sg,zuyusapo
discuss,v,zuyus,conditional.present.3sg,zuyusad
disease,n,nogio,singular.nominative,nogio
disease,n,nogio,singular.accusative,idanogio
disease,n,nogio,singular.genitive,ganogio
disease,n,nogio,singular.dative,nogiohi
disembowel,v,hudichu,indicative.present.3sg,hudichu
disembowel,v,hudichu,imperative.present.3sg,hudichua
disembowel,v,hudichu,subjunctive.present.3sg,hudichupo
disembowel,v,hudichu,conditional.present.3sg,hudichud
disguise,n,sodokot,singular.nominative,sodokot
disguise,n,sodokot,singular.accusative,idasodokot
disguise,n,sodokot,singular.genitive,gasodokot
disguise,n,sodokot,singular.dative,sodokotahi
disgust,n,hyosu,singular.nominative,hyosu
disgust,n,hyosu,singular.accusative,idahyosu
disgust,n,hyosu,singular.genitive,gahyosu
disgust,n,hyosu,singular.dative,hyosuhi
dish,n,oarima,singular.nominative,oarima
dish,n,oarima,singular.accusative,idoarima
dish,n,oarima,singular.genitive,goarima
dish,n,oarima,singular.dative,oarimahi
dismantle,v,hodatte,indicative.present.3sg,hodatte
dismantle,v,hodatte,imperative.present.3sg,hodattea
dismantle,v,hodatte,subjunctive.present.3sg,hodattepo
dismantle,v,hodatte,conditional.present.3sg,hodatted
dismiss,v,ryabude,indicative.present.3sg,ryabude
dismiss,v,ryabude,imperative.present.3sg,ryabudea
dismiss,v,ryabude,subjunctive.present.3sg,ryabudepo
dismiss,v,ryabude,conditional.present.3sg,ryabuded
disperse,v,eoloudo,indicative.present.3sg,eoloudo
disperse,v,eoloudo,imperative.present.3sg,eoloudoa
disperse,v,eoloudo,subjunctive.present.3sg,eoloudopo
disperse,v,eoloudo,conditional.present.3sg,eoloudod
display,v,souhyat,indicative.present.3sg,souhyat
display,v,souhyat,imperative.present.3sg,souhyata
display,v,souhyat,subjunctive.present.3sg,souhyatapo
display,v,souhyat,conditional.present.3sg,souhyatad
dispose,v,denra,indicative.present.3sg,denra
dispose,v,denra,imperative.present.3sg,denra
dispose,v,denra,subjunctive.present.3sg,denrapo
dispose,v,denra,conditional.present.3sg,denrad
disposition,n,jichi,singular.nominative,jichi
disposition,n,jichi,singular.accusative,idajichi
disposition,n,jichi,singular.genitive,gajichi
disposition,n,jichi,singular.dative,jichihi
dispute,n,deryaby,singular.nominative,deryaby
dispute,n,deryaby,singular.accusative,ideryaby
dispute,n,deryaby,singular.genitive,gaderyaby
dispute,n,deryaby,singular.dative,deryabyahi
disrupt,v,hyaetar,indicative.present.3sg,hyaetar
disrupt,v,hyaetar,imperative.present.3sg,hyaetara
disrupt,v,hyaetar,subjunctive.present.3sg,hyaetarapo
disrupt,v,hyaetar,conditional.present.3sg,hyaetarad
disruption,n,jite,singular.nominative,jite
disruption,n,jite,singular.accusative,idajite
disruption,n,jite,singular.genitive,gajite
disruption,n,jite,singular.dative,jitehi
dissolve,v,futte,indicative.present.3sg,futte
dissolve,v,futte,imperative.present.3sg,futtea
dissolve,v,futte,subjunctive.present.3sg,futtepo
dissolve,v,futte,conditional.present.3sg,futted
distance,n,hetta,singular.nominative,hetta
distance,n,hetta,singular.accusative,idahetta
distance,n,hetta,singular.genitive,gahetta
distance,n,hetta,singular.dative,hettahi
distill,v,tese,indicative.present.3sg,tese
distill,v,tese,imperative.present.3sg,tesea
distill,v,tese,subjunctive.present.3sg,tesepo
distill,v,tese,conditional.present.3sg,tesed
"distilled spirits, hard liquor",n,jimasuu,singular.nominative,jimasuu
"distilled spirits, hard liquor",n,jimasuu,singular.accusative,idajimasuu
"distilled spirits, hard liquor",n,jimasuu,singular.genitive,gajimasuu
"distilled spirits, hard liquor",n,jimasuu,singular.dative,jimasuuhi
distinction,n,veleveo,singular.nominative,veleveo
distinction,n,veleveo,singular.accusative,idaveleveo
distinction,n,veleveo,singular.genitive,gaveleveo
distinction,n,veleveo,singular.dative,veleveohi
distinguish,v,godama,indicative.present.3sg,godama
distinguish,v,godama,imperative.present.3sg,godama
distinguish,v,godama,subjunctive.present.3sg,godamapo
distinguish,v,godama,conditional.present.3sg,godamad
distort,v,soahoda,indicative.present.3sg,soahoda
distort,v,soahoda,imperative.present.3sg,soahoda
distort,v,soahoda,subjunctive.present.3sg,soahodapo
distort,v,soahoda,conditional.present.3sg,soahodad
distract,v,nita,indicative.present.3sg,nita
distract,v,nita,imperative.present.3sg,nita
distract,v,nita,subjunctive.present.3sg,nitapo
distract,v,nita,conditional.present.3sg,nitad
distress,n,jiso,singular.nominative,jiso
distress,n,jiso,singular.accusative,idajiso
distress,n,jiso,singular.genitive,gajiso
distress,n,jiso,singular.dative,jisohi
disturb,v,ipya,indicative.present.3sg,ipya
disturb,v,ipya,imperative.present.3sg,ipya
disturb,v,ipya,subjunctive.present.3sg,ipyapo
disturb,v,ipya,conditional.present.3sg,ipyad
ditch,n,zochi,singular.nominative,zochi
ditch,n,zochi,singular.accusative,idazochi
ditch,n,zochi,singular.genitive,gazochi
ditch,n,zochi,singular.dative,zochihi
dive,v,wajukot,indicative.present.3sg,wajukot
dive,v,wajukot,imperative.present.3sg,wajukota
dive,v,wajukot,subjunctive.present.3sg,wajukotapo
dive,v,wajukot,conditional.present.3sg,wajukotad
divert,v,cliso,indicative.present.3sg,cliso
divert,v,cliso,imperative.present.3sg,clisoa
divert,v,cliso,subjunctive.present.3sg,clisopo
divert,v,cliso,conditional.present.3sg,clisod
divide,v,shihehe,indicative.present.3sg,shihehe
divide,v,shihehe,imperative.present.3sg,shihehea
divide,v,shihehe,subjunctive.present.3sg,shihehepo
divide,v,shihehe,conditional.present.3sg,shihehed
divination,n,pyuzo,singular.nominative,pyuzo
divination,n,pyuzo,singular.accusative,idapyuzo
divination,n,pyuzo,singular.genitive,gapyuzo
divination,n,pyuzo,singular.dative,pyuzohi
divine,v,zekinai,indicative.present.3sg,zekinai
divine,v,zekinai,imperative.present.3sg,zekinaia
divine,v,zekinai,subjunctive.present.3sg,zekinaipo
divine,v,zekinai,conditional.present.3sg,zekinaid
divorce,n,gonyat,singular.nominative,gonyat
divorce,n,gonyat,singular.accusative,idagonyat
divorce,n,gonyat,singular.genitive,gonyat
divorce,n,gonyat,singular.dative,gonyatahi
do,v,bamasus,indicative.present.3sg,bamasus
do,v,bamasus,imperative.present.3sg,bamasusa
do,v,bamasus,subjunctive.present.3sg,bamasusapo
do,v,bamasus,conditional.present.3sg,bamasusad
doctor,n,desemas,singular.nominative,desemas
doctor,n,desemas,singular.accusative,idesemas
doctor,n,desemas,singular.genitive,gadesemas
doctor,n,desemas,singular.dative,desemasahi
doctrine,n,zoru,singular.nominative,zoru
doctrine,n,zoru,singular.accusative,idazoru
doctrine,n,zoru,singular.genitive,gazoru
doctrine,n,zoru,singular.dative,zoruhi
document,n,nyohehe,singular.nominative,nyohehe
document,n,nyohehe,singular.accusative,idanyohehe
document,n,nyohehe,singular.genitive,ganyohehe
document,n,nyohehe,singular.dative,nyohehehi
dodge,v,dasanyo,indicative.present.3sg,dasanyo
dodge,v,dasanyo,imperative.present.3sg,dasanyoa
dodge,v,dasanyo,subjunctive.present.3sg,dasanyopo
dodge,v,dasanyo,conditional.present.3sg,dasanyod
dog,n,kaho,singular.nominative,kaho
dog,n,kaho,singular.accusative,idakaho
dog,n,kaho,singular.genitive,gakaho
dog,n,kaho,singular.dative,kahohi
dolphin,n,hogyaji,singular.nominative,hogyaji
dolphin,n,hogyaji,singular.accusative,idahogyaji
dolphin,n,hogyaji,singular.genitive,gahogyaji
dolphin,n,hogyaji,singular.dative,hogyajihi
dome,n,jihyatt,singular.nominative,jihyatt
dome,n,jihyatt,singular.accusative,idajihyatt
dome,n,jihyatt,singular.genitive,gajihyatt
dome,n,jihyatt,singular.dative,jihyattahi
domestic,adj,zara,positive,zara
domestic,adj,zara,comparative,zon zara
domestic,adj,zara,superlative,yafuntt zara
dominate,v,ohoros,indicative.present.3sg,ohoros
dominate,v,ohoros,imperative.present.3sg,ohorosa
dominate,v,ohoros,subjunctive.present.3sg,ohorosapo
dominate,v,ohoros,conditional.present.3sg,ohorosad
donate,v,ryuto,indicative.present.3sg,ryuto
donate,v,ryuto,imperative.present.3sg,ryutoa
donate,v,ryuto,subjunctive.present.3sg,ryutopo
donate,v,ryuto,conditional.present.3sg,ryutod
donkey,n,janni,singular.nominative,janni
donkey,n,janni,singular.accusative,idajanni
donkey,n,janni,singular.genitive,gajanni
donkey,n,janni,singular.dative,jannihi
doom,n,ubette,singular.nominative,ubette
doom,n,ubette,singular.accusative,idubette
doom,n,ubette,singular.genitive,gubette
doom,n,ubette,singular.dative,ubettehi
doom,v,fure,indicative.present.3sg,fure
doom,v,fure,imperative.present.3sg,furea
doom,v,fure,subjunctive.present.3sg,furepo
doom,v,fure,conditional.present.3sg,fured
door,n,datanji,singular.nominative,datanji
door,n,datanji,singular.accusative,idatanji
door,n,datanji,singular.genitive,gadatanji
door,n,datanji,singular.dative,datanjihi
doppelganger,n,keo,singular.nominative,keo
doppelganger,n,keo,singular.accusative,idakeo
doppelganger,n,keo,singular.genitive,gakeo
doppelganger,n,keo,singular.dative,keohi
dot,n,sumasu,singular.nominative,sumasu
dot,n,sumasu,singular.accusative,idasumasu
dot,n,sumasu,singular.genitive,gasumasu
dot,n,sumasu,singular.dative,sumasuhi
double-ended,adj,kagejij,positive,kagejij
double-ended,adj,kagejij,comparative,zon kagejij
double-ended,adj,kagejij,superlative,yafuntt kagejij
double,adj,yawo,positive,yawo
double,adj,yawo,comparative,zon yawo
double,adj,yawo,superlative,yafuntt yawo
double,n,yukyowo,singular.nominative,yukyowo
double,n,yukyowo,singular.accusative,idayukyowo
double,n,yukyowo,singular.genitive,gayukyowo
double,n,yukyowo,singular.dative,yukyowohi
doubt,v,jinakyu,indicative.present.3sg,jinakyu
doubt,v,jinakyu,imperative.present.3sg,jinakyua
doubt,v,jinakyu,subjunctive.present.3sg,jinakyupo
doubt,v,jinakyu,conditional.present.3sg,jinakyud
dove,n,woidesu,singular.nominative,woidesu
dove,n,woidesu,singular.accusative,idawoidesu
dove,n,woidesu,singular.genitive,gawoidesu
dove,n,woidesu,singular.dative,woidesuhi
downtown (commercial area of city),n,ohodas,singular.nominative,ohodas
downtown (commercial area of city),n,ohodas,singular.accusative,idohodas
downtown (commercial area of city),n,ohodas,singular.genitive,gohodas
downtown (commercial area of city),n,ohodas,singular.dative,ohodasahi
draft harness,n,koteshi,singular.nominative,koteshi
draft harness,n,koteshi,singular.accusative,idakoteshi
draft harness,n,koteshi,singular.genitive,gakoteshi
draft harness,n,koteshi,singular.dative,koteshihi
drafthorse,n,anaruts,singular.nominative,anaruts
drafthorse,n,anaruts,singular.accusative,idanaruts
drafthorse,n,anaruts,singular.genitive,ganaruts
drafthorse,n,anaruts,singular.dative,anarutsahi
dragon,n,kottaku,singular.nominative,kottaku
dragon,n,kottaku,singular.accusative,idakottaku
dragon,n,kottaku,singular.genitive,gakottaku
dragon,n,kottaku,singular.dative,kottakuhi
drain,v,posoo,indicative.present.3sg,posoo
drain,v,posoo,imperative.present.3sg,posooa
drain,v,posoo,subjunctive.present.3sg,posoopo
drain,v,posoo,conditional.present.3sg,posood
draining,n,myoto,singular.nominative,myoto
draining,n,myoto,singular.accusative,idamyoto
draining,n,myoto,singular.genitive,gamyoto
draining,n,myoto,singular.dative,myotohi
drama,n,ryobada,singular.nominative,ryobada
drama,n,ryobada,singular.accusative,idaryobada
drama,n,ryobada,singular.genitive,garyobada
drama,n,ryobada,singular.dative,ryobadahi
drape,v,hasu,indicative.present.3sg,hasu
drape,v,hasu,imperative.present.3sg,hasua
drape,v,hasu,subjunctive.present.3sg,hasupo
drape,v,hasu,conditional.present.3sg,hasud
draw,v,wozufuc,indicative.present.3sg,wozufuc
draw,v,wozufuc,imperative.present.3sg,wozufuca
draw,v,wozufuc,subjunctive.present.3sg,wozufucapo
draw,v,wozufuc,conditional.present.3sg,wozufucad
drawer,n,hitteis,singular.nominative,hitteis
drawer,n,hitteis,singular.accusative,idahitteis
drawer,n,hitteis,singular.genitive,gahitteis
drawer,n,hitteis,singular.dative,hitteisahi
dream,n,kakino,singular.nominative,kakino
dream,n,kakino,singular.accusative,idakakino
dream,n,kakino,singular.genitive,gakakino
dream,n,kakino,singular.dative,kakinohi
drench,v,ettet,indicative.present.3sg,ettet
drench,v,ettet,imperative.present.3sg,etteta
drench,v,ettet,subjunctive.present.3sg,ettetapo
drench,v,ettet,conditional.present.3sg,ettetad
dress,n,hyarima,singular.nominative,hyarima
dress,n,hyarima,singular.accusative,idahyarima
dress,n,hyarima,singular.genitive,gahyarima
dress,n,hyarima,singular.dative,hyarimahi
drift,v,zakimas,indicative.present.3sg,zakimas
drift,v,zakimas,imperative.present.3sg,zakimasa
drift,v,zakimas,subjunctive.present.3sg,zakimasapo
drift,v,zakimas,conditional.present.3sg,zakimasad
drill bit,n,iwade,singular.nominative,iwade
drill bit,n,iwade,singular.accusative,idiwade
drill bit,n,iwade,singular.genitive,giwade
drill bit,n,iwade,singular.dative,iwadehi
drill,n,deshunn,singular.nominative,deshunn
drill,n,deshunn,singular.accusative,ideshunn
drill,n,deshunn,singular.genitive,gadeshunn
drill,n,deshunn,singular.dative,deshunnahi
drink,n,hohenai,singular.nominative,hohenai
drink,n,hohenai,singular.accusative,idahohenai
drink,n,hohenai,singular.genitive,gahohenai
drink,n,hohenai,singular.dative,hohenaihi
drinking horn,n,neruhed,singular.nominative,neruhed
drinking horn,n,neruhed,singular.accusative,idaneruhed
drinking horn,n,neruhed,singular.genitive,ganeruhed
drinking horn,n,neruhed,singular.dative,neruhedahi
drip,v,muntsu,indicative.present.3sg,muntsu
drip,v,muntsu,imperative.present.3sg,muntsua
drip,v,muntsu,subjunctive.present.3sg,muntsupo
drip,v,muntsu,conditional.present.3sg,muntsud
drive,v,konara,indicative.present.3sg,konara
drive,v,konara,imperative.present.3sg,konara
drive,v,konara,subjunctive.present.3sg,konarapo
drive,v,konara,conditional.present.3sg,konarad
drop,v,yaja,indicative.present.3sg,yaja
drop,v,yaja,imperative.present.3sg,yaja
drop,v,yaja,subjunctive.present.3sg,yajapo
drop,v,yaja,conditional.present.3sg,yajad
drought,n,lumyazu,singular.nominative,lumyazu
drought,n,lumyazu,singular.accusative,idalumyazu
drought,n,lumyazu,singular.genitive,galumyazu
drought,n,lumyazu,singular.dative,lumyazuhi
drown,v,izuyoma,indicative.present.3sg,izuyoma
drown,v,izuyoma,imperative.present.3sg,izuyoma
drown,v,izuyoma,subjunctive.present.3sg,izuyomapo
drown,v,izuyoma,conditional.present.3sg,izuyomad
drug,n,heshi,singular.nominative,heshi
drug,n,heshi,singular.accusative,idaheshi
drug,n,heshi,singular.genitive,gaheshi
drug,n,heshi,singular.dative,heshihi
druid,n,gohyu,singular.nominative,gohyu
druid,n,gohyu,singular.accusative,idagohyu
druid,n,gohyu,singular.genitive,gohyu
druid,n,gohyu,singular.dative,gohyuhi
drum,n,karita,singular.nominative,karita
drum,n,karita,singular.accusative,idakarita
drum,n,karita,singular.genitive,gakarita
drum,n,karita,singular.dative,karitahi
drunk (inebriated),adj,depyapu,positive,depyapu
drunk (inebriated),adj,depyapu,comparative,zon depyapu
drunk (inebriated),adj,depyapu,superlative,yafuntt depyapu
dry,adj,quano,positive,quano
dry,adj,quano,comparative,zon quano
dry,adj,quano,superlative,yafuntt quano
dual,adj,sezo,positive,sezo
dual,adj,sezo,comparative,zon sezo
dual,adj,sezo,superlative,yafuntt sezo
dualism,n,jadatas,singular.nominative,jadatas
dualism,n,jadatas,singular.accusative,idajadatas
dualism,n,jadatas,singular.genitive,gajadatas
dualism,n,jadatas,singular.dative,jadatasahi
dub,v,monhyos,indicative.present.3sg,monhyos
dub,v,monhyos,imperative.present.3sg,monhyosa
dub,v,monhyos,subjunctive.present.3sg,monhyosapo
dub,v,monhyos,conditional.present.3sg,monhyosad
dubious,adj,chumash,positive,chumash
dubious,adj,chumash,comparative,zon chumash
dubious,adj,chumash,superlative,yafuntt chumash
duck,n,itasuma,singular.nominative,itasuma
duck,n,itasuma,singular.accusative,iditasuma
duck,n,itasuma,singular.genitive,gitasuma
duck,n,itasuma,singular.dative,itasumahi
duck,v,seu,indicative.present.3sg,seu
duck,v,seu,imperative.present.3sg,seua
duck,v,seu,subjunctive.present.3sg,seupo
duck,v,seu,conditional.present.3sg,seud
due,adj,anzeja,positive,anzeja
due,adj,anzeja,comparative,zon anzeja
due,adj,anzeja,superlative,yafuntt anzeja
duel,v,kazuyat,indicative.present.3sg,kazuyat
duel,v,kazuyat,imperative.present.3sg,kazuyata
duel,v,kazuyat,subjunctive.present.3sg,kazuyatapo
duel,v,kazuyat,conditional.present.3sg,kazuyatad
dukes,n,fui,singular.nominative,fui
dukes,n,fui,singular.accusative,idafui
dukes,n,fui,singular.genitive,gafui
dukes,n,fui,singular.dative,fuihi
dulcimer,n,zuanmas,singular.nominative,zuanmas
dulcimer,n,zuanmas,singular.accusative,idazuanmas
dulcimer,n,zuanmas,singular.genitive,gazuanmas
dulcimer,n,zuanmas,singular.dative,zuanmasahi
dull,adj,byohyaz,positive,byohyaz
dull,adj,byohyaz,comparative,zon byohyaz
dull,adj,byohyaz,superlative,yafuntt byohyaz
dumb,adj,hehyaji,positive,hehyaji
dumb,adj,hehyaji,comparative,zon hehyaji
dumb,adj,hehyaji,superlative,yafuntt hehyaji
dumbek,n,nekumas,singular.nominative,nekumas
dumbek,n,nekumas,singular.accusative,idanekumas
dumbek,n,nekumas,singular.genitive,ganekumas
dumbek,n,nekumas,singular.dative,nekumasahi
dump,n,monwoto,singular.nominative,monwoto
dump,n,monwoto,singular.accusative,idamonwoto
dump,n,monwoto,singular.genitive,gamonwoto
dump,n,monwoto,singular.dative,monwotohi
dumpling,n,sozagya,singular.nominative,sozagya
dumpling,n,sozagya,singular.accusative,idasozagya
dumpling,n,sozagya,singular.genitive,gasozagya
dumpling,n,sozagya,singular.dative,sozagyahi
dune,n,adesu,singular.nominative,adesu
dune,n,adesu,singular.accusative,idadesu
dune,n,adesu,singular.genitive,gadesu
dune,n,adesu,singular.dative,adesuhi
dungeon,n,osabyo,singular.nominative,osabyo
dungeon,n,osabyo,singular.accusative,idosabyo
dungeon,n,osabyo,singular.genitive,gosabyo
dungeon,n,osabyo,singular.dative,osabyohi
dusk,n,wabun,singular.nominative,wabun
dusk,n,wabun,singular.accusative,idawabun
dusk,n,wabun,singular.genitive,gawabun
dusk,n,wabun,singular.dative,wabunahi
dust,n,narisha,singular.nominative,narisha
dust,n,narisha,singular.accusative,idanarisha
dust,n,narisha,singular.genitive,ganarisha
dust,n,narisha,singular.dative,narishahi
dusty,adj,obyazoh,positive,obyazoh
dusty,adj,obyazoh,comparative,zon obyazoh
dusty,adj,obyazoh,superlative,yafuntt obyazoh
dwarf,n,choto,singular.nominative,choto
dwarf,n,choto,singular.accusative,idachoto
dwarf,n,choto,singular.genitive,gachoto
dwarf,n,choto,singular.dative,chotohi
dwell,v,hodosok,indicative.present.3sg,hodosok
dwell,v,hodosok,imperative.present.3sg,hodosoka
dwell,v,hodosok,subjunctive.present.3sg,hodosokapo
dwell,v,hodosok,conditional.present.3sg,hodosokad
dye,n,muuru,singular.nominative,muuru
dye,n,muuru,singular.accusative,idamuuru
dye,n,muuru,singular.genitive,gamuuru
dye,n,muuru,singular.dative,muuruhi
dynamic,adj,arantiu,positive,arantiu
dynamic,adj,arantiu,comparative,zon arantiu
dynamic,adj,arantiu,superlative,yafuntt arantiu
dynamics,n,ojicil,singular.nominative,ojicil
dynamics,n,ojicil,singular.accusative,idojicil
dynamics,n,ojicil,singular.genitive,gojicil
dynamics,n,ojicil,singular.dative,ojicilahi
eager,adj,gomett,positive,gomett
eager,adj,gomett,comparative,zon gomett
eager,adj,gomett,superlative,yafuntt gomett
eagle,n,gojizu,singular.nominative,gojizu
eagle,n,gojizu,singular.accusative,idagojizu
eagle,n,gojizu,singular.genitive,gojizu
eagle,n,gojizu,singular.dative,gojizuhi
ear,n,odatsu,singular.nominative,odatsu
ear,n,odatsu,singular.accusative,idodatsu
ear,n,odatsu,singular.genitive,godatsu
ear,n,odatsu,singular.dative,odatsuhi
earl,n,osarim,singular.nominative,osarim
earl,n,osarim,singular.accusative,idosarim
earl,n,osarim,singular.genitive,gosarim
earl,n,osarim,singular.dative,osarimahi
early,adj,soomii,positive,soomii
early,adj,soomii,comparative,zon soomii
early,adj,soomii,superlative,yafuntt soomii
earn,v,chicoma,indicative.present.3sg,chicoma
earn,v,chicoma,imperative.present.3sg,chicoma
earn,v,chicoma,subjunctive.present.3sg,chicomapo
earn,v,chicoma,conditional.present.3sg,chicomad
earnest,adj,rya,positive,rya
earnest,adj,rya,comparative,zon rya
earnest,adj,rya,superlative,yafuntt rya
earring,n,tamas,singular.nominative,tamas
earring,n,tamas,singular.accusative,idatamas
earring,n,tamas,singular.genitive,gatamas
earring,n,tamas,singular.dative,tamasahi
earth,n,nakinzu,singular.nominative,nakinzu
earth,n,nakinzu,singular.accusative,idanakinzu
earth,n,nakinzu,singular.genitive,ganakinzu
earth,n,nakinzu,singular.dative,nakinzuhi
earthenware,n,kongo,singular.nominative,kongo
earthenware,n,kongo,singular.accusative,idakongo
earthenware,n,kongo,singular.genitive,gakongo
earthenware,n,kongo,singular.dative,kongohi
earthquake,n,hodabya,singular.nominative,hodabya
earthquake,n,hodabya,singular.accusative,idahodabya
earthquake,n,hodabya,singular.genitive,gahodabya
earthquake,n,hodabya,singular.dative,hodabyahi
east,n,ryang,singular.nominative,ryang
east,n,ryang,singular.accusative,idaryang
east,n,ryang,singular.genitive,garyang
east,n,ryang,singular.dative,ryangahi
easy,adj,pusoo,positive,pusoo
easy,adj,pusoo,comparative,zon pusoo
easy,adj,pusoo,superlative,yafuntt pusoo
eat,v,esuumya,indicative.present.3sg,esuumya
eat,v,esuumya,imperative.present.3sg,esuumya
eat,v,esuumya,subjunctive.present.3sg,esuumyapo
eat,v,esuumya,conditional.present.3sg,esuumyad
echo,n,auchisc,singular.nominative,auchisc
echo,n,auchisc,singular.accusative,idauchisc
echo,n,auchisc,singular.genitive,gauchisc
echo,n,auchisc,singular.dative,auchiscahi
eclipse,n,tsujiru,singular.nominative,tsujiru
eclipse,n,tsujiru,singular.accusative,idatsujiru
eclipse,n,tsujiru,singular.genitive,gatsujiru
eclipse,n,tsujiru,singular.dative,tsujiruhi
economy,n,sesu,singular.nominative,sesu
economy,n,sesu,singular.accusative,idasesu
economy,n,sesu,singular.genitive,gasesu
economy,n,sesu,singular.dative,sesuhi
edge,n,kata,singular.nominative,kata
edge,n,kata,singular.accusative,idakata
edge,n,kata,singular.genitive,gakata
edge,n,kata,singular.dative,katahi
edit,v,zopoi,indicative.present.3sg,zopoi
edit,v,zopoi,imperative.present.3sg,zopoia
edit,v,zopoi,subjunctive.present.3sg,zopoipo
edit,v,zopoi,conditional.present.3sg,zopoid
editor,n,byasi,singular.nominative,byasi
editor,n,byasi,singular.accusative,idabyasi
editor,n,byasi,singular.genitive,gabyasi
editor,n,byasi,singular.dative,byasihi
education,n,yufumuw,singular.nominative,yufumuw
education,n,yufumuw,singular.accusative,idayufumuw
education,n,yufumuw,singular.genitive,gayufumuw
education,n,yufumuw,singular.dative,yufumuwahi
eel,n,zofuzur,singular.nominative,zofuzur
eel,n,zofuzur,singular.accusative,idazofuzur
eel,n,zofuzur,singular.genitive,gazofuzur
eel,n,zofuzur,singular.dative,zofuzurahi
eerie,adj,ryayaki,positive,ryayaki
eerie,adj,ryayaki,comparative,zon ryayaki
eerie,adj,ryayaki,superlative,yafuntt ryayaki
effect,n,miwa,singular.nominative,miwa
effect,n,miwa,singular.accusative,idamiwa
effect,n,miwa,singular.genitive,gamiwa
effect,n,miwa,singular.dative,miwahi
effective,adj,desebus,positive,desebus
effective,adj,desebus,comparative,zon desebus
effective,adj,desebus,superlative,yafuntt desebus
efficient,adj,hem,positive,hem
efficient,adj,hem,comparative,zon hem
efficient,adj,hem,superlative,yafuntt hem
effort,n,ryanchu,singular.nominative,ryanchu
effort,n,ryanchu,singular.accusative,idaryanchu
effort,n,ryanchu,singular.genitive,garyanchu
effort,n,ryanchu,singular.dative,ryanchuhi
efreet,n,ubanuae,singular.nominative,ubanuae
efreet,n,ubanuae,singular.accusative,idubanuae
efreet,n,ubanuae,singular.genitive,gubanuae
efreet,n,ubanuae,singular.dative,ubanuaehi
egg,n,yozahec,singular.nominative,yozahec
egg,n,yozahec,singular.accusative,idayozahec
egg,n,yozahec,singular.genitive,gayozahec
egg,n,yozahec,singular.dative,yozahecahi
ego,n,hodano,singular.nominative,hodano
ego,n,hodano,singular.accusative,idahodano
ego,n,hodano,singular.genitive,gahodano
ego,n,hodano,singular.dative,hodanohi
eight,num,oshujin,singular.nominative,oshujin
eight,num,oshujin,singular.accusative,idoshujin
eight,num,oshujin,singular.genitive,goshujin
eight,num,oshujin,singular.dative,oshujinahi
eighteen,num,chamasu,singular.nominative,chamasu
eighteen,num,chamasu,singular.accusative,idachamasu
eighteen,num,chamasu,singular.genitive,gachamasu
eighteen,num,chamasu,singular.dative,chamasuhi
elaborate,adj,deze,positive,deze
elaborate,adj,deze,comparative,zon deze
elaborate,adj,deze,superlative,yafuntt deze
elaborate,v,dosoo,indicative.present.3sg,dosoo
elaborate,v,dosoo,imperative.present.3sg,dosooa
elaborate,v,dosoo,subjunctive.present.3sg,dosoopo
elaborate,v,dosoo,conditional.present.3sg,dosood
elastic,n,deshima,singular.nominative,deshima
elastic,n,deshima,singular.accusative,ideshima
elastic,n,deshima,singular.genitive,gadeshima
elastic,n,deshima,singular.dative,deshimahi
elbow,n,fudatte,singular.nominative,fudatte
elbow,n,fudatte,singular.accusative,idafudatte
elbow,n,fudatte,singular.genitive,gafudatte
elbow,n,fudatte,singular.dative,fudattehi
elder flower,n,shitoch,singular.nominative,shitoch
elder flower,n,shitoch,singular.accusative,idashitoch
elder flower,n,shitoch,singular.genitive,gashitoch
elder flower,n,shitoch,singular.dative,shitochi
elect,v,kemasu,indicative.present.3sg,kemasu
elect,v,kemasu,imperative.present.3sg,kemasua
elect,v,kemasu,subjunctive.present.3sg,kemasupo
elect,v,kemasu,conditional.present.3sg,kemasud
electoral,adj,wonmase,positive,wonmase
electoral,adj,wonmase,comparative,zon wonmase
electoral,adj,wonmase,superlative,yafuntt wonmase
electricity,n,hujo,singular.nominative,hujo
electricity,n,hujo,singular.accusative,idahujo
electricity,n,hujo,singular.genitive,gahujo
electricity,n,hujo,singular.dative,hujohi
element,n,shazohy,singular.nominative,shazohy
element,n,shazohy,singular.accusative,idashazohy
element,n,shazohy,singular.genitive,gashazohy
element,n,shazohy,singular.dative,shazohyahi
elemental,adj,adfluto,positive,adfluto
elemental,adj,adfluto,comparative,zon adfluto
elemental,adj,adfluto,superlative,yafuntt adfluto
elements,n,osu,singular.nominative,osu
elements,n,osu,singular.accusative,idosu
elements,n,osu,singular.genitive,gosu
elements,n,osu,singular.dative,osuhi
elephant,n,ugyachi,singular.nominative,ugyachi
elephant,n,ugyachi,singular.accusative,idugyachi
elephant,n,ugyachi,singular.genitive,gugyachi
elephant,n,ugyachi,singular.dative,ugyachihi
elevate,v,hane,indicative.present.3sg,hane
elevate,v,hane,imperative.present.3sg,hanea
elevate,v,hane,subjunctive.present.3sg,hanepo
elevate,v,hane,conditional.present.3sg,haned
elevation,n,pera,singular.nominative,pera
elevation,n,pera,singular.accusative,idapera
elevation,n,pera,singular.genitive,gapera
elevation,n,pera,singular.dative,perahi
eleven,num,yui,singular.nominative,yui
eleven,num,yui,singular.accusative,idayui
eleven,num,yui,singular.genitive,gayui
eleven,num,yui,singular.dative,yuihi
elf,n,dedenyo,singular.nominative,dedenyo
elf,n,dedenyo,singular.accusative,idedenyo
elf,n,dedenyo,singular.genitive,gadedenyo
elf,n,dedenyo,singular.dative,dedenyohi
elimination,n,judo,singular.nominative,judo
elimination,n,judo,singular.accusative,idajudo
elimination,n,judo,singular.genitive,gajudo
elimination,n,judo,singular.dative,judohi
elite,adj,dercis,positive,dercis
elite,adj,dercis,comparative,zon dercis
elite,adj,dercis,superlative,yafuntt dercis
elk,n,quis,singular.nominative,quis
elk,n,quis,singular.accusative,idaquis
elk,n,quis,singular.genitive,gaquis
elk,n,quis,singular.dative,quisahi
elm,n,litakis,singular.nominative,litakis
elm,n,litakis,singular.accusative,idalitakis
elm,n,litakis,singular.genitive,galitakis
elm,n,litakis,singular.dative,litakisahi
elusive,adj,waru,positive,waru
elusive,adj,waru,comparative,zon waru
elusive,adj,waru,superlative,yafuntt waru
embargo,n,hia,singular.nominative,hia
embargo,n,hia,singular.accusative,idahia
embargo,n,hia,singular.genitive,gahia
embargo,n,hia,singular.dative,hiahi
embark,v,ito,indicative.present.3sg,ito
embark,v,ito,imperative.present.3sg,itoa
embark,v,ito,subjunctive.present.3sg,itopo
embark,v,ito,conditional.present.3sg,itod
embarrass,v,dedefu,indicative.present.3sg,dedefu
embarrass,v,dedefu,imperative.present.3sg,dedefua
embarrass,v,dedefu,subjunctive.present.3sg,dedefupo
embarrass,v,dedefu,conditional.present.3sg,dedefud
embassy,n,kotode,singular.nominative,kotode
embassy,n,kotode,singular.accusative,idakotode
embassy,n,kotode,singular.genitive,gakotode
embassy,n,kotode,singular.dative,kotodehi
embed,v,gugeno,indicative.present.3sg,gugeno
embed,v,gugeno,imperative.present.3sg,gugenoa
embed,v,gugeno,subjunctive.present.3sg,gugenopo
embed,v,gugeno,conditional.present.3sg,gugenod
embody,v,jimu,indicative.present.3sg,jimu
embody,v,jimu,imperative.present.3sg,jimua
embody,v,jimu,subjunctive.present.3sg,jimupo
embody,v,jimu,conditional.present.3sg,jimud
embrace,v,monoa,indicative.present.3sg,monoa
embrace,v,monoa,imperative.present.3sg,monoa
embrace,v,monoa,subjunctive.present.3sg,monoapo
embrace,v,monoa,conditional.present.3sg,monoad
embrasure,n,chumasi,singular.nominative,chumasi
embrasure,n,chumasi,singular.accusative,idachumasi
embrasure,n,chumasi,singular.genitive,gachumasi
embrasure,n,chumasi,singular.dative,chumasihi
embryo,n,nato,singular.nominative,nato
embryo,n,nato,singular.accusative,idanato
embryo,n,nato,singular.genitive,ganato
embryo,n,nato,singular.dative,natohi
emerald,n,advenar,singular.nominative,advenar
emerald,n,advenar,singular.accusative,idadvenar
emerald,n,advenar,singular.genitive,gadvenar
emerald,n,advenar,singular.dative,advenarahi
emit,v,con,indicative.present.3sg,con
emit,v,con,imperative.present.3sg,cona
emit,v,con,subjunctive.present.3sg,conapo
emit,v,con,conditional.present.3sg,conad
emotion,n,nyut,singular.nominative,nyut
emotion,n,nyut,singular.accusative,idanyut
emotion,n,nyut,singular.genitive,ganyut
emotion,n,nyut,singular.dative,nyutahi
empath,n,cono,singular.nominative,cono
empath,n,cono,singular.accusative,idacono
empath,n,cono,singular.genitive,gacono
empath,n,cono,singular.dative,conohi
empathy,n,fuarima,singular.nominative,fuarima
empathy,n,fuarima,singular.accusative,idafuarima
empathy,n,fuarima,singular.genitive,gafuarima
empathy,n,fuarima,singular.dative,fuarimahi
emphasis,n,wonjihe,singular.nominative,wonjihe
emphasis,n,wonjihe,singular.accusative,idawonjihe
emphasis,n,wonjihe,singular.genitive,gawonjihe
emphasis,n,wonjihe,singular.dative,wonjihehi
emphasize,v,ogezom,indicative.present.3sg,ogezom
emphasize,v,ogezom,imperative.present.3sg,ogezoma
emphasize,v,ogezom,subjunctive.present.3sg,ogezomapo
emphasize,v,ogezom,conditional.present.3sg,ogezomad
empire,n,komasi,singular.nominative,komasi
empire,n,komasi,singular.accusative,idakomasi
empire,n,komasi,singular.genitive,gakomasi
empire,n,komasi,singular.dative,komasihi
empirical,adj,gohezu,positive,gohezu
empirical,adj,gohezu,comparative,zon gohezu
empirical,adj,gohezu,superlative,yafuntt gohezu
employ,v,onya,indicative.present.3sg,onya
employ,v,onya,imperative.present.3sg,onya
employ,v,onya,subjunctive.present.3sg,onyapo
employ,v,onya,conditional.present.3sg,onyad
employee,n,wanakis,singular.nominative,wanakis
employee,n,wanakis,singular.accusative,idawanakis
employee,n,wanakis,singular.genitive,gawanakis
employee,n,wanakis,singular.dative,wanakisahi
empty,adj,tono,positive,tono
empty,adj,tono,comparative,zon tono
empty,adj,tono,superlative,yafuntt tono
enable,v,anbyupy,indicative.present.3sg,anbyupy
enable,v,anbyupy,imperative.present.3sg,anbyupya
enable,v,anbyupy,subjunctive.present.3sg,anbyupyapo
enable,v,anbyupy,conditional.present.3sg,anbyupyad
enameled,adj,gyare,positive,gyare
enameled,adj,gyare,comparative,zon gyare
enameled,adj,gyare,superlative,yafuntt gyare
enchant,v,shazuya,indicative.present.3sg,shazuya
enchant,v,shazuya,imperative.present.3sg,shazuya
enchant,v,shazuya,subjunctive.present.3sg,shazuyapo
enchant,v,shazuya,conditional.present.3sg,shazuyad
enchanted,adj,omyoji,positive,omyoji
enchanted,adj,omyoji,comparative,zon omyoji
enchanted,adj,omyoji,superlative,yafuntt omyoji
enchanting,adj,ryopyug,positive,ryopyug
enchanting,adj,ryopyug,comparative,zon ryopyug
enchanting,adj,ryopyug,superlative,yafuntt ryopyug
enchantment,n,oni,singular.nominative,oni
enchantment,n,oni,singular.accusative,idoni
enchantment,n,oni,singular.genitive,goni
enchantment,n,oni,singular.dative,onihi
encompass,v,enro,indicative.present.3sg,enro
encompass,v,enro,imperative.present.3sg,enroa
encompass,v,enro,subjunctive.present.3sg,enropo
encompass,v,enro,conditional.present.3sg,enrod
encounter,n,hipyuzo,singular.nominative,hipyuzo
encounter,n,hipyuzo,singular.accusative,idahipyuzo
encounter,n,hipyuzo,singular.genitive,gahipyuzo
encounter,n,hipyuzo,singular.dative,hipyuzohi
encourage,v,fumasi,indicative.present.3sg,fumasi
encourage,v,fumasi,imperative.present.3sg,fumasia
encourage,v,fumasi,subjunctive.present.3sg,fumasipo
encourage,v,fumasi,conditional.present.3sg,fumasid
end,n,desa,singular.nominative,desa
end,n,desa,singular.accusative,idesa
end,n,desa,singular.genitive,gadesa
end,n,desa,singular.dative,desahi
endangered,adj,attefus,positive,attefus
endangered,adj,attefus,comparative,zon attefus
endangered,adj,attefus,superlative,yafuntt attefus
endive,n,anzuda,singular.nominative,anzuda
endive,n,anzuda,singular.accusative,idanzuda
endive,n,anzuda,singular.genitive,ganzuda
endive,n,anzuda,singular.dative,anzudahi
endorse,v,yonti,indicative.present.3sg,yonti
endorse,v,yonti,imperative.present.3sg,yontia
endorse,v,yonti,subjunctive.present.3sg,yontipo
endorse,v,yonti,conditional.present.3sg,yontid
enemy,n,nyohett,singular.nominative,nyohett
enemy,n,nyohett,singular.accusative,idanyohett
enemy,n,nyohett,singular.genitive,ganyohett
enemy,n,nyohett,singular.dative,nyohettahi
energy,n,gyamasu,singular.nominative,gyamasu
energy,n,gyamasu,singular.accusative,idagyamasu
energy,n,gyamasu,singular.genitive,gayamasu
energy,n,gyamasu,singular.dative,gyamasuhi
enforce,v,hayude,indicative.present.3sg,hayude
enforce,v,hayude,imperative.present.3sg,hayudea
enforce,v,hayude,subjunctive.present.3sg,hayudepo
enforce,v,hayude,conditional.present.3sg,hayuded
engine,n,haheshi,singular.nominative,haheshi
engine,n,haheshi,singular.accusative,idahaheshi
engine,n,haheshi,singular.genitive,gahaheshi
engine,n,haheshi,singular.dative,haheshihi
"engineer, mechanician",n,aumasus,singular.nominative,aumasus
"engineer, mechanician",n,aumasus,singular.accusative,idaumasus
"engineer, mechanician",n,aumasus,singular.genitive,gaumasus
"engineer, mechanician",n,aumasus,singular.dative,aumasusahi
enhance,v,hodono,indicative.present.3sg,hodono
enhance,v,hodono,imperative.present.3sg,hodonoa
enhance,v,hodono,subjunctive.present.3sg,hodonopo
enhance,v,hodono,conditional.present.3sg,hodonod
enhancing,n,her,singular.nominative,her
enhancing,n,her,singular.accusative,idaher
enhancing,n,her,singular.genitive,gaher
enhancing,n,her,singular.dative,herahi
enjoy,v,sooto,indicative.present.3sg,sooto
enjoy,v,sooto,imperative.present.3sg,sootoa
enjoy,v,sooto,subjunctive.present.3sg,sootopo
enjoy,v,sooto,conditional.present.3sg,sootod
enlist,v,byuyu,indicative.present.3sg,byuyu
enlist,v,byuyu,imperative.present.3sg,byuyua
enlist,v,byuyu,subjunctive.present.3sg,byuyupo
enlist,v,byuyu,conditional.present.3sg,byuyud
enrich,v,hotte,indicative.present.3sg,hotte
enrich,v,hotte,imperative.present.3sg,hottea
enrich,v,hotte,subjunctive.present.3sg,hottepo
enrich,v,hotte,conditional.present.3sg,hotted
enrollment,n,deru,singular.nominative,deru
enrollment,n,deru,singular.accusative,ideru
enrollment,n,deru,singular.genitive,gaderu
enrollment,n,deru,singular.dative,deruhi
ensemble,n,karanya,singular.nominative,karanya
ensemble,n,karanya,singular.accusative,idakaranya
ensemble,n,karanya,singular.genitive,gakaranya
ensemble,n,karanya,singular.dative,karanyahi
ensorcelment,n,celiame,singular.nominative,celiame
ensorcelment,n,celiame,singular.accusative,idaceliame
ensorcelment,n,celiame,singular.genitive,gaceliame
ensorcelment,n,celiame,singular.dative,celiamehi
entail,v,desamas,indicative.present.3sg,desamas
entail,v,desamas,imperative.present.3sg,desamasa
entail,v,desamas,subjunctive.present.3sg,desamasapo
entail,v,desamas,conditional.present.3sg,desamasad
entanglement,n,goheha,singular.nominative,goheha
entanglement,n,goheha,singular.accusative,idagoheha
entanglement,n,goheha,singular.genitive,goheha
entanglement,n,goheha,singular.dative,gohehahi
enter,v,bono,indicative.present.3sg,bono
enter,v,bono,imperative.present.3sg,bonoa
enter,v,bono,subjunctive.present.3sg,bonopo
enter,v,bono,conditional.present.3sg,bonod
enterprise,n,pyang,singular.nominative,pyang
enterprise,n,pyang,singular.accusative,idapyang
enterprise,n,pyang,singular.genitive,gapyang
enterprise,n,pyang,singular.dative,pyangahi
enthusiasm,n,xia,singular.nominative,xia
enthusiasm,n,xia,singular.accusative,idaxia
enthusiasm,n,xia,singular.genitive,gaxia
enthusiasm,n,xia,singular.dative,xiahi
entire,adj,datojih,positive,datojih
entire,adj,datojih,comparative,zon datojih
entire,adj,datojih,superlative,yafuntt datojih
entities,n,inakina,singular.nominative,inakina
entities,n,inakina,singular.accusative,idinakina
entities,n,inakina,singular.genitive,ginakina
entities,n,inakina,singular.dative,inakinahi
entity,n,zokuda,singular.nominative,zokuda
entity,n,zokuda,singular.accusative,idazokuda
entity,n,zokuda,singular.genitive,gazokuda
entity,n,zokuda,singular.dative,zokudahi
entry,n,naryoze,singular.nominative,naryoze
entry,n,naryoze,singular.accusative,idanaryoze
entry,n,naryoze,singular.genitive,ganaryoze
entry,n,naryoze,singular.dative,naryozehi
environment,n,gyade,singular.nominative,gyade
environment,n,gyade,singular.accusative,idagyade
environment,n,gyade,singular.genitive,gayade
environment,n,gyade,singular.dative,gyadehi
envision,v,hyus,indicative.present.3sg,hyus
envision,v,hyus,imperative.present.3sg,hyusa
envision,v,hyus,subjunctive.present.3sg,hyusapo
envision,v,hyus,conditional.present.3sg,hyusad
equal,adj,ishiyot,positive,ishiyot
equal,adj,ishiyot,comparative,zon ishiyot
equal,adj,ishiyot,superlative,yafuntt ishiyot
equipment,n,shitasa,singular.nominative,shitasa
equipment,n,shitasa,singular.accusative,idashitasa
equipment,n,shitasa,singular.genitive,gashitasa
equipment,n,shitasa,singular.dative,shitasahi
equivalent,adj,uodera,positive,uodera
equivalent,adj,uodera,comparative,zon uodera
equivalent,adj,uodera,superlative,yafuntt uodera
erase,v,celloqu,indicative.present.3sg,celloqu
erase,v,celloqu,imperative.present.3sg,celloqua
erase,v,celloqu,subjunctive.present.3sg,celloqupo
erase,v,celloqu,conditional.present.3sg,celloqud
erect,v,pyuyade,indicative.present.3sg,pyuyade
erect,v,pyuyade,imperative.present.3sg,pyuyadea
erect,v,pyuyade,subjunctive.present.3sg,pyuyadepo
erect,v,pyuyade,conditional.present.3sg,pyuyaded
erection,n,jinaras,singular.nominative,jinaras
erection,n,jinaras,singular.accusative,idajinaras
erection,n,jinaras,singular.genitive,gajinaras
erection,n,jinaras,singular.dative,jinarasahi
ermine,n,hazecho,singular.nominative,hazecho
ermine,n,hazecho,singular.accusative,idahazecho
ermine,n,hazecho,singular.genitive,gahazecho
ermine,n,hazecho,singular.dative,hazechohi
erode,v,komashi,indicative.present.3sg,komashi
erode,v,komashi,imperative.present.3sg,komashia
erode,v,komashi,subjunctive.present.3sg,komashipo
erode,v,komashi,conditional.present.3sg,komashid
error,n,kotia,singular.nominative,kotia
error,n,kotia,singular.accusative,idakotia
error,n,kotia,singular.genitive,gakotia
error,n,kotia,singular.dative,kotiahi
erupt,v,zuit,indicative.present.3sg,zuit
erupt,v,zuit,imperative.present.3sg,zuita
erupt,v,zuit,subjunctive.present.3sg,zuitapo
erupt,v,zuit,conditional.present.3sg,zuitad
escalate,v,byomyum,indicative.present.3sg,byomyum
escalate,v,byomyum,imperative.present.3sg,byomyuma
escalate,v,byomyum,subjunctive.present.3sg,byomyumapo
escalate,v,byomyum,conditional.present.3sg,byomyumad
escape,v,shitsu,indicative.present.3sg,shitsu
escape,v,shitsu,imperative.present.3sg,shitsua
escape,v,shitsu,subjunctive.present.3sg,shitsupo
escape,v,shitsu,conditional.present.3sg,shitsud
escort,v,anarimu,indicative.present.3sg,anarimu
escort,v,anarimu,imperative.present.3sg,anarimua
escort,v,anarimu,subjunctive.present.3sg,anarimupo
escort,v,anarimu,conditional.present.3sg,anarimud
essence,n,anakinc,singular.nominative,anakinc
essence,n,anakinc,singular.accusative,idanakinc
essence,n,anakinc,singular.genitive,ganakinc
essence,n,anakinc,singular.dative,anakincahi
establish,v,vide,indicative.present.3sg,vide
establish,v,vide,imperative.present.3sg,videa
establish,v,vide,subjunctive.present.3sg,videpo
establish,v,vide,conditional.present.3sg,vided
estimate,v,kyaku,indicative.present.3sg,kyaku
estimate,v,kyaku,imperative.present.3sg,kyakua
estimate,v,kyaku,subjunctive.present.3sg,kyakupo
estimate,v,kyaku,conditional.present.3sg,kyakud
estoc,n,monnaru,singular.nominative,monnaru
estoc,n,monnaru,singular.accusative,idamonnaru
estoc,n,monnaru,singular.genitive,gamonnaru
estoc,n,monnaru,singular.dative,monnaruhi
ether,n,myode,singular.nominative,myode
ether,n,myode,singular.accusative,idamyode
ether,n,myode,singular.genitive,gamyode
ether,n,myode,singular.dative,myodehi
ethic,n,jinara,singular.nominative,jinara
ethic,n,jinara,singular.accusative,idajinara
ethic,n,jinara,singular.genitive,gajinara
ethic,n,jinara,singular.dative,jinarahi
ethnicity,n,pyuhodo,singular.nominative,pyuhodo
ethnicity,n,pyuhodo,singular.accusative,idapyuhodo
ethnicity,n,pyuhodo,singular.genitive,gapyuhodo
ethnicity,n,pyuhodo,singular.dative,pyuhodohi
evacuate,v,funmasu,indicative.present.3sg,funmasu
evacuate,v,funmasu,imperative.present.3sg,funmasua
evacuate,v,funmasu,subjunctive.present.3sg,funmasupo
evacuate,v,funmasu,conditional.present.3sg,funmasud
evaporate,v,kantasu,indicative.present.3sg,kantasu
evaporate,v,kantasu,imperative.present.3sg,kantasua
evaporate,v,kantasu,subjunctive.present.3sg,kantasupo
evaporate,v,kantasu,conditional.present.3sg,kantasud
evening,n,koshitt,singular.nominative,koshitt
evening,n,koshitt,singular.accusative,idakoshitt
evening,n,koshitt,singular.genitive,gakoshitt
evening,n,koshitt,singular.dative,koshittahi
event,n,yojimit,singular.nominative,yojimit
event,n,yojimit,singular.accusative,idayojimit
event,n,yojimit,singular.genitive,gayojimit
event,n,yojimit,singular.dative,yojimitahi
evidence,n,jaomasu,singular.nominative,jaomasu
evidence,n,jaomasu,singular.accusative,idajaomasu
evidence,n,jaomasu,singular.genitive,gajaomasu
evidence,n,jaomasu,singular.dative,jaomasuhi
evil,adj,anata,positive,anata
evil,adj,anata,comparative,zon anata
evil,adj,anata,superlative,yafuntt anata
evil,n,gyarima,singular.nominative,gyarima
evil,n,gyarima,singular.accusative,idagyarima
evil,n,gyarima,singular.genitive,gayarima
evil,n,gyarima,singular.dative,gyarimahi
evoke,v,karitsu,indicative.present.3sg,karitsu
evoke,v,karitsu,imperative.present.3sg,karitsua
evoke,v,karitsu,subjunctive.present.3sg,karitsupo
evoke,v,karitsu,conditional.present.3sg,karitsud
evolve,v,zuyoze,indicative.present.3sg,zuyoze
evolve,v,zuyoze,imperative.present.3sg,zuyozea
evolve,v,zuyoze,subjunctive.present.3sg,zuyozepo
evolve,v,zuyoze,conditional.present.3sg,zuyozed
exacerbate,v,won,indicative.present.3sg,won
exacerbate,v,won,imperative.present.3sg,wona
exacerbate,v,won,subjunctive.present.3sg,wonapo
exacerbate,v,won,conditional.present.3sg,wonad
exact,adj,dad,positive,dad
exact,adj,dad,comparative,zon dad
exact,adj,dad,superlative,yafuntt dad
exaggerate,v,seryaji,indicative.present.3sg,seryaji
exaggerate,v,seryaji,imperative.present.3sg,seryajia
exaggerate,v,seryaji,subjunctive.present.3sg,seryajipo
exaggerate,v,seryaji,conditional.present.3sg,seryajid
examination,n,dettema,singular.nominative,dettema
examination,n,dettema,singular.accusative,idettema
examination,n,dettema,singular.genitive,gadettema
examination,n,dettema,singular.dative,dettemahi
examine,n,fuchu,singular.nominative,fuchu
examine,n,fuchu,singular.accusative,idafuchu
examine,n,fuchu,singular.genitive,gafuchu
examine,n,fuchu,singular.dative,fuchuhi
example,n,jojimas,singular.nominative,jojimas
example,n,jojimas,singular.accusative,idajojimas
example,n,jojimas,singular.genitive,gajojimas
example,n,jojimas,singular.dative,jojimasahi
excel,v,hahyoho,indicative.present.3sg,hahyoho
excel,v,hahyoho,imperative.present.3sg,hahyohoa
excel,v,hahyoho,subjunctive.present.3sg,hahyohopo
excel,v,hahyoho,conditional.present.3sg,hahyohod
excellent,adj,sejinat,positive,sejinat
excellent,adj,sejinat,comparative,zon sejinat
excellent,adj,sejinat,superlative,yafuntt sejinat
excerpt,n,wotomas,singular.nominative,wotomas
excerpt,n,wotomas,singular.accusative,idawotomas
excerpt,n,wotomas,singular.genitive,gawotomas
excerpt,n,wotomas,singular.dative,wotomasahi
excess,adj,sajupyo,positive,sajupyo
excess,adj,sajupyo,comparative,zon sajupyo
excess,adj,sajupyo,superlative,yafuntt sajupyo
excite,v,redazuw,indicative.present.3sg,redazuw
excite,v,redazuw,imperative.present.3sg,redazuwa
excite,v,redazuw,subjunctive.present.3sg,redazuwapo
excite,v,redazuw,conditional.present.3sg,redazuwad
exclaim,v,ezumasu,indicative.present.3sg,ezumasu
exclaim,v,ezumasu,imperative.present.3sg,ezumasua
exclaim,v,ezumasu,subjunctive.present.3sg,ezumasupo
exclaim,v,ezumasu,conditional.present.3sg,ezumasud
exclude,v,ita,indicative.present.3sg,ita
exclude,v,ita,imperative.present.3sg,ita
exclude,v,ita,subjunctive.present.3sg,itapo
exclude,v,ita,conditional.present.3sg,itad
exclusive,adj,kyozuma,positive,kyozuma
exclusive,adj,kyozuma,comparative,zon kyozuma
exclusive,adj,kyozuma,superlative,yafuntt kyozuma
excrement,n,migyo,singular.nominative,migyo
excrement,n,migyo,singular.accusative,idamigyo
excrement,n,migyo,singular.genitive,gamigyo
excrement,n,migyo,singular.dative,migyohi
excruciating,adj,yohyano,positive,yohyano
excruciating,adj,yohyano,comparative,zon yohyano
excruciating,adj,yohyano,superlative,yafuntt yohyano
excuse,n,shigyuj,singular.nominative,shigyuj
excuse,n,shigyuj,singular.accusative,idashigyuj
excuse,n,shigyuj,singular.genitive,gashigyuj
excuse,n,shigyuj,singular.dative,shigyujahi
execute,v,okyaru,indicative.present.3sg,okyaru
execute,v,okyaru,imperative.present.3sg,okyarua
execute,v,okyaru,subjunctive.present.3sg,okyarupo
execute,v,okyaru,conditional.present.3sg,okyarud
exempt,adj,chohoda,positive,chohoda
exempt,adj,chohoda,comparative,zon chohoda
exempt,adj,chohoda,superlative,yafuntt chohoda
exercise,v,chorima,indicative.present.3sg,chorima
exercise,v,chorima,imperative.present.3sg,chorima
exercise,v,chorima,subjunctive.present.3sg,chorimapo
exercise,v,chorima,conditional.present.3sg,chorimad
exert,v,metumas,indicative.present.3sg,metumas
exert,v,metumas,imperative.present.3sg,metumasa
exert,v,metumas,subjunctive.present.3sg,metumasapo
exert,v,metumas,conditional.present.3sg,metumasad
exhibit,n,ore,singular.nominative,ore
exhibit,n,ore,singular.accusative,idore
exhibit,n,ore,singular.genitive,gore
exhibit,n,ore,singular.dative,orehi
exile,n,monya,singular.nominative,monya
exile,n,monya,singular.accusative,idamonya
exile,n,monya,singular.genitive,gamonya
exile,n,monya,singular.dative,monyahi
exist,v,nakinah,indicative.present.3sg,nakinah
exist,v,nakinah,imperative.present.3sg,nakinaha
exist,v,nakinah,subjunctive.present.3sg,nakinahapo
exist,v,nakinah,conditional.present.3sg,nakinahad
existence,n,aderu,singular.nominative,aderu
existence,n,aderu,singular.accusative,idaderu
existence,n,aderu,singular.genitive,gaderu
existence,n,aderu,singular.dative,aderuhi
exit,n,hazemyu,singular.nominative,hazemyu
exit,n,hazemyu,singular.accusative,idahazemyu
exit,n,hazemyu,singular.genitive,gahazemyu
exit,n,hazemyu,singular.dative,hazemyuhi
exorcist,n,myunmas,singular.nominative,myunmas
exorcist,n,myunmas,singular.accusative,idamyunmas
exorcist,n,myunmas,singular.genitive,gamyunmas
exorcist,n,myunmas,singular.dative,myunmasahi
expect,v,anoto,indicative.present.3sg,anoto
expect,v,anoto,imperative.present.3sg,anotoa
expect,v,anoto,subjunctive.present.3sg,anotopo
expect,v,anoto,conditional.present.3sg,anotod
expel,v,gowo,indicative.present.3sg,gowo
expel,v,gowo,imperative.present.3sg,gowoa
expel,v,gowo,subjunctive.present.3sg,gowopo
expel,v,gowo,conditional.present.3sg,gowod
experience,n,reaazap,singular.nominative,reaazap
experience,n,reaazap,singular.accusative,idareaazap
experience,n,reaazap,singular.genitive,gareaazap
experience,n,reaazap,singular.dative,reaazapahi
experiment,n,momaruh,singular.nominative,momaruh
experiment,n,momaruh,singular.accusative,idamomaruh
experiment,n,momaruh,singular.genitive,gamomaruh
experiment,n,momaruh,singular.dative,momaruhi
expert,n,jodoreq,singular.nominative,jodoreq
expert,n,jodoreq,singular.accusative,idajodoreq
expert,n,jodoreq,singular.genitive,gajodoreq
expert,n,jodoreq,singular.dative,jodoreqahi
expire,v,darimo,indicative.present.3sg,darimo
expire,v,darimo,imperative.present.3sg,darimoa
expire,v,darimo,subjunctive.present.3sg,darimopo
expire,v,darimo,conditional.present.3sg,darimod
explain,v,soadata,indicative.present.3sg,soadata
explain,v,soadata,imperative.present.3sg,soadata
explain,v,soadata,subjunctive.present.3sg,soadatapo
explain,v,soadata,conditional.present.3sg,soadatad
explicit,adj,kohei,positive,kohei
explicit,adj,kohei,comparative,zon kohei
explicit,adj,kohei,superlative,yafuntt kohei
explode,v,zuzoto,indicative.present.3sg,zuzoto
explode,v,zuzoto,imperative.present.3sg,zuzotoa
explode,v,zuzoto,subjunctive.present.3sg,zuzotopo
explode,v,zuzoto,conditional.present.3sg,zuzotod
exploit,v,otamasu,indicative.present.3sg,otamasu
exploit,v,otamasu,imperative.present.3sg,otamasua
exploit,v,otamasu,subjunctive.present.3sg,otamasupo
exploit,v,otamasu,conditional.present.3sg,otamasud
explore,v,hitohea,indicative.present.3sg,hitohea
explore,v,hitohea,imperative.present.3sg,hitohea
explore,v,hitohea,subjunctive.present.3sg,hitoheapo
explore,v,hitohea,conditional.present.3sg,hitohead
export,v,nose,indicative.present.3sg,nose
export,v,nose,imperative.present.3sg,nosea
export,v,nose,subjunctive.present.3sg,nosepo
export,v,nose,conditional.present.3sg,nosed
expose,v,nokyoya,indicative.present.3sg,nokyoya
expose,v,nokyoya,imperative.present.3sg,nokyoya
expose,v,nokyoya,subjunctive.present.3sg,nokyoyapo
expose,v,nokyoya,conditional.present.3sg,nokyoyad
expression,n,peru,singular.nominative,peru
expression,n,peru,singular.accusative,idaperu
expression,n,peru,singular.genitive,gaperu
expression,n,peru,singular.dative,peruhi
extend,v,akiguma,indicative.present.3sg,akiguma
extend,v,akiguma,imperative.present.3sg,akiguma
extend,v,akiguma,subjunctive.present.3sg,akigumapo
extend,v,akiguma,conditional.present.3sg,akigumad
extent,n,ryoge,singular.nominative,ryoge
extent,n,ryoge,singular.accusative,idaryoge
extent,n,ryoge,singular.genitive,garyoge
extent,n,ryoge,singular.dative,ryogehi
exterminate,v,uchito,indicative.present.3sg,uchito
exterminate,v,uchito,imperative.present.3sg,uchitoa
exterminate,v,uchito,subjunctive.present.3sg,uchitopo
exterminate,v,uchito,conditional.present.3sg,uchitod
external,adj,bamasu,positive,bamasu
external,adj,bamasu,comparative,zon bamasu
external,adj,bamasu,superlative,yafuntt bamasu
extinct,adj,charu,positive,charu
extinct,adj,charu,comparative,zon charu
extinct,adj,charu,superlative,yafuntt charu
extract,v,konaru,indicative.present.3sg,konaru
extract,v,konaru,imperative.present.3sg,konarua
extract,v,konaru,subjunctive.present.3sg,konarupo
extract,v,konaru,conditional.present.3sg,konarud
extrasensory,adj,kiyu,positive,kiyu
extrasensory,adj,kiyu,comparative,zon kiyu
extrasensory,adj,kiyu,superlative,yafuntt kiyu
extreme,n,kotuluc,singular.nominative,kotuluc
extreme,n,kotuluc,singular.accusative,idakotuluc
extreme,n,kotuluc,singular.genitive,gakotuluc
extreme,n,kotuluc,singular.dative,kotulucahi
eye,n,womasus,singular.nominative,womasus
eye,n,womasus,singular.accusative,idawomasus
eye,n,womasus,singular.genitive,gawomasus
eye,n,womasus,singular.dative,womasusahi
eyeball,n,sadezen,singular.nominative,sadezen
eyeball,n,sadezen,singular.accusative,idasadezen
eyeball,n,sadezen,singular.genitive,gasadezen
eyeball,n,sadezen,singular.dative,sadezenahi
eyelash,n,godopi,singular.nominative,godopi
eyelash,n,godopi,singular.accusative,idagodopi
eyelash,n,godopi,singular.genitive,godopi
eyelash,n,godopi,singular.dative,godopihi
eyelid,n,bokyome,singular.nominative,bokyome
eyelid,n,bokyome,singular.accusative,idabokyome
eyelid,n,bokyome,singular.genitive,gabokyome
eyelid,n,bokyome,singular.dative,bokyomehi
fabulous,adj,oida,positive,oida
fabulous,adj,oida,comparative,zon oida
fabulous,adj,oida,superlative,yafuntt oida
facade,n,myuto,singular.nominative,myuto
facade,n,myuto,singular.accusative,idamyuto
facade,n,myuto,singular.genitive,gamyuto
facade,n,myuto,singular.dative,myutohi
face,n,hobuser,singular.nominative,hobuser
face,n,hobuser,singular.accusative,idahobuser
face,n,hobuser,singular.genitive,gahobuser
face,n,hobuser,singular.dative,hobuserahi
face,v,ozozum,indicative.present.3sg,ozozum
face,v,ozozum,imperative.present.3sg,ozozuma
face,v,ozozum,subjunctive.present.3sg,ozozumapo
face,v,ozozum,conditional.present.3sg,ozozumad
fact,n,chasu,singular.nominative,chasu
fact,n,chasu,singular.accusative,idachasu
fact,n,chasu,singular.genitive,gachasu
fact,n,chasu,singular.dative,chasuhi
factor,n,wanara,singular.nominative,wanara
factor,n,wanara,singular.accusative,idawanara
factor,n,wanara,singular.genitive,gawanara
factor,n,wanara,singular.dative,wanarahi
faculty,n,adomasu,singular.nominative,adomasu
faculty,n,adomasu,singular.accusative,idadomasu
faculty,n,adomasu,singular.genitive,gadomasu
faculty,n,adomasu,singular.dative,adomasuhi
fail,v,garyoso,indicative.present.3sg,garyoso
fail,v,garyoso,imperative.present.3sg,garyosoa
fail,v,garyoso,subjunctive.present.3sg,garyosopo
fail,v,garyoso,conditional.present.3sg,garyosod
fair,adj,hyumase,positive,hyumase
fair,adj,hyumase,comparative,zon hyumase
fair,adj,hyumase,superlative,yafuntt hyumase
fairy,n,sote,singular.nominative,sote
fairy,n,sote,singular.accusative,idasote
fairy,n,sote,singular.genitive,gasote
fairy,n,sote,singular.dative,sotehi
faith,n,levicha,singular.nominative,levicha
faith,n,levicha,singular.accusative,idalevicha
faith,n,levicha,singular.genitive,galevicha
faith,n,levicha,singular.dative,levichahi
fake,adj,uobyono,positive,uobyono
fake,adj,uobyono,comparative,zon uobyono
fake,adj,uobyono,superlative,yafuntt uobyono
falchion,n,dodamas,singular.nominative,dodamas
falchion,n,dodamas,singular.accusative,idodamas
falchion,n,dodamas,singular.genitive,gadodamas
falchion,n,dodamas,singular.dative,dodamasahi
falcon,n,pota,singular.nominative,pota
falcon,n,pota,singular.accusative,idapota
falcon,n,pota,singular.genitive,gapota
falcon,n,pota,singular.dative,potahi
fall,v,gamasu,indicative.present.3sg,gamasu
fall,v,gamasu,imperative.present.3sg,gamasua
fall,v,gamasu,subjunctive.present.3sg,gamasupo
fall,v,gamasu,conditional.present.3sg,gamasud
familiar,adj,haji,positive,haji
familiar,adj,haji,comparative,zon haji
familiar,adj,haji,superlative,yafuntt haji
familiar,n,nedomas,singular.nominative,nedomas
familiar,n,nedomas,singular.accusative,idanedomas
familiar,n,nedomas,singular.genitive,ganedomas
familiar,n,nedomas,singular.dative,nedomasahi
family,n,reni,singular.nominative,reni
family,n,reni,singular.accusative,idareni
family,n,reni,singular.genitive,gareni
family,n,reni,singular.dative,renihi
fan (enthusiast),n,jizugyo,singular.nominative,jizugyo
fan (enthusiast),n,jizugyo,singular.accusative,idajizugyo
fan (enthusiast),n,jizugyo,singular.genitive,gajizugyo
fan (enthusiast),n,jizugyo,singular.dative,jizugyohi
fan,n,guhepyu,singular.nominative,guhepyu
fan,n,guhepyu,singular.accusative,idaguhepyu
fan,n,guhepyu,singular.genitive,guhepyu
fan,n,guhepyu,singular.dative,guhepyuhi
fancy,adj,binseki,positive,binseki
fancy,adj,binseki,comparative,zon binseki
fancy,adj,binseki,superlative,yafuntt binseki
fantastic,adj,goyuts,positive,goyuts
fantastic,adj,goyuts,comparative,zon goyuts
fantastic,adj,goyuts,superlative,yafuntt goyuts
fantastical,adj,gyada,positive,gyada
fantastical,adj,gyada,comparative,zon gyada
fantastical,adj,gyada,superlative,yafuntt gyada
fantasy,n,chufuma,singular.nominative,chufuma
fantasy,n,chufuma,singular.accusative,idachufuma
fantasy,n,chufuma,singular.genitive,gachufuma
fantasy,n,chufuma,singular.dative,chufumahi
farm,n,poru,singular.nominative,poru
farm,n,poru,singular.accusative,idaporu
farm,n,poru,singular.genitive,gaporu
farm,n,poru,singular.dative,poruhi
fascinate,v,essamas,indicative.present.3sg,essamas
fascinate,v,essamas,imperative.present.3sg,essamasa
fascinate,v,essamas,subjunctive.present.3sg,essamasapo
fascinate,v,essamas,conditional.present.3sg,essamasad
fascist,adj,myazuny,positive,myazuny
fascist,adj,myazuny,comparative,zon myazuny
fascist,adj,myazuny,superlative,yafuntt myazuny
fashion,n,itahi,singular.nominative,itahi
fashion,n,itahi,singular.accusative,iditahi
fashion,n,itahi,singular.genitive,gitahi
fashion,n,itahi,singular.dative,itahihi
fashioning,n,ryuda,singular.nominative,ryuda
fashioning,n,ryuda,singular.accusative,idaryuda
fashioning,n,ryuda,singular.genitive,garyuda
fashioning,n,ryuda,singular.dative,ryudahi
fast,adj,soji,positive,soji
fast,adj,soji,comparative,zon soji
fast,adj,soji,superlative,yafuntt soji
fat,n,taranyu,singular.nominative,taranyu
fat,n,taranyu,singular.accusative,idataranyu
fat,n,taranyu,singular.genitive,gataranyu
fat,n,taranyu,singular.dative,taranyuhi
fate,n,wazesui,singular.nominative,wazesui
fate,n,wazesui,singular.accusative,idawazesui
fate,n,wazesui,singular.genitive,gawazesui
fate,n,wazesui,singular.dative,wazesuihi
father,n,denyaza,singular.nominative,denyaza
father,n,denyaza,singular.accusative,idenyaza
father,n,denyaza,singular.genitive,gadenyaza
father,n,denyaza,singular.dative,denyazahi
fathom,v,culo,indicative.present.3sg,culo
fathom,v,culo,imperative.present.3sg,culoa
fathom,v,culo,subjunctive.present.3sg,culopo
fathom,v,culo,conditional.present.3sg,culod
fatigue,n,puto,singular.nominative,puto
fatigue,n,puto,singular.accusative,idaputo
fatigue,n,puto,singular.genitive,gaputo
fatigue,n,puto,singular.dative,putohi
fatted,adj,wagyu,positive,wagyu
fatted,adj,wagyu,comparative,zon wagyu
fatted,adj,wagyu,superlative,yafuntt wagyu
favor,v,doajimu,indicative.present.3sg,doajimu
favor,v,doajimu,imperative.present.3sg,doajimua
favor,v,doajimu,subjunctive.present.3sg,doajimupo
favor,v,doajimu,conditional.present.3sg,doajimud
favorite,adj,nari,positive,nari
favorite,adj,nari,comparative,zon nari
favorite,adj,nari,superlative,yafuntt nari
fear,n,petteru,singular.nominative,petteru
fear,n,petteru,singular.accusative,idapetteru
fear,n,petteru,singular.genitive,gapetteru
fear,n,petteru,singular.dative,petteruhi
feast,n,kanaran,singular.nominative,kanaran
feast,n,kanaran,singular.accusative,idakanaran
feast,n,kanaran,singular.genitive,gakanaran
feast,n,kanaran,singular.dative,kanaranahi
feat,n,quate,singular.nominative,quate
feat,n,quate,singular.accusative,idaquate
feat,n,quate,singular.genitive,gaquate
feat,n,quate,singular.dative,quatehi
feather,n,nakaryu,singular.nominative,nakaryu
feather,n,nakaryu,singular.accusative,idanakaryu
feather,n,nakaryu,singular.genitive,ganakaryu
feather,n,nakaryu,singular.dative,nakaryuhi
federal,adj,goga,positive,goga
federal,adj,goga,comparative,zon goga
federal,adj,goga,superlative,yafuntt goga
feed,v,gosema,indicative.present.3sg,gosema
feed,v,gosema,imperative.present.3sg,gosema
feed,v,gosema,subjunctive.present.3sg,gosemapo
feed,v,gosema,conditional.present.3sg,gosemad
feel,v,shad,indicative.present.3sg,shad
feel,v,shad,imperative.present.3sg,shada
feel,v,shad,subjunctive.present.3sg,shadapo
feel,v,shad,conditional.present.3sg,shad
feign,v,sasu,indicative.present.3sg,sasu
feign,v,sasu,imperative.present.3sg,sasua
feign,v,sasu,subjunctive.present.3sg,sasupo
feign,v,sasu,conditional.present.3sg,sasud
fellow,adj,uhodo,positive,uhodo
fellow,adj,uhodo,comparative,zon uhodo
fellow,adj,uhodo,superlative,yafuntt uhodo
felony,n,rosotte,singular.nominative,rosotte
felony,n,rosotte,singular.accusative,idarosotte
felony,n,rosotte,singular.genitive,garosotte
felony,n,rosotte,singular.dative,rosottehi
female,n,gyupyam,singular.nominative,gyupyam
female,n,gyupyam,singular.accusative,idagyupyam
female,n,gyupyam,singular.genitive,gayupyam
female,n,gyupyam,singular.dative,gyupyamahi
fence,n,chazoma,singular.nominative,chazoma
fence,n,chazoma,singular.accusative,idachazoma
fence,n,chazoma,singular.genitive,gachazoma
fence,n,chazoma,singular.dative,chazomahi
fence,v,toae,indicative.present.3sg,toae
fence,v,toae,imperative.present.3sg,toaea
fence,v,toae,subjunctive.present.3sg,toaepo
fence,v,toae,conditional.present.3sg,toaed
fennel,n,yagukyu,singular.nominative,yagukyu
fennel,n,yagukyu,singular.accusative,idayagukyu
fennel,n,yagukyu,singular.genitive,gayagukyu
fennel,n,yagukyu,singular.dative,yagukyuhi
fermented,adj,heyu,positive,heyu
fermented,adj,heyu,comparative,zon heyu
fermented,adj,heyu,superlative,yafuntt heyu
ferry,n,chifuna,singular.nominative,chifuna
ferry,n,chifuna,singular.accusative,idachifuna
ferry,n,chifuna,singular.genitive,gachifuna
ferry,n,chifuna,singular.dative,chifunahi
fertile,adj,yoa,positive,yoa
fertile,adj,yoa,comparative,zon yoa
fertile,adj,yoa,superlative,yafuntt yoa
fertilize,v,pemasuh,indicative.present.3sg,pemasuh
fertilize,v,pemasuh,imperative.present.3sg,pemasuha
fertilize,v,pemasuh,subjunctive.present.3sg,pemasuhapo
fertilize,v,pemasuh,conditional.present.3sg,pemasuhad
festival,n,yahochi,singular.nominative,yahochi
festival,n,yahochi,singular.accusative,idayahochi
festival,n,yahochi,singular.genitive,gayahochi
festival,n,yahochi,singular.dative,yahochihi
fetch,v,neto,indicative.present.3sg,neto
fetch,v,neto,imperative.present.3sg,netoa
fetch,v,neto,subjunctive.present.3sg,netopo
fetch,v,neto,conditional.present.3sg,netod
fetus,n,shuhopi,singular.nominative,shuhopi
fetus,n,shuhopi,singular.accusative,idashuhopi
fetus,n,shuhopi,singular.genitive,gashuhopi
fetus,n,shuhopi,singular.dative,shuhopihi
fiber,n,auzasu,singular.nominative,auzasu
fiber,n,auzasu,singular.accusative,idauzasu
fiber,n,auzasu,singular.genitive,gauzasu
fiber,n,auzasu,singular.dative,auzasuhi
fiction,n,kinaru,singular.nominative,kinaru
fiction,n,kinaru,singular.accusative,idakinaru
fiction,n,kinaru,singular.genitive,gakinaru
fiction,n,kinaru,singular.dative,kinaruhi
fief,n,bane,singular.nominative,bane
fief,n,bane,singular.accusative,idabane
fief,n,bane,singular.genitive,gabane
fief,n,bane,singular.dative,banehi
field,n,dane,singular.nominative,dane
field,n,dane,singular.accusative,idane
field,n,dane,singular.genitive,gadane
field,n,dane,singular.dative,danehi
fierce,adj,hakin,positive,hakin
fierce,adj,hakin,comparative,zon hakin
fierce,adj,hakin,superlative,yafuntt hakin
fifteen,num,tochoyo,singular.nominative,tochoyo
fifteen,num,tochoyo,singular.accusative,idatochoyo
fifteen,num,tochoyo,singular.genitive,gatochoyo
fifteen,num,tochoyo,singular.dative,tochoyohi
fig,n,goebus,singular.nominative,goebus
fig,n,goebus,singular.accusative,idagoebus
fig,n,goebus,singular.genitive,goebus
fig,n,goebus,singular.dative,goebusahi
fight,n,inaku,singular.nominative,inaku
fight,n,inaku,singular.accusative,idinaku
fight,n,inaku,singular.genitive,ginaku
fight,n,inaku,singular.dative,inakuhi
figure,n,jinai,singular.nominative,jinai
figure,n,jinai,singular.accusative,idajinai
figure,n,jinai,singular.genitive,gajinai
figure,n,jinai,singular.dative,jinaihi
fill,v,odobya,indicative.present.3sg,odobya
fill,v,odobya,imperative.present.3sg,odobya
fill,v,odobya,subjunctive.present.3sg,odobyapo
fill,v,odobya,conditional.present.3sg,odobyad
film,n,jikeyu,singular.nominative,jikeyu
film,n,jikeyu,singular.accusative,idajikeyu
film,n,jikeyu,singular.genitive,gajikeyu
film,n,jikeyu,singular.dative,jikeyuhi
filter,n,obusa,singular.nominative,obusa
filter,n,obusa,singular.accusative,idobusa
filter,n,obusa,singular.genitive,gobusa
filter,n,obusa,singular.dative,obusahi
fin (of fish),n,hera,singular.nominative,hera
fin (of fish),n,hera,singular.accusative,idahera
fin (of fish),n,hera,singular.genitive,gahera
fin (of fish),n,hera,singular.dative,herahi
find,v,ginatod,indicative.present.3sg,ginatod
find,v,ginatod,imperative.present.3sg,ginatoda
find,v,ginatod,subjunctive.present.3sg,ginatodapo
find,v,ginatod,conditional.present.3sg,ginatod
fine,adj,okyuch,positive,okyuch
fine,adj,okyuch,comparative,zon okyuch
fine,adj,okyuch,superlative,yafuntt okyuch
finger,n,satan,singular.nominative,satan
finger,n,satan,singular.accusative,idasatan
finger,n,satan,singular.genitive,gasatan
finger,n,satan,singular.dative,satanahi
fingerprint,n,kazunma,singular.nominative,kazunma
fingerprint,n,kazunma,singular.accusative,idakazunma
fingerprint,n,kazunma,singular.genitive,gakazunma
fingerprint,n,kazunma,singular.dative,kazunmahi
finish,v,ozupie,indicative.present.3sg,ozupie
finish,v,ozupie,imperative.present.3sg,ozupiea
finish,v,ozupie,subjunctive.present.3sg,ozupiepo
finish,v,ozupie,conditional.present.3sg,ozupied
fir,n,zonzahy,singular.nominative,zonzahy
fir,n,zonzahy,singular.accusative,idazonzahy
fir,n,zonzahy,singular.genitive,gazonzahy
fir,n,zonzahy,singular.dative,zonzahyahi
fire,n,cipimas,singular.nominative,cipimas
fire,n,cipimas,singular.accusative,idacipimas
fire,n,cipimas,singular.genitive,gacipimas
fire,n,cipimas,singular.dative,cipimasahi
fireball,n,karuhyo,singular.nominative,karuhyo
fireball,n,karuhyo,singular.accusative,idakaruhyo
fireball,n,karuhyo,singular.genitive,gakaruhyo
fireball,n,karuhyo,singular.dative,karuhyohi
firebolt,n,naroo,singular.nominative,naroo
firebolt,n,naroo,singular.accusative,idanaroo
firebolt,n,naroo,singular.genitive,ganaroo
firebolt,n,naroo,singular.dative,naroohi
fireproofing,n,chupawa,singular.nominative,chupawa
fireproofing,n,chupawa,singular.accusative,idachupawa
fireproofing,n,chupawa,singular.genitive,gachupawa
fireproofing,n,chupawa,singular.dative,chupawahi
firewood,n,wora,singular.nominative,wora
firewood,n,wora,singular.accusative,idawora
firewood,n,wora,singular.genitive,gawora
firewood,n,wora,singular.dative,worahi
firm,adj,aranwa,positive,aranwa
firm,adj,aranwa,comparative,zon aranwa
firm,adj,aranwa,superlative,yafuntt aranwa
first,num,kawa,singular.nominative,kawa
first,num,kawa,singular.accusative,idakawa
first,num,kawa,singular.genitive,gakawa
first,num,kawa,singular.dative,kawahi
fish net,n,domasu,singular.nominative,domasu
fish net,n,domasu,singular.accusative,idomasu
fish net,n,domasu,singular.genitive,gadomasu
fish net,n,domasu,singular.dative,domasuhi
fish,n,pyahyat,singular.nominative,pyahyat
fish,n,pyahyat,singular.accusative,idapyahyat
fish,n,pyahyat,singular.genitive,gapyahyat
fish,n,pyahyat,singular.dative,pyahyatahi
fishhook,n,zutte,singular.nominative,zutte
fishhook,n,zutte,singular.accusative,idazutte
fishhook,n,zutte,singular.genitive,gazutte
fishhook,n,zutte,singular.dative,zuttehi
fist,n,uzu,singular.nominative,uzu
fist,n,uzu,singular.accusative,iduzu
fist,n,uzu,singular.genitive,guzu
fist,n,uzu,singular.dative,uzuhi
fit,n,karae,singular.nominative,karae
fit,n,karae,singular.accusative,idakarae
fit,n,karae,singular.genitive,gakarae
fit,n,karae,singular.dative,karaehi
five,num,atio,singular.nominative,atio
five,num,atio,singular.accusative,idatio
five,num,atio,singular.genitive,gatio
five,num,atio,singular.dative,atiohi
fix,v,zuni,indicative.present.3sg,zuni
fix,v,zuni,imperative.present.3sg,zunia
fix,v,zuni,subjunctive.present.3sg,zunipo
fix,v,zuni,conditional.present.3sg,zunid
fixture,n,desuae,singular.nominative,desuae
fixture,n,desuae,singular.accusative,idesuae
fixture,n,desuae,singular.genitive,gadesuae
fixture,n,desuae,singular.dative,desuaehi
flag,n,bamashi,singular.nominative,bamashi
flag,n,bamashi,singular.accusative,idabamashi
flag,n,bamashi,singular.genitive,gabamashi
flag,n,bamashi,singular.dative,bamashihi
flagon,n,uuyuito,singular.nominative,uuyuito
flagon,n,uuyuito,singular.accusative,iduuyuito
flagon,n,uuyuito,singular.genitive,guuyuito
flagon,n,uuyuito,singular.dative,uuyuitohi
flail,n,hyaku,singular.nominative,hyaku
flail,n,hyaku,singular.accusative,idahyaku
flail,n,hyaku,singular.genitive,gahyaku
flail,n,hyaku,singular.dative,hyakuhi
flake,n,pugyuma,singular.nominative,pugyuma
flake,n,pugyuma,singular.accusative,idapugyuma
flake,n,pugyuma,singular.genitive,gapugyuma
flake,n,pugyuma,singular.dative,pugyumahi
flame,n,hamasuh,singular.nominative,hamasuh
flame,n,hamasuh,singular.accusative,idahamasuh
flame,n,hamasuh,singular.genitive,gahamasuh
flame,n,hamasuh,singular.dative,hamasuhi
flammable,adj,sabyaki,positive,sabyaki
flammable,adj,sabyaki,comparative,zon sabyaki
flammable,adj,sabyaki,superlative,yafuntt sabyaki
flank,n,satte,singular.nominative,satte
flank,n,satte,singular.accusative,idasatte
flank,n,satte,singular.genitive,gasatte
flank,n,satte,singular.dative,sattehi
flash,n,hyucuru,singular.nominative,hyucuru
flash,n,hyucuru,singular.accusative,idahyucuru
flash,n,hyucuru,singular.genitive,gahyucuru
flash,n,hyucuru,singular.dative,hyucuruhi
flask,n,bojidat,singular.nominative,bojidat
flask,n,bojidat,singular.accusative,idabojidat
flask,n,bojidat,singular.genitive,gabojidat
flask,n,bojidat,singular.dative,bojidatahi
flat,adj,dare,positive,dare
flat,adj,dare,comparative,zon dare
flat,adj,dare,superlative,yafuntt dare
flaunt,v,arusama,indicative.present.3sg,arusama
flaunt,v,arusama,imperative.present.3sg,arusama
flaunt,v,arusama,subjunctive.present.3sg,arusamapo
flaunt,v,arusama,conditional.present.3sg,arusamad
flavor,n,zoruhe,singular.nominative,zoruhe
flavor,n,zoruhe,singular.accusative,idazoruhe
flavor,n,zoruhe,singular.genitive,gazoruhe
flavor,n,zoruhe,singular.dative,zoruhehi
flaw,n,jiyai,singular.nominative,jiyai
flaw,n,jiyai,singular.accusative,idajiyai
flaw,n,jiyai,singular.genitive,gajiyai
flaw,n,jiyai,singular.dative,jiyaihi
flee,v,nega,indicative.present.3sg,nega
flee,v,nega,imperative.present.3sg,nega
flee,v,nega,subjunctive.present.3sg,negapo
flee,v,nega,conditional.present.3sg,negad
flesh,n,degyoru,singular.nominative,degyoru
flesh,n,degyoru,singular.accusative,idegyoru
flesh,n,degyoru,singular.genitive,gadegyoru
flesh,n,degyoru,singular.dative,degyoruhi
fletcher,n,yanuza,singular.nominative,yanuza
fletcher,n,yanuza,singular.accusative,idayanuza
fletcher,n,yanuza,singular.genitive,gayanuza
fletcher,n,yanuza,singular.dative,yanuzahi
fletchings,n,hinatar,singular.nominative,hinatar
fletchings,n,hinatar,singular.accusative,idahinatar
fletchings,n,hinatar,singular.genitive,gahinatar
fletchings,n,hinatar,singular.dative,hinatarahi
flexible,adj,karasun,positive,karasun
flexible,adj,karasun,comparative,zon karasun
flexible,adj,karasun,superlative,yafuntt karasun
flick,v,gyunde,indicative.present.3sg,gyunde
flick,v,gyunde,imperative.present.3sg,gyundea
flick,v,gyunde,subjunctive.present.3sg,gyundepo
flick,v,gyunde,conditional.present.3sg,gyunded
flimsy,adj,jutexta,positive,jutexta
flimsy,adj,jutexta,comparative,zon jutexta
flimsy,adj,jutexta,superlative,yafuntt jutexta
fling,v,pyutsu,indicative.present.3sg,pyutsu
fling,v,pyutsu,imperative.present.3sg,pyutsua
fling,v,pyutsu,subjunctive.present.3sg,pyutsupo
fling,v,pyutsu,conditional.present.3sg,pyutsud
flint,n,gogyuzu,singular.nominative,gogyuzu
flint,n,gogyuzu,singular.accusative,idagogyuzu
flint,n,gogyuzu,singular.genitive,gogyuzu
flint,n,gogyuzu,singular.dative,gogyuzuhi
flirt,v,hyomyum,indicative.present.3sg,hyomyum
flirt,v,hyomyum,imperative.present.3sg,hyomyuma
flirt,v,hyomyum,subjunctive.present.3sg,hyomyumapo
flirt,v,hyomyum,conditional.present.3sg,hyomyumad
float,v,fusu,indicative.present.3sg,fusu
float,v,fusu,imperative.present.3sg,fusua
float,v,fusu,subjunctive.present.3sg,fusupo
float,v,fusu,conditional.present.3sg,fusud
floatation,n,kotano,singular.nominative,kotano
floatation,n,kotano,singular.accusative,idakotano
floatation,n,kotano,singular.genitive,gakotano
floatation,n,kotano,singular.dative,kotanohi
flock,n,hokukyu,singular.nominative,hokukyu
flock,n,hokukyu,singular.accusative,idahokukyu
flock,n,hokukyu,singular.genitive,gahokukyu
flock,n,hokukyu,singular.dative,hokukyuhi
flood,n,ecto,singular.nominative,ecto
flood,n,ecto,singular.accusative,idecto
flood,n,ecto,singular.genitive,gecto
flood,n,ecto,singular.dative,ectohi
floor,n,hamasun,singular.nominative,hamasun
floor,n,hamasun,singular.accusative,idahamasun
floor,n,hamasun,singular.genitive,gahamasun
floor,n,hamasun,singular.dative,hamasunahi
flour,n,oheaoa,singular.nominative,oheaoa
flour,n,oheaoa,singular.accusative,idoheaoa
flour,n,oheaoa,singular.genitive,goheaoa
flour,n,oheaoa,singular.dative,oheaoahi
flourish,v,zata,indicative.present.3sg,zata
flourish,v,zata,imperative.present.3sg,zata
flourish,v,zata,subjunctive.present.3sg,zatapo
flourish,v,zata,conditional.present.3sg,zatad
flow,n,annyon,singular.nominative,annyon
flow,n,annyon,singular.accusative,idannyon
flow,n,annyon,singular.genitive,gannyon
flow,n,annyon,singular.dative,annyonahi
flower,n,wajirim,singular.nominative,wajirim
flower,n,wajirim,singular.accusative,idawajirim
flower,n,wajirim,singular.genitive,gawajirim
flower,n,wajirim,singular.dative,wajirimahi
flu,n,byasu,singular.nominative,byasu
flu,n,byasu,singular.accusative,idabyasu
flu,n,byasu,singular.genitive,gabyasu
flu,n,byasu,singular.dative,byasuhi
fluent,adj,narajot,positive,narajot
fluent,adj,narajot,comparative,zon narajot
fluent,adj,narajot,superlative,yafuntt narajot
fluke,n,hakinak,singular.nominative,hakinak
fluke,n,hakinak,singular.accusative,idahakinak
fluke,n,hakinak,singular.genitive,gahakinak
fluke,n,hakinak,singular.dative,hakinakahi
flush,v,ono,indicative.present.3sg,ono
flush,v,ono,imperative.present.3sg,onoa
flush,v,ono,subjunctive.present.3sg,onopo
flush,v,ono,conditional.present.3sg,onod
flute,n,chazuo,singular.nominative,chazuo
flute,n,chazuo,singular.accusative,idachazuo
flute,n,chazuo,singular.genitive,gachazuo
flute,n,chazuo,singular.dative,chazuohi
fly,n,shiroor,singular.nominative,shiroor
fly,n,shiroor,singular.accusative,idashiroor
fly,n,shiroor,singular.genitive,gashiroor
fly,n,shiroor,singular.dative,shiroorahi
fly,v,hezuryu,indicative.present.3sg,hezuryu
fly,v,hezuryu,imperative.present.3sg,hezuryua
fly,v,hezuryu,subjunctive.present.3sg,hezuryupo
fly,v,hezuryu,conditional.present.3sg,hezuryud
foam,n,don,singular.nominative,don
foam,n,don,singular.accusative,idon
foam,n,don,singular.genitive,gadon
foam,n,don,singular.dative,donahi
focus,v,semasi,indicative.present.3sg,semasi
focus,v,semasi,imperative.present.3sg,semasia
focus,v,semasi,subjunctive.present.3sg,semasipo
focus,v,semasi,conditional.present.3sg,semasid
fodder,n,gyushih,singular.nominative,gyushih
fodder,n,gyushih,singular.accusative,idagyushih
fodder,n,gyushih,singular.genitive,gayushih
fodder,n,gyushih,singular.dative,gyushihi
foe,n,esu,singular.nominative,esu
foe,n,esu,singular.accusative,idesu
foe,n,esu,singular.genitive,gesu
foe,n,esu,singular.dative,esuhi
fog,n,uta,singular.nominative,uta
fog,n,uta,singular.accusative,iduta
fog,n,uta,singular.genitive,guta
fog,n,uta,singular.dative,utahi
foil,n,shichod,singular.nominative,shichod
foil,n,shichod,singular.accusative,idashichod
foil,n,shichod,singular.genitive,gashichod
foil,n,shichod,singular.dative,shichodahi
fold,v,darenai,indicative.present.3sg,darenai
fold,v,darenai,imperative.present.3sg,darenaia
fold,v,darenai,subjunctive.present.3sg,darenaipo
fold,v,darenai,conditional.present.3sg,darenaid
folder,n,woseno,singular.nominative,woseno
folder,n,woseno,singular.accusative,idawoseno
folder,n,woseno,singular.genitive,gawoseno
folder,n,woseno,singular.dative,wosenohi
foliage,n,koyanai,singular.nominative,koyanai
foliage,n,koyanai,singular.accusative,idakoyanai
foliage,n,koyanai,singular.genitive,gakoyanai
foliage,n,koyanai,singular.dative,koyanaihi
follow,v,etara,indicative.present.3sg,etara
follow,v,etara,imperative.present.3sg,etara
follow,v,etara,subjunctive.present.3sg,etarapo
follow,v,etara,conditional.present.3sg,etarad
fond,adj,ozagyo,positive,ozagyo
fond,adj,ozagyo,comparative,zon ozagyo
fond,adj,ozagyo,superlative,yafuntt ozagyo
food,n,jibaomy,singular.nominative,jibaomy
food,n,jibaomy,singular.accusative,idajibaomy
food,n,jibaomy,singular.genitive,gajibaomy
food,n,jibaomy,singular.dative,jibaomyahi
fool,n,yabudat,singular.nominative,yabudat
fool,n,yabudat,singular.accusative,idayabudat
fool,n,yabudat,singular.genitive,gayabudat
fool,n,yabudat,singular.dative,yabudatahi
foot,n,qua,singular.nominative,qua
foot,n,qua,singular.accusative,idaqua
foot,n,qua,singular.genitive,gaqua
foot,n,qua,singular.dative,quahi
footfall,n,woo,singular.nominative,woo
footfall,n,woo,singular.accusative,idawoo
footfall,n,woo,singular.genitive,gawoo
footfall,n,woo,singular.dative,woohi
footpath,n,sozatsu,singular.nominative,sozatsu
footpath,n,sozatsu,singular.accusative,idasozatsu
footpath,n,sozatsu,singular.genitive,gasozatsu
footpath,n,sozatsu,singular.dative,sozatsuhi
footprint,n,uoru,singular.nominative,uoru
footprint,n,uoru,singular.accusative,iduoru
footprint,n,uoru,singular.genitive,guoru
footprint,n,uoru,singular.dative,uoruhi
force,n,desuni,singular.nominative,desuni
force,n,desuni,singular.accusative,idesuni
force,n,desuni,singular.genitive,gadesuni
force,n,desuni,singular.dative,desunihi
forecast,n,lupyayo,singular.nominative,lupyayo
forecast,n,lupyayo,singular.accusative,idalupyayo
forecast,n,lupyayo,singular.genitive,galupyayo
forecast,n,lupyayo,singular.dative,lupyayohi
forefather,n,hodose,singular.nominative,hodose
forefather,n,hodose,singular.accusative,idahodose
forefather,n,hodose,singular.genitive,gahodose
forefather,n,hodose,singular.dative,hodosehi
forehead,n,womne,singular.nominative,womne
forehead,n,womne,singular.accusative,idawomne
forehead,n,womne,singular.genitive,gawomne
forehead,n,womne,singular.dative,womnehi
foreign,adj,kanpyu,positive,kanpyu
foreign,adj,kanpyu,comparative,zon kanpyu
foreign,adj,kanpyu,superlative,yafuntt kanpyu
forensic,adj,hozemas,positive,hozemas
forensic,adj,hozemas,comparative,zon hozemas
forensic,adj,hozemas,superlative,yafuntt hozemas
foresee,v,penyoma,indicative.present.3sg,penyoma
foresee,v,penyoma,imperative.present.3sg,penyoma
foresee,v,penyoma,subjunctive.present.3sg,penyomapo
foresee,v,penyoma,conditional.present.3sg,penyomad
forest,n,homyund,singular.nominative,homyund
forest,n,homyund,singular.accusative,idahomyund
forest,n,homyund,singular.genitive,gahomyund
forest,n,homyund,singular.dative,homyundahi
forge,n,upubya,singular.nominative,upubya
forge,n,upubya,singular.accusative,idupubya
forge,n,upubya,singular.genitive,gupubya
forge,n,upubya,singular.dative,upubyahi
forget,v,woutte,indicative.present.3sg,woutte
forget,v,woutte,imperative.present.3sg,wouttea
forget,v,woutte,subjunctive.present.3sg,wouttepo
forget,v,woutte,conditional.present.3sg,woutted
forgive,v,nimasit,indicative.present.3sg,nimasit
forgive,v,nimasit,imperative.present.3sg,nimasita
forgive,v,nimasit,subjunctive.present.3sg,nimasitapo
forgive,v,nimasit,conditional.present.3sg,nimasitad
fork,n,fuem,singular.nominative,fuem
fork,n,fuem,singular.accusative,idafuem
fork,n,fuem,singular.genitive,gafuem
fork,n,fuem,singular.dative,fuemahi
form,n,tayoru,singular.nominative,tayoru
form,n,tayoru,singular.accusative,idatayoru
form,n,tayoru,singular.genitive,gatayoru
form,n,tayoru,singular.dative,tayoruhi
formal,adj,hochima,positive,hochima
formal,adj,hochima,comparative,zon hochima
formal,adj,hochima,superlative,yafuntt hochima
formation,n,seginji,singular.nominative,seginji
formation,n,seginji,singular.accusative,idaseginji
formation,n,seginji,singular.genitive,gaseginji
formation,n,seginji,singular.dative,seginjihi
formula,n,natudat,singular.nominative,natudat
formula,n,natudat,singular.accusative,idanatudat
formula,n,natudat,singular.genitive,ganatudat
formula,n,natudat,singular.dative,natudatahi
fortress,n,shukott,singular.nominative,shukott
fortress,n,shukott,singular.accusative,idashukott
fortress,n,shukott,singular.genitive,gashukott
fortress,n,shukott,singular.dative,shukottahi
fortunate,adj,tadefum,positive,tadefum
fortunate,adj,tadefum,comparative,zon tadefum
fortunate,adj,tadefum,superlative,yafuntt tadefum
fossil,n,fuwo,singular.nominative,fuwo
fossil,n,fuwo,singular.accusative,idafuwo
fossil,n,fuwo,singular.genitive,gafuwo
fossil,n,fuwo,singular.dative,fuwohi
foster,v,gozu,indicative.present.3sg,gozu
foster,v,gozu,imperative.present.3sg,gozua
foster,v,gozu,subjunctive.present.3sg,gozupo
foster,v,gozu,conditional.present.3sg,gozud
found,v,sezago,indicative.present.3sg,sezago
found,v,sezago,imperative.present.3sg,sezagoa
found,v,sezago,subjunctive.present.3sg,sezagopo
found,v,sezago,conditional.present.3sg,sezagod
foundation,n,gyo,singular.nominative,gyo
foundation,n,gyo,singular.accusative,idagyo
foundation,n,gyo,singular.genitive,gayo
foundation,n,gyo,singular.dative,gyohi
fountain,n,anaratt,singular.nominative,anaratt
fountain,n,anaratt,singular.accusative,idanaratt
fountain,n,anaratt,singular.genitive,ganaratt
fountain,n,anaratt,singular.dative,anarattahi
four,num,opyaaz,singular.nominative,opyaaz
four,num,opyaaz,singular.accusative,idopyaaz
four,num,opyaaz,singular.genitive,gopyaaz
four,num,opyaaz,singular.dative,opyaazahi
fourteen,num,mizatat,singular.nominative,mizatat
fourteen,num,mizatat,singular.accusative,idamizatat
fourteen,num,mizatat,singular.genitive,gamizatat
fourteen,num,mizatat,singular.dative,mizatatahi
fowl,n,min,singular.nominative,min
fowl,n,min,singular.accusative,idamin
fowl,n,min,singular.genitive,gamin
fowl,n,min,singular.dative,minahi
fox,n,opomas,singular.nominative,opomas
fox,n,opomas,singular.accusative,idopomas
fox,n,opomas,singular.genitive,gopomas
fox,n,opomas,singular.dative,opomasahi
fracture,n,oechid,singular.nominative,oechid
fracture,n,oechid,singular.accusative,idoechid
fracture,n,oechid,singular.genitive,goechid
fracture,n,oechid,singular.dative,oechidahi
fragile,adj,prae,positive,prae
fragile,adj,prae,comparative,zon prae
fragile,adj,prae,superlative,yafuntt prae
frame,n,nakea,singular.nominative,nakea
frame,n,nakea,singular.accusative,idanakea
frame,n,nakea,singular.genitive,ganakea
frame,n,nakea,singular.dative,nakeahi
franchise,n,suaemo,singular.nominative,suaemo
franchise,n,suaemo,singular.accusative,idasuaemo
franchise,n,suaemo,singular.genitive,gasuaemo
franchise,n,suaemo,singular.dative,suaemohi
frankincense,n,asu,singular.nominative,asu
frankincense,n,asu,singular.accusative,idasu
frankincense,n,asu,singular.genitive,gasu
frankincense,n,asu,singular.dative,asuhi
free,adj,botaruh,positive,botaruh
free,adj,botaruh,comparative,zon botaruh
free,adj,botaruh,superlative,yafuntt botaruh
freehold,n,hosu,singular.nominative,hosu
freehold,n,hosu,singular.accusative,idahosu
freehold,n,hosu,singular.genitive,gahosu
freehold,n,hosu,singular.dative,hosuhi
freeze,v,nyazema,indicative.present.3sg,nyazema
freeze,v,nyazema,imperative.present.3sg,nyazema
freeze,v,nyazema,subjunctive.present.3sg,nyazemapo
freeze,v,nyazema,conditional.present.3sg,nyazemad
freezing,n,uhyadat,singular.nominative,uhyadat
freezing,n,uhyadat,singular.accusative,iduhyadat
freezing,n,uhyadat,singular.genitive,guhyadat
freezing,n,uhyadat,singular.dative,uhyadatahi
frenzy,n,wanmash,singular.nominative,wanmash
frenzy,n,wanmash,singular.accusative,idawanmash
frenzy,n,wanmash,singular.genitive,gawanmash
frenzy,n,wanmash,singular.dative,wanmashi
frequent,adj,ibu,positive,ibu
frequent,adj,ibu,comparative,zon ibu
frequent,adj,ibu,superlative,yafuntt ibu
fresh,adj,moryuya,positive,moryuya
fresh,adj,moryuya,comparative,zon moryuya
fresh,adj,moryuya,superlative,yafuntt moryuya
freshen,v,mizode,indicative.present.3sg,mizode
freshen,v,mizode,imperative.present.3sg,mizodea
freshen,v,mizode,subjunctive.present.3sg,mizodepo
freshen,v,mizode,conditional.present.3sg,mizoded
friction,n,myusu,singular.nominative,myusu
friction,n,myusu,singular.accusative,idamyusu
friction,n,myusu,singular.genitive,gamyusu
friction,n,myusu,singular.dative,myusuhi
friend,n,wokyury,singular.nominative,wokyury
friend,n,wokyury,singular.accusative,idawokyury
friend,n,wokyury,singular.genitive,gawokyury
friend,n,wokyury,singular.dative,wokyuryahi
fringe,n,danshi,singular.nominative,danshi
fringe,n,danshi,singular.accusative,idanshi
fringe,n,danshi,singular.genitive,gadanshi
fringe,n,danshi,singular.dative,danshihi
frog,n,konaku,singular.nominative,konaku
frog,n,konaku,singular.accusative,idakonaku
frog,n,konaku,singular.genitive,gakonaku
frog,n,konaku,singular.dative,konakuhi
frond,n,gozema,singular.nominative,gozema
frond,n,gozema,singular.accusative,idagozema
frond,n,gozema,singular.genitive,gozema
frond,n,gozema,singular.dative,gozemahi
front,n,etteshi,singular.nominative,etteshi
front,n,etteshi,singular.accusative,idetteshi
front,n,etteshi,singular.genitive,getteshi
front,n,etteshi,singular.dative,etteshihi
frontier,n,dazezaz,singular.nominative,dazezaz
frontier,n,dazezaz,singular.accusative,idazezaz
frontier,n,dazezaz,singular.genitive,gadazezaz
frontier,n,dazezaz,singular.dative,dazezazahi
frown,v,sekinat,indicative.present.3sg,sekinat
frown,v,sekinat,imperative.present.3sg,sekinata
frown,v,sekinat,subjunctive.present.3sg,sekinatapo
frown,v,sekinat,conditional.present.3sg,sekinatad
frozen,adj,desuzut,positive,desuzut
frozen,adj,desuzut,comparative,zon desuzut
frozen,adj,desuzut,superlative,yafuntt desuzut
fruit,n,waboto,singular.nominative,waboto
fruit,n,waboto,singular.accusative,idawaboto
fruit,n,waboto,singular.genitive,gawaboto
fruit,n,waboto,singular.dative,wabotohi
frustrate,v,zure,indicative.present.3sg,zure
frustrate,v,zure,imperative.present.3sg,zurea
frustrate,v,zure,subjunctive.present.3sg,zurepo
frustrate,v,zure,conditional.present.3sg,zured
fry,v,ryazugy,indicative.present.3sg,ryazugy
fry,v,ryazugy,imperative.present.3sg,ryazugya
fry,v,ryazugy,subjunctive.present.3sg,ryazugyapo
fry,v,ryazugy,conditional.present.3sg,ryazugyad
fuck,v,yosu,indicative.present.3sg,yosu
fuck,v,yosu,imperative.present.3sg,yosua
fuck,v,yosu,subjunctive.present.3sg,yosupo
fuck,v,yosu,conditional.present.3sg,yosud
fuel,n,buchihi,singular.nominative,buchihi
fuel,n,buchihi,singular.accusative,idabuchihi
fuel,n,buchihi,singular.genitive,gabuchihi
fuel,n,buchihi,singular.dative,buchihihi
fulfill,v,ehogoz,indicative.present.3sg,ehogoz
fulfill,v,ehogoz,imperative.present.3sg,ehogoza
fulfill,v,ehogoz,subjunctive.present.3sg,ehogozapo
fulfill,v,ehogoz,conditional.present.3sg,ehogozad
full,adj,gomyos,positive,gomyos
full,adj,gomyos,comparative,zon gomyos
full,adj,gomyos,superlative,yafuntt gomyos
fuller,n,empewa,singular.nominative,empewa
fuller,n,empewa,singular.accusative,idempewa
fuller,n,empewa,singular.genitive,gempewa
fuller,n,empewa,singular.dative,empewahi
fumble,v,ryoto,indicative.present.3sg,ryoto
fumble,v,ryoto,imperative.present.3sg,ryotoa
fumble,v,ryoto,subjunctive.present.3sg,ryotopo
fumble,v,ryoto,conditional.present.3sg,ryotod
fumes,n,osamas,singular.nominative,osamas
fumes,n,osamas,singular.accusative,idosamas
fumes,n,osamas,singular.genitive,gosamas
fumes,n,osamas,singular.dative,osamasahi
fund,n,hazoru,singular.nominative,hazoru
fund,n,hazoru,singular.accusative,idahazoru
fund,n,hazoru,singular.genitive,gahazoru
fund,n,hazoru,singular.dative,hazoruhi
funeral,n,oii,singular.nominative,oii
funeral,n,oii,singular.accusative,idoii
funeral,n,oii,singular.genitive,goii
funeral,n,oii,singular.dative,oiihi
fungus,n,hyodatt,singular.nominative,hyodatt
fungus,n,hyodatt,singular.accusative,idahyodatt
fungus,n,hyodatt,singular.genitive,gahyodatt
fungus,n,hyodatt,singular.dative,hyodattahi
funny,adj,funmasa,positive,funmasa
funny,adj,funmasa,comparative,zon funmasa
funny,adj,funmasa,superlative,yafuntt funmasa
fur,n,eemasu,singular.nominative,eemasu
fur,n,eemasu,singular.accusative,ideemasu
fur,n,eemasu,singular.genitive,geemasu
fur,n,eemasu,singular.dative,eemasuhi
furious,adj,kyuyuna,positive,kyuyuna
furious,adj,kyuyuna,comparative,zon kyuyuna
furious,adj,kyuyuna,superlative,yafuntt kyuyuna
furniture,n,shimash,singular.nominative,shimash
furniture,n,shimash,singular.accusative,idashimash
furniture,n,shimash,singular.genitive,gashimash
furniture,n,shimash,singular.dative,shimashi
fury,n,kotaru,singular.nominative,kotaru
fury,n,kotaru,singular.accusative,idakotaru
fury,n,kotaru,singular.genitive,gakotaru
fury,n,kotaru,singular.dative,kotaruhi
fuse,n,jam,singular.nominative,jam
fuse,n,jam,singular.accusative,idajam
fuse,n,jam,singular.genitive,gajam
fuse,n,jam,singular.dative,jamahi
futile,adj,deumyu,positive,deumyu
futile,adj,deumyu,comparative,zon deumyu
futile,adj,deumyu,superlative,yafuntt deumyu
future,n,hazunma,singular.nominative,hazunma
future,n,hazunma,singular.accusative,idahazunma
future,n,hazunma,singular.genitive,gahazunma
future,n,hazunma,singular.dative,hazunmahi
fuzzy,adj,fuchito,positive,fuchito
fuzzy,adj,fuchito,comparative,zon fuchito
fuzzy,adj,fuchito,superlative,yafuntt fuchito
gag,n,ajita,singular.nominative,ajita
gag,n,ajita,singular.accusative,idajita
gag,n,ajita,singular.genitive,gajita
gag,n,ajita,singular.dative,ajitahi
gallon,n,hyusu,singular.nominative,hyusu
gallon,n,hyusu,singular.accusative,idahyusu
gallon,n,hyusu,singular.genitive,gahyusu
gallon,n,hyusu,singular.dative,hyusuhi
gambeson,n,dattasu,singular.nominative,dattasu
gambeson,n,dattasu,singular.accusative,idattasu
gambeson,n,dattasu,singular.genitive,gadattasu
gambeson,n,dattasu,singular.dative,dattasuhi
gamble,v,inaru,indicative.present.3sg,inaru
gamble,v,inaru,imperative.present.3sg,inarua
gamble,v,inaru,subjunctive.present.3sg,inarupo
gamble,v,inaru,conditional.present.3sg,inarud
game bird,n,zachuyu,singular.nominative,zachuyu
game bird,n,zachuyu,singular.accusative,idazachuyu
game bird,n,zachuyu,singular.genitive,gazachuyu
game bird,n,zachuyu,singular.dative,zachuyuhi
game,n,jimya,singular.nominative,jimya
game,n,jimya,singular.accusative,idajimya
game,n,jimya,singular.genitive,gajimya
game,n,jimya,singular.dative,jimyahi
garbage,n,zachu,singular.nominative,zachu
garbage,n,zachu,singular.accusative,idazachu
garbage,n,zachu,singular.genitive,gazachu
garbage,n,zachu,singular.dative,zachuhi
garden,n,oiditak,singular.nominative,oiditak
garden,n,oiditak,singular.accusative,idoiditak
garden,n,oiditak,singular.genitive,goiditak
garden,n,oiditak,singular.dative,oiditakahi
garderobe,n,tohet,singular.nominative,tohet
garderobe,n,tohet,singular.accusative,idatohet
garderobe,n,tohet,singular.genitive,gatohet
garderobe,n,tohet,singular.dative,tohetahi
gargoyle,n,yamasu,singular.nominative,yamasu
gargoyle,n,yamasu,singular.accusative,idayamasu
gargoyle,n,yamasu,singular.genitive,gayamasu
gargoyle,n,yamasu,singular.dative,yamasuhi
garlic,n,somo,singular.nominative,somo
garlic,n,somo,singular.accusative,idasomo
garlic,n,somo,singular.genitive,gasomo
garlic,n,somo,singular.dative,somohi
garment,n,hedonzu,singular.nominative,hedonzu
garment,n,hedonzu,singular.accusative,idahedonzu
garment,n,hedonzu,singular.genitive,gahedonzu
garment,n,hedonzu,singular.dative,hedonzuhi
garrote,n,aribuma,singular.nominative,aribuma
garrote,n,aribuma,singular.accusative,idaribuma
garrote,n,aribuma,singular.genitive,garibuma
garrote,n,aribuma,singular.dative,aribumahi
gas,n,pogyazo,singular.nominative,pogyazo
gas,n,pogyazo,singular.accusative,idapogyazo
gas,n,pogyazo,singular.genitive,gapogyazo
gas,n,pogyazo,singular.dative,pogyazohi
gasp,v,eaya,indicative.present.3sg,eaya
gasp,v,eaya,imperative.present.3sg,eaya
gasp,v,eaya,subjunctive.present.3sg,eayapo
gasp,v,eaya,conditional.present.3sg,eayad
gate,n,chiplex,singular.nominative,chiplex
gate,n,chiplex,singular.accusative,idachiplex
gate,n,chiplex,singular.genitive,gachiplex
gate,n,chiplex,singular.dative,chiplexahi
gather,v,sohehyu,indicative.present.3sg,sohehyu
gather,v,sohehyu,imperative.present.3sg,sohehyua
gather,v,sohehyu,subjunctive.present.3sg,sohehyupo
gather,v,sohehyu,conditional.present.3sg,sohehyud
gauge,n,ozo,singular.nominative,ozo
gauge,n,ozo,singular.accusative,idozo
gauge,n,ozo,singular.genitive,gozo
gauge,n,ozo,singular.dative,ozohi
gauntlet,n,puwo,singular.nominative,puwo
gauntlet,n,puwo,singular.accusative,idapuwo
gauntlet,n,puwo,singular.genitive,gapuwo
gauntlet,n,puwo,singular.dative,puwohi
gay,adj,ryodo,positive,ryodo
gay,adj,ryodo,comparative,zon ryodo
gay,adj,ryodo,superlative,yafuntt ryodo
gear,v,zumehaa,indicative.present.3sg,zumehaa
gear,v,zumehaa,imperative.present.3sg,zumehaa
gear,v,zumehaa,subjunctive.present.3sg,zumehaapo
gear,v,zumehaa,conditional.present.3sg,zumehaad
geas,n,chukohy,singular.nominative,chukohy
geas,n,chukohy,singular.accusative,idachukohy
geas,n,chukohy,singular.genitive,gachukohy
geas,n,chukohy,singular.dative,chukohyahi
geek,n,naitasu,singular.nominative,naitasu
geek,n,naitasu,singular.accusative,idanaitasu
geek,n,naitasu,singular.genitive,ganaitasu
geek,n,naitasu,singular.dative,naitasuhi
gem,n,ohyazu,singular.nominative,ohyazu
gem,n,ohyazu,singular.accusative,idohyazu
gem,n,ohyazu,singular.genitive,gohyazu
gem,n,ohyazu,singular.dative,ohyazuhi
gene,n,anwahyu,singular.nominative,anwahyu
gene,n,anwahyu,singular.accusative,idanwahyu
gene,n,anwahyu,singular.genitive,ganwahyu
gene,n,anwahyu,singular.dative,anwahyuhi
general,adj,zebyo,positive,zebyo
general,adj,zebyo,comparative,zon zebyo
general,adj,zebyo,superlative,yafuntt zebyo
generate,v,yoto,indicative.present.3sg,yoto
generate,v,yoto,imperative.present.3sg,yotoa
generate,v,yoto,subjunctive.present.3sg,yotopo
generate,v,yoto,conditional.present.3sg,yotod
generic,adj,zenyaun,positive,zenyaun
generic,adj,zenyaun,comparative,zon zenyaun
generic,adj,zenyaun,superlative,yafuntt zenyaun
genetics,n,unakito,singular.nominative,unakito
genetics,n,unakito,singular.accusative,idunakito
genetics,n,unakito,singular.genitive,gunakito
genetics,n,unakito,singular.dative,unakitohi
genocide,n,deshuju,singular.nominative,deshuju
genocide,n,deshuju,singular.accusative,ideshuju
genocide,n,deshuju,singular.genitive,gadeshuju
genocide,n,deshuju,singular.dative,deshujuhi
gentle,adj,hiru,positive,hiru
gentle,adj,hiru,comparative,zon hiru
gentle,adj,hiru,superlative,yafuntt hiru
geography,n,motsu,singular.nominative,motsu
geography,n,motsu,singular.accusative,idamotsu
geography,n,motsu,singular.genitive,gamotsu
geography,n,motsu,singular.dative,motsuhi
gesture,v,oho,indicative.present.3sg,oho
gesture,v,oho,imperative.present.3sg,ohoa
gesture,v,oho,subjunctive.present.3sg,ohopo
gesture,v,oho,conditional.present.3sg,ohod
get,v,owamas,indicative.present.3sg,owamas
get,v,owamas,imperative.present.3sg,owamasa
get,v,owamas,subjunctive.present.3sg,owamasapo
get,v,owamas,conditional.present.3sg,owamasad
ghost,n,bara,singular.nominative,bara
ghost,n,bara,singular.accusative,idabara
ghost,n,bara,singular.genitive,gabara
ghost,n,bara,singular.dative,barahi
ghoul,n,naruhao,singular.nominative,naruhao
ghoul,n,naruhao,singular.accusative,idanaruhao
ghoul,n,naruhao,singular.genitive,ganaruhao
ghoul,n,naruhao,singular.dative,naruhaohi
giant,n,hette,singular.nominative,hette
giant,n,hette,singular.accusative,idahette
giant,n,hette,singular.genitive,gahette
giant,n,hette,singular.dative,hettehi
giggle,v,wazei,indicative.present.3sg,wazei
giggle,v,wazei,imperative.present.3sg,wazeia
giggle,v,wazei,subjunctive.present.3sg,wazeipo
giggle,v,wazei,conditional.present.3sg,wazeid
ginger,n,zatemas,singular.nominative,zatemas
ginger,n,zatemas,singular.accusative,idazatemas
ginger,n,zatemas,singular.genitive,gazatemas
ginger,n,zatemas,singular.dative,zatemasahi
ginseng,n,kanarer,singular.nominative,kanarer
ginseng,n,kanarer,singular.accusative,idakanarer
ginseng,n,kanarer,singular.genitive,gakanarer
ginseng,n,kanarer,singular.dative,kanarerahi
girdle,n,achinai,singular.nominative,achinai
girdle,n,achinai,singular.accusative,idachinai
girdle,n,achinai,singular.genitive,gachinai
girdle,n,achinai,singular.dative,achinaihi
girl,n,ibayogy,singular.nominative,ibayogy
girl,n,ibayogy,singular.accusative,idibayogy
girl,n,ibayogy,singular.genitive,gibayogy
girl,n,ibayogy,singular.dative,ibayogyahi
girlfriend,n,zha,singular.nominative,zha
girlfriend,n,zha,singular.accusative,idazha
girlfriend,n,zha,singular.genitive,gazha
girlfriend,n,zha,singular.dative,zhahi
gittern,n,ryutten,singular.nominative,ryutten
gittern,n,ryutten,singular.accusative,idaryutten
gittern,n,ryutten,singular.genitive,garyutten
gittern,n,ryutten,singular.dative,ryuttenahi
give,v,zuitasu,indicative.present.3sg,zuitasu
give,v,zuitasu,imperative.present.3sg,zuitasua
give,v,zuitasu,subjunctive.present.3sg,zuitasupo
give,v,zuitasu,conditional.present.3sg,zuitasud
glacier,n,wani,singular.nominative,wani
glacier,n,wani,singular.accusative,idawani
glacier,n,wani,singular.genitive,gawani
glacier,n,wani,singular.dative,wanihi
glaive,n,shayudo,singular.nominative,shayudo
glaive,n,shayudo,singular.accusative,idashayudo
glaive,n,shayudo,singular.genitive,gashayudo
glaive,n,shayudo,singular.dative,shayudohi
glamour,n,byauham,singular.nominative,byauham
glamour,n,byauham,singular.accusative,idabyauham
glamour,n,byauham,singular.genitive,gabyauham
glamour,n,byauham,singular.dative,byauhamahi
glance,v,sedesub,indicative.present.3sg,sedesub
glance,v,sedesub,imperative.present.3sg,sedesuba
glance,v,sedesub,subjunctive.present.3sg,sedesubapo
glance,v,sedesub,conditional.present.3sg,sedesubad
glare,v,der,indicative.present.3sg,der
glare,v,der,imperative.present.3sg,dera
glare,v,der,subjunctive.present.3sg,derapo
glare,v,der,conditional.present.3sg,derad
glass,n,coroo,singular.nominative,coroo
glass,n,coroo,singular.accusative,idacoroo
glass,n,coroo,singular.genitive,gacoroo
glass,n,coroo,singular.dative,coroohi
glide,v,zemus,indicative.present.3sg,zemus
glide,v,zemus,imperative.present.3sg,zemusa
glide,v,zemus,subjunctive.present.3sg,zemusapo
glide,v,zemus,conditional.present.3sg,zemusad
glitter/bright,adj,colevit,positive,colevit
glitter/bright,adj,colevit,comparative,zon colevit
glitter/bright,adj,colevit,superlative,yafuntt colevit
glory,n,byabara,singular.nominative,byabara
glory,n,byabara,singular.accusative,idabyabara
glory,n,byabara,singular.genitive,gabyabara
glory,n,byabara,singular.dative,byabarahi
glove,n,jienhya,singular.nominative,jienhya
glove,n,jienhya,singular.accusative,idajienhya
glove,n,jienhya,singular.genitive,gajienhya
glove,n,jienhya,singular.dative,jienhyahi
glow,v,nyopet,indicative.present.3sg,nyopet
glow,v,nyopet,imperative.present.3sg,nyopeta
glow,v,nyopet,subjunctive.present.3sg,nyopetapo
glow,v,nyopet,conditional.present.3sg,nyopetad
glue,n,ichurop,singular.nominative,ichurop
glue,n,ichurop,singular.accusative,idichurop
glue,n,ichurop,singular.genitive,gichurop
glue,n,ichurop,singular.dative,ichuropahi
gnats,n,saji,singular.nominative,saji
gnats,n,saji,singular.accusative,idasaji
gnats,n,saji,singular.genitive,gasaji
gnats,n,saji,singular.dative,sajihi
gnome,n,zeehena,singular.nominative,zeehena
gnome,n,zeehena,singular.accusative,idazeehena
gnome,n,zeehena,singular.genitive,gazeehena
gnome,n,zeehena,singular.dative,zeehenahi
go back,v,jiyu,indicative.present.3sg,jiyu
go back,v,jiyu,imperative.present.3sg,jiyua
go back,v,jiyu,subjunctive.present.3sg,jiyupo
go back,v,jiyu,conditional.present.3sg,jiyud
go,v,byomasu,indicative.present.3sg,byomasu
go,v,byomasu,imperative.present.3sg,byomasua
go,v,byomasu,subjunctive.present.3sg,byomasupo
go,v,byomasu,conditional.present.3sg,byomasud
goal,n,ahochur,singular.nominative,ahochur
goal,n,ahochur,singular.accusative,idahochur
goal,n,ahochur,singular.genitive,gahochur
goal,n,ahochur,singular.dative,ahochurahi
goat,n,pyobyum,singular.nominative,pyobyum
goat,n,pyobyum,singular.accusative,idapyobyum
goat,n,pyobyum,singular.genitive,gapyobyum
goat,n,pyobyum,singular.dative,pyobyumahi
goblet,n,ozoyan,singular.nominative,ozoyan
goblet,n,ozoyan,singular.accusative,idozoyan
goblet,n,ozoyan,singular.genitive,gozoyan
goblet,n,ozoyan,singular.dative,ozoyanahi
goblin,n,famasu,singular.nominative,famasu
goblin,n,famasu,singular.accusative,idafamasu
goblin,n,famasu,singular.genitive,gafamasu
goblin,n,famasu,singular.dative,famasuhi
god,n,dezoru,singular.nominative,dezoru
god,n,dezoru,singular.accusative,idezoru
god,n,dezoru,singular.genitive,gadezoru
god,n,dezoru,singular.dative,dezoruhi
goddess,n,yahoush,singular.nominative,yahoush
goddess,n,yahoush,singular.accusative,idayahoush
goddess,n,yahoush,singular.genitive,gayahoush
goddess,n,yahoush,singular.dative,yahoushi
goetia,n,hazufu,singular.nominative,hazufu
goetia,n,hazufu,singular.accusative,idahazufu
goetia,n,hazufu,singular.genitive,gahazufu
goetia,n,hazufu,singular.dative,hazufuhi
going,v,tatsu,indicative.present.3sg,tatsu
going,v,tatsu,imperative.present.3sg,tatsua
going,v,tatsu,subjunctive.present.3sg,tatsupo
going,v,tatsu,conditional.present.3sg,tatsud
gold leaf,n,umito,singular.nominative,umito
gold leaf,n,umito,singular.accusative,idumito
gold leaf,n,umito,singular.genitive,gumito
gold leaf,n,umito,singular.dative,umitohi
gold,n,pyumasu,singular.nominative,pyumasu
gold,n,pyumasu,singular.accusative,idapyumasu
gold,n,pyumasu,singular.genitive,gapyumasu
gold,n,pyumasu,singular.dative,pyumasuhi
golem,n,hyano,singular.nominative,hyano
golem,n,hyano,singular.accusative,idahyano
golem,n,hyano,singular.genitive,gahyano
golem,n,hyano,singular.dative,hyanohi
gong,n,ryopu,singular.nominative,ryopu
gong,n,ryopu,singular.accusative,idaryopu
gong,n,ryopu,singular.genitive,garyopu
gong,n,ryopu,singular.dative,ryopuhi
good,adj,himasum,positive,himasum
good,adj,himasum,comparative,zon himasum
good,adj,himasum,superlative,yafuntt himasum
goose,n,konsuma,singular.nominative,konsuma
goose,n,konsuma,singular.accusative,idakonsuma
goose,n,konsuma,singular.genitive,gakonsuma
goose,n,konsuma,singular.dative,konsumahi
gorgeous,adj,demasub,positive,demasub
gorgeous,adj,demasub,comparative,zon demasub
gorgeous,adj,demasub,superlative,yafuntt demasub
gorget,n,chinare,singular.nominative,chinare
gorget,n,chinare,singular.accusative,idachinare
gorget,n,chinare,singular.genitive,gachinare
gorget,n,chinare,singular.dative,chinarehi
gorgon,n,colic,singular.nominative,colic
gorgon,n,colic,singular.accusative,idacolic
gorgon,n,colic,singular.genitive,gacolic
gorgon,n,colic,singular.dative,colicahi
gorilla,n,wahe,singular.nominative,wahe
gorilla,n,wahe,singular.accusative,idawahe
gorilla,n,wahe,singular.genitive,gawahe
gorilla,n,wahe,singular.dative,wahehi
gossip,n,onyuon,singular.nominative,onyuon
gossip,n,onyuon,singular.accusative,idonyuon
gossip,n,onyuon,singular.genitive,gonyuon
gossip,n,onyuon,singular.dative,onyuonahi
gouge,v,gyumasu,indicative.present.3sg,gyumasu
gouge,v,gyumasu,imperative.present.3sg,gyumasua
gouge,v,gyumasu,subjunctive.present.3sg,gyumasupo
gouge,v,gyumasu,conditional.present.3sg,gyumasud
govern,v,hyumasu,indicative.present.3sg,hyumasu
govern,v,hyumasu,imperative.present.3sg,hyumasua
govern,v,hyumasu,subjunctive.present.3sg,hyumasupo
govern,v,hyumasu,conditional.present.3sg,hyumasud
gown,n,wazupyu,singular.nominative,wazupyu
gown,n,wazupyu,singular.accusative,idawazupyu
gown,n,wazupyu,singular.genitive,gawazupyu
gown,n,wazupyu,singular.dative,wazupyuhi
grace,n,doyajir,singular.nominative,doyajir
grace,n,doyajir,singular.accusative,idoyajir
grace,n,doyajir,singular.genitive,gadoyajir
grace,n,doyajir,singular.dative,doyajirahi
grade,n,jiemasu,singular.nominative,jiemasu
grade,n,jiemasu,singular.accusative,idajiemasu
grade,n,jiemasu,singular.genitive,gajiemasu
grade,n,jiemasu,singular.dative,jiemasuhi
gradual,adj,mihe,positive,mihe
gradual,adj,mihe,comparative,zon mihe
gradual,adj,mihe,superlative,yafuntt mihe
graduate,v,ryunmas,indicative.present.3sg,ryunmas
graduate,v,ryunmas,imperative.present.3sg,ryunmasa
graduate,v,ryunmas,subjunctive.present.3sg,ryunmasapo
graduate,v,ryunmas,conditional.present.3sg,ryunmasad
grain,n,dawo,singular.nominative,dawo
grain,n,dawo,singular.accusative,idawo
grain,n,dawo,singular.genitive,gadawo
grain,n,dawo,singular.dative,dawohi
grandfather,n,joru,singular.nominative,joru
grandfather,n,joru,singular.accusative,idajoru
grandfather,n,joru,singular.genitive,gajoru
grandfather,n,joru,singular.dative,joruhi
grandmother,n,sozumyo,singular.nominative,sozumyo
grandmother,n,sozumyo,singular.accusative,idasozumyo
grandmother,n,sozumyo,singular.genitive,gasozumyo
grandmother,n,sozumyo,singular.dative,sozumyohi
granite,n,hededar,singular.nominative,hededar
granite,n,hededar,singular.accusative,idahededar
granite,n,hededar,singular.genitive,gahededar
granite,n,hededar,singular.dative,hededarahi
grape,adj,gen,positive,gen
grape,adj,gen,comparative,zon gen
grape,adj,gen,superlative,yafuntt gen
grape,n,xiliqui,singular.nominative,xiliqui
grape,n,xiliqui,singular.accusative,idaxiliqui
grape,n,xiliqui,singular.genitive,gaxiliqui
grape,n,xiliqui,singular.dative,xiliquihi
graph,n,gendana,singular.nominative,gendana
graph,n,gendana,singular.accusative,idagendana
graph,n,gendana,singular.genitive,gendana
graph,n,gendana,singular.dative,gendanahi
graphic,n,senyohe,singular.nominative,senyohe
graphic,n,senyohe,singular.accusative,idasenyohe
graphic,n,senyohe,singular.genitive,gasenyohe
graphic,n,senyohe,singular.dative,senyohehi
grappling hook,n,pamyaho,singular.nominative,pamyaho
grappling hook,n,pamyaho,singular.accusative,idapamyaho
grappling hook,n,pamyaho,singular.genitive,gapamyaho
grappling hook,n,pamyaho,singular.dative,pamyahohi
grasp,v,zufuzu,indicative.present.3sg,zufuzu
grasp,v,zufuzu,imperative.present.3sg,zufuzua
grasp,v,zufuzu,subjunctive.present.3sg,zufuzupo
grasp,v,zufuzu,conditional.present.3sg,zufuzud
grass,n,odanyu,singular.nominative,odanyu
grass,n,odanyu,singular.accusative,idodanyu
grass,n,odanyu,singular.genitive,godanyu
grass,n,odanyu,singular.dative,odanyuhi
grave,adj,gasi,positive,gasi
grave,adj,gasi,comparative,zon gasi
grave,adj,gasi,superlative,yafuntt gasi
grave,n,otata,singular.nominative,otata
grave,n,otata,singular.accusative,idotata
grave,n,otata,singular.genitive,gotata
grave,n,otata,singular.dative,otatahi
gravel,n,kyotoma,singular.nominative,kyotoma
gravel,n,kyotoma,singular.accusative,idakyotoma
gravel,n,kyotoma,singular.genitive,gakyotoma
gravel,n,kyotoma,singular.dative,kyotomahi
gravity,n,anattar,singular.nominative,anattar
gravity,n,anattar,singular.accusative,idanattar
gravity,n,anattar,singular.genitive,ganattar
gravity,n,anattar,singular.dative,anattarahi
graze,v,ange,indicative.present.3sg,ange
graze,v,ange,imperative.present.3sg,angea
graze,v,ange,subjunctive.present.3sg,angepo
graze,v,ange,conditional.present.3sg,anged
grease,n,myam,singular.nominative,myam
grease,n,myam,singular.accusative,idamyam
grease,n,myam,singular.genitive,gamyam
grease,n,myam,singular.dative,myamahi
great axe,n,datquod,singular.nominative,datquod
great axe,n,datquod,singular.accusative,idatquod
great axe,n,datquod,singular.genitive,gadatquod
great axe,n,datquod,singular.dative,datquodahi
great,adj,hitarim,positive,hitarim
great,adj,hitarim,comparative,zon hitarim
great,adj,hitarim,superlative,yafuntt hitarim
greater,adj,wai,positive,wai
greater,adj,wai,comparative,zon wai
greater,adj,wai,superlative,yafuntt wai
greave,n,shitaki,singular.nominative,shitaki
greave,n,shitaki,singular.accusative,idashitaki
greave,n,shitaki,singular.genitive,gashitaki
greave,n,shitaki,singular.dative,shitakihi
greed,n,pyoasu,singular.nominative,pyoasu
greed,n,pyoasu,singular.accusative,idapyoasu
greed,n,pyoasu,singular.genitive,gapyoasu
greed,n,pyoasu,singular.dative,pyoasuhi
green,adj,waranoj,positive,waranoj
green,adj,waranoj,comparative,zon waranoj
green,adj,waranoj,superlative,yafuntt waranoj
greenhouse,n,nunshit,singular.nominative,nunshit
greenhouse,n,nunshit,singular.accusative,idanunshit
greenhouse,n,nunshit,singular.genitive,ganunshit
greenhouse,n,nunshit,singular.dative,nunshitahi
grenado,n,des,singular.nominative,des
grenado,n,des,singular.accusative,ides
grenado,n,des,singular.genitive,gades
grenado,n,des,singular.dative,desahi
grey,adj,hepudat,positive,hepudat
grey,adj,hepudat,comparative,zon hepudat
grey,adj,hepudat,superlative,yafuntt hepudat
grid,n,ofudas,singular.nominative,ofudas
grid,n,ofudas,singular.accusative,idofudas
grid,n,ofudas,singular.genitive,gofudas
grid,n,ofudas,singular.dative,ofudasahi
grill,n,gosu,singular.nominative,gosu
grill,n,gosu,singular.accusative,idagosu
grill,n,gosu,singular.genitive,gosu
grill,n,gosu,singular.dative,gosuhi
grim,adj,myahyor,positive,myahyor
grim,adj,myahyor,comparative,zon myahyor
grim,adj,myahyor,superlative,yafuntt myahyor
grimoire,n,yafuntt,singular.nominative,yafuntt
grimoire,n,yafuntt,singular.accusative,idayafuntt
grimoire,n,yafuntt,singular.genitive,gayafuntt
grimoire,n,yafuntt,singular.dative,yafunttahi
grind,v,nowahya,indicative.present.3sg,nowahya
grind,v,nowahya,imperative.present.3sg,nowahya
grind,v,nowahya,subjunctive.present.3sg,nowahyapo
grind,v,nowahya,conditional.present.3sg,nowahyad
grindstone,n,hyara,singular.nominative,hyara
grindstone,n,hyara,singular.accusative,idahyara
grindstone,n,hyara,singular.genitive,gahyara
grindstone,n,hyara,singular.dative,hyarahi
grip,v,kinaki,indicative.present.3sg,kinaki
grip,v,kinaki,imperative.present.3sg,kinakia
grip,v,kinaki,subjunctive.present.3sg,kinakipo
grip,v,kinaki,conditional.present.3sg,kinakid
grit,n,mudeina,singular.nominative,mudeina
grit,n,mudeina,singular.accusative,idamudeina
grit,n,mudeina,singular.genitive,gamudeina
grit,n,mudeina,singular.dative,mudeinahi
groan,v,bokeoda,indicative.present.3sg,bokeoda
groan,v,bokeoda,imperative.present.3sg,bokeoda
groan,v,bokeoda,subjunctive.present.3sg,bokeodapo
groan,v,bokeoda,conditional.present.3sg,bokeodad
gross,adj,hyut,positive,hyut
gross,adj,hyut,comparative,zon hyut
gross,adj,hyut,superlative,yafuntt hyut
ground,n,hyunuma,singular.nominative,hyunuma
ground,n,hyunuma,singular.accusative,idahyunuma
ground,n,hyunuma,singular.genitive,gahyunuma
ground,n,hyunuma,singular.dative,hyunumahi
group,n,bechuda,singular.nominative,bechuda
group,n,bechuda,singular.accusative,idabechuda
group,n,bechuda,singular.genitive,gabechuda
group,n,bechuda,singular.dative,bechudahi
grow,v,sedeban,indicative.present.3sg,sedeban
grow,v,sedeban,imperative.present.3sg,sedebana
grow,v,sedeban,subjunctive.present.3sg,sedebanapo
grow,v,sedeban,conditional.present.3sg,sedebanad
gryphon,n,deshida,singular.nominative,deshida
gryphon,n,deshida,singular.accusative,ideshida
gryphon,n,deshida,singular.genitive,gadeshida
gryphon,n,deshida,singular.dative,deshidahi
guard,v,yajotte,indicative.present.3sg,yajotte
guard,v,yajotte,imperative.present.3sg,yajottea
guard,v,yajotte,subjunctive.present.3sg,yajottepo
guard,v,yajotte,conditional.present.3sg,yajotted
guerrilla,n,narumya,singular.nominative,narumya
guerrilla,n,narumya,singular.accusative,idanarumya
guerrilla,n,narumya,singular.genitive,ganarumya
guerrilla,n,narumya,singular.dative,narumyahi
guess,v,zade,indicative.present.3sg,zade
guess,v,zade,imperative.present.3sg,zadea
guess,v,zade,subjunctive.present.3sg,zadepo
guess,v,zade,conditional.present.3sg,zaded
guest,n,waro,singular.nominative,waro
guest,n,waro,singular.accusative,idawaro
guest,n,waro,singular.genitive,gawaro
guest,n,waro,singular.dative,warohi
guide,n,wapogiy,singular.nominative,wapogiy
guide,n,wapogiy,singular.accusative,idawapogiy
guide,n,wapogiy,singular.genitive,gawapogiy
guide,n,wapogiy,singular.dative,wapogiyahi
guilt,n,ikyuyut,singular.nominative,ikyuyut
guilt,n,ikyuyut,singular.accusative,idikyuyut
guilt,n,ikyuyut,singular.genitive,gikyuyut
guilt,n,ikyuyut,singular.dative,ikyuyutahi
guilty,adj,namasu,positive,namasu
guilty,adj,namasu,comparative,zon namasu
guilty,adj,namasu,superlative,yafuntt namasu
gum,n,dozaru,singular.nominative,dozaru
gum,n,dozaru,singular.accusative,idozaru
gum,n,dozaru,singular.genitive,gadozaru
gum,n,dozaru,singular.dative,dozaruhi
gut,n,kyone,singular.nominative,kyone
gut,n,kyone,singular.accusative,idakyone
gut,n,kyone,singular.genitive,gakyone
gut,n,kyone,singular.dative,kyonehi
guy,n,inarte,singular.nominative,inarte
guy,n,inarte,singular.accusative,idinarte
guy,n,inarte,singular.genitive,ginarte
guy,n,inarte,singular.dative,inartehi
habit,n,bekoto,singular.nominative,bekoto
habit,n,bekoto,singular.accusative,idabekoto
habit,n,bekoto,singular.genitive,gabekoto
habit,n,bekoto,singular.dative,bekotohi
habitat,n,tansono,singular.nominative,tansono
habitat,n,tansono,singular.accusative,idatansono
habitat,n,tansono,singular.genitive,gatansono
habitat,n,tansono,singular.dative,tansonohi
hag (old woman),n,hochono,singular.nominative,hochono
hag (old woman),n,hochono,singular.accusative,idahochono
hag (old woman),n,hochono,singular.genitive,gahochono
hag (old woman),n,hochono,singular.dative,hochonohi
haggle,v,hyau,indicative.present.3sg,hyau
haggle,v,hyau,imperative.present.3sg,hyaua
haggle,v,hyau,subjunctive.present.3sg,hyaupo
haggle,v,hyau,conditional.present.3sg,hyaud
hail,v,datawa,indicative.present.3sg,datawa
hail,v,datawa,imperative.present.3sg,datawa
hail,v,datawa,subjunctive.present.3sg,datawapo
hail,v,datawa,conditional.present.3sg,datawad
hair (of body),n,aus,singular.nominative,aus
hair (of body),n,aus,singular.accusative,idaus
hair (of body),n,aus,singular.genitive,gaus
hair (of body),n,aus,singular.dative,ausahi
hair (of head),n,ezajihe,singular.nominative,ezajihe
hair (of head),n,ezajihe,singular.accusative,idezajihe
hair (of head),n,ezajihe,singular.genitive,gezajihe
hair (of head),n,ezajihe,singular.dative,ezajihehi
halberd,n,arimash,singular.nominative,arimash
halberd,n,arimash,singular.accusative,idarimash
halberd,n,arimash,singular.genitive,garimash
halberd,n,arimash,singular.dative,arimashi
half,n,yunyosh,singular.nominative,yunyosh
half,n,yunyosh,singular.accusative,idayunyosh
half,n,yunyosh,singular.genitive,gayunyosh
half,n,yunyosh,singular.dative,yunyoshi
halfling,n,zegyu,singular.nominative,zegyu
halfling,n,zegyu,singular.accusative,idazegyu
halfling,n,zegyu,singular.genitive,gazegyu
halfling,n,zegyu,singular.dative,zegyuhi
hallway,n,myagyor,singular.nominative,myagyor
hallway,n,myagyor,singular.accusative,idamyagyor
hallway,n,myagyor,singular.genitive,gamyagyor
hallway,n,myagyor,singular.dative,myagyorahi
halt,v,mim,indicative.present.3sg,mim
halt,v,mim,imperative.present.3sg,mima
halt,v,mim,subjunctive.present.3sg,mimapo
halt,v,mim,conditional.present.3sg,mimad
ham,n,hoo,singular.nominative,hoo
ham,n,hoo,singular.accusative,idahoo
ham,n,hoo,singular.genitive,gahoo
ham,n,hoo,singular.dative,hoohi
hammer,n,heyomas,singular.nominative,heyomas
hammer,n,heyomas,singular.accusative,idaheyomas
hammer,n,heyomas,singular.genitive,gaheyomas
hammer,n,heyomas,singular.dative,heyomasahi
hammock,n,kotoshi,singular.nominative,kotoshi
hammock,n,kotoshi,singular.accusative,idakotoshi
hammock,n,kotoshi,singular.genitive,gakotoshi
hammock,n,kotoshi,singular.dative,kotoshihi
hand,n,jishodo,singular.nominative,jishodo
hand,n,jishodo,singular.accusative,idajishodo
hand,n,jishodo,singular.genitive,gajishodo
hand,n,jishodo,singular.dative,jishodohi
handcuff,v,nakyu,indicative.present.3sg,nakyu
handcuff,v,nakyu,imperative.present.3sg,nakyua
handcuff,v,nakyu,subjunctive.present.3sg,nakyupo
handcuff,v,nakyu,conditional.present.3sg,nakyud
hang,v,hino,indicative.present.3sg,hino
hang,v,hino,imperative.present.3sg,hinoa
hang,v,hino,subjunctive.present.3sg,hinopo
hang,v,hino,conditional.present.3sg,hinod
hangover,n,wattema,singular.nominative,wattema
hangover,n,wattema,singular.accusative,idawattema
hangover,n,wattema,singular.genitive,gawattema
hangover,n,wattema,singular.dative,wattemahi
happen,v,oshiru,indicative.present.3sg,oshiru
happen,v,oshiru,imperative.present.3sg,oshirua
happen,v,oshiru,subjunctive.present.3sg,oshirupo
happen,v,oshiru,conditional.present.3sg,oshirud
happy,adj,jadaroo,positive,jadaroo
happy,adj,jadaroo,comparative,zon jadaroo
happy,adj,jadaroo,superlative,yafuntt jadaroo
harass,v,ninwohe,indicative.present.3sg,ninwohe
harass,v,ninwohe,imperative.present.3sg,ninwohea
harass,v,ninwohe,subjunctive.present.3sg,ninwohepo
harass,v,ninwohe,conditional.present.3sg,ninwohed
harbor,n,ximasud,singular.nominative,ximasud
harbor,n,ximasud,singular.accusative,idaximasud
harbor,n,ximasud,singular.genitive,gaximasud
harbor,n,ximasud,singular.dative,ximasudahi
hard-tack,n,yayata,singular.nominative,yayata
hard-tack,n,yayata,singular.accusative,idayayata
hard-tack,n,yayata,singular.genitive,gayayata
hard-tack,n,yayata,singular.dative,yayatahi
hard,adj,intta,positive,intta
hard,adj,intta,comparative,zon intta
hard,adj,intta,superlative,yafuntt intta
harm,v,monara,indicative.present.3sg,monara
harm,v,monara,imperative.present.3sg,monara
harm,v,monara,subjunctive.present.3sg,monarapo
harm,v,monara,conditional.present.3sg,monarad
harming,v,uru,indicative.present.3sg,uru
harming,v,uru,imperative.present.3sg,urua
harming,v,uru,subjunctive.present.3sg,urupo
harming,v,uru,conditional.present.3sg,urud
harmony,n,chafu,singular.nominative,chafu
harmony,n,chafu,singular.accusative,idachafu
harmony,n,chafu,singular.genitive,gachafu
harmony,n,chafu,singular.dative,chafuhi
harp,n,fuyo,singular.nominative,fuyo
harp,n,fuyo,singular.accusative,idafuyo
harp,n,fuyo,singular.genitive,gafuyo
harp,n,fuyo,singular.dative,fuyohi
harpoon,n,nudarah,singular.nominative,nudarah
harpoon,n,nudarah,singular.accusative,idanudarah
harpoon,n,nudarah,singular.genitive,ganudarah
harpoon,n,nudarah,singular.dative,nudarahi
hat,n,hitte,singular.nominative,hitte
hat,n,hitte,singular.accusative,idahitte
hat,n,hitte,singular.genitive,gahitte
hat,n,hitte,singular.dative,hittehi
hatch,n,jinatta,singular.nominative,jinatta
hatch,n,jinatta,singular.accusative,idajinatta
hatch,n,jinatta,singular.genitive,gajinatta
hatch,n,jinatta,singular.dative,jinattahi
"hatchet, hand-axe",n,monorim,singular.nominative,monorim
"hatchet, hand-axe",n,monorim,singular.accusative,idamonorim
"hatchet, hand-axe",n,monorim,singular.genitive,gamonorim
"hatchet, hand-axe",n,monorim,singular.dative,monorimahi
hate,v,aroo,indicative.present.3sg,aroo
hate,v,aroo,imperative.present.3sg,arooa
hate,v,aroo,subjunctive.present.3sg,aroopo
hate,v,aroo,conditional.present.3sg,arood
haunt,v,kinzoma,indicative.present.3sg,kinzoma
haunt,v,kinzoma,imperative.present.3sg,kinzoma
haunt,v,kinzoma,subjunctive.present.3sg,kinzomapo
haunt,v,kinzoma,conditional.present.3sg,kinzomad
haunting,n,pishi,singular.nominative,pishi
haunting,n,pishi,singular.accusative,idapishi
haunting,n,pishi,singular.genitive,gapishi
haunting,n,pishi,singular.dative,pishihi
have to (must),v,hawa,indicative.present.3sg,hawa
have to (must),v,hawa,imperative.present.3sg,hawa
have to (must),v,hawa,subjunctive.present.3sg,hawapo
have to (must),v,hawa,conditional.present.3sg,hawad
have,v,pudatta,indicative.present.3sg,pudatta
have,v,pudatta,imperative.present.3sg,pudatta
have,v,pudatta,subjunctive.present.3sg,pudattapo
have,v,pudatta,conditional.present.3sg,pudattad
haven,n,bato,singular.nominative,bato
haven,n,bato,singular.accusative,idabato
haven,n,bato,singular.genitive,gabato
haven,n,bato,singular.dative,batohi
hawk,n,iru,singular.nominative,iru
hawk,n,iru,singular.accusative,idiru
hawk,n,iru,singular.genitive,giru
hawk,n,iru,singular.dative,iruhi
hay,n,bujibyo,singular.nominative,bujibyo
hay,n,bujibyo,singular.accusative,idabujibyo
hay,n,bujibyo,singular.genitive,gabujibyo
hay,n,bujibyo,singular.dative,bujibyohi
hazard,n,ahaku,singular.nominative,ahaku
hazard,n,ahaku,singular.accusative,idahaku
hazard,n,ahaku,singular.genitive,gahaku
hazard,n,ahaku,singular.dative,ahakuhi
hazelnut,n,uhoda,singular.nominative,uhoda
hazelnut,n,uhoda,singular.accusative,iduhoda
hazelnut,n,uhoda,singular.genitive,guhoda
hazelnut,n,uhoda,singular.dative,uhodahi
head,n,henyaoa,singular.nominative,henyaoa
head,n,henyaoa,singular.accusative,idahenyaoa
head,n,henyaoa,singular.genitive,gahenyaoa
head,n,henyaoa,singular.dative,henyaoahi
head,v,deshiru,indicative.present.3sg,deshiru
head,v,deshiru,imperative.present.3sg,deshirua
head,v,deshiru,subjunctive.present.3sg,deshirupo
head,v,deshiru,conditional.present.3sg,deshirud
heal,v,himasu,indicative.present.3sg,himasu
heal,v,himasu,imperative.present.3sg,himasua
heal,v,himasu,subjunctive.present.3sg,himasupo
heal,v,himasu,conditional.present.3sg,himasud
healing,n,hehodao,singular.nominative,hehodao
healing,n,hehodao,singular.accusative,idahehodao
healing,n,hehodao,singular.genitive,gahehodao
healing,n,hehodao,singular.dative,hehodaohi
health,n,soho,singular.nominative,soho
health,n,soho,singular.accusative,idasoho
health,n,soho,singular.genitive,gasoho
health,n,soho,singular.dative,sohohi
heap,n,todomas,singular.nominative,todomas
heap,n,todomas,singular.accusative,idatodomas
heap,n,todomas,singular.genitive,gatodomas
heap,n,todomas,singular.dative,todomasahi
hear,v,hazurbo,indicative.present.3sg,hazurbo
hear,v,hazurbo,imperative.present.3sg,hazurboa
hear,v,hazurbo,subjunctive.present.3sg,hazurbopo
hear,v,hazurbo,conditional.present.3sg,hazurbod
heart,n,minanzu,singular.nominative,minanzu
heart,n,minanzu,singular.accusative,idaminanzu
heart,n,minanzu,singular.genitive,gaminanzu
heart,n,minanzu,singular.dative,minanzuhi
heating,n,bijigiy,singular.nominative,bijigiy
heating,n,bijigiy,singular.accusative,idabijigiy
heating,n,bijigiy,singular.genitive,gabijigiy
heating,n,bijigiy,singular.dative,bijigiyahi
heavy,adj,nyojito,positive,nyojito
heavy,adj,nyojito,comparative,zon nyojito
heavy,adj,nyojito,superlative,yafuntt nyojito
hedge,n,funaruh,singular.nominative,funaruh
hedge,n,funaruh,singular.accusative,idafunaruh
hedge,n,funaruh,singular.genitive,gafunaruh
hedge,n,funaruh,singular.dative,funaruhi
heel,n,arabyod,singular.nominative,arabyod
heel,n,arabyod,singular.accusative,idarabyod
heel,n,arabyod,singular.genitive,garabyod
heel,n,arabyod,singular.dative,arabyodahi
heir,n,chita,singular.nominative,chita
heir,n,chita,singular.accusative,idachita
heir,n,chita,singular.genitive,gachita
heir,n,chita,singular.dative,chitahi
heirloom,n,gobawa,singular.nominative,gobawa
heirloom,n,gobawa,singular.accusative,idagobawa
heirloom,n,gobawa,singular.genitive,gobawa
heirloom,n,gobawa,singular.dative,gobawahi
hell,n,buzamas,singular.nominative,buzamas
hell,n,buzamas,singular.accusative,idabuzamas
hell,n,buzamas,singular.genitive,gabuzamas
hell,n,buzamas,singular.dative,buzamasahi
helmet,n,wahenya,singular.nominative,wahenya
helmet,n,wahenya,singular.accusative,idawahenya
helmet,n,wahenya,singular.genitive,gawahenya
helmet,n,wahenya,singular.dative,wahenyahi
help,v,cumumas,indicative.present.3sg,cumumas
help,v,cumumas,imperative.present.3sg,cumumasa
help,v,cumumas,subjunctive.present.3sg,cumumasapo
help,v,cumumas,conditional.present.3sg,cumumasad
hemp,n,hyujide,singular.nominative,hyujide
hemp,n,hyujide,singular.accusative,idahyujide
hemp,n,hyujide,singular.genitive,gahyujide
hemp,n,hyujide,singular.dative,hyujidehi
hen,n,nisu,singular.nominative,nisu
hen,n,nisu,singular.accusative,idanisu
hen,n,nisu,singular.genitive,ganisu
hen,n,nisu,singular.dative,nisuhi
herb,n,iyasu,singular.nominative,iyasu
herb,n,iyasu,singular.accusative,idiyasu
herb,n,iyasu,singular.genitive,giyasu
herb,n,iyasu,singular.dative,iyasuhi
herbal,adj,oshodo,positive,oshodo
herbal,adj,oshodo,comparative,zon oshodo
herbal,adj,oshodo,superlative,yafuntt oshodo
herd,n,otsuna,singular.nominative,otsuna
herd,n,otsuna,singular.accusative,idotsuna
herd,n,otsuna,singular.genitive,gotsuna
herd,n,otsuna,singular.dative,otsunahi
heritage,n,mukomas,singular.nominative,mukomas
heritage,n,mukomas,singular.accusative,idamukomas
heritage,n,mukomas,singular.genitive,gamukomas
heritage,n,mukomas,singular.dative,mukomasahi
hero,n,myausu,singular.nominative,myausu
hero,n,myausu,singular.accusative,idamyausu
hero,n,myausu,singular.genitive,gamyausu
hero,n,myausu,singular.dative,myausuhi
heroes,n,fichine,singular.nominative,fichine
heroes,n,fichine,singular.accusative,idafichine
heroes,n,fichine,singular.genitive,gafichine
heroes,n,fichine,singular.dative,fichinehi
herring,n,anaimas,singular.nominative,anaimas
herring,n,anaimas,singular.accusative,idanaimas
herring,n,anaimas,singular.genitive,ganaimas
herring,n,anaimas,singular.dative,anaimasahi
hibernation,n,jimashu,singular.nominative,jimashu
hibernation,n,jimashu,singular.accusative,idajimashu
hibernation,n,jimashu,singular.genitive,gajimashu
hibernation,n,jimashu,singular.dative,jimashuhi
hide,n,pyazuya,singular.nominative,pyazuya
hide,n,pyazuya,singular.accusative,idapyazuya
hide,n,pyazuya,singular.genitive,gapyazuya
hide,n,pyazuya,singular.dative,pyazuyahi
hide,v,hodasi,indicative.present.3sg,hodasi
hide,v,hodasi,imperative.present.3sg,hodasia
hide,v,hodasi,subjunctive.present.3sg,hodasipo
hide,v,hodasi,conditional.present.3sg,hodasid
hierarchy,n,bokotta,singular.nominative,bokotta
hierarchy,n,bokotta,singular.accusative,idabokotta
hierarchy,n,bokotta,singular.genitive,gabokotta
hierarchy,n,bokotta,singular.dative,bokottahi
high,adj,ina,positive,ina
high,adj,ina,comparative,zon ina
high,adj,ina,superlative,yafuntt ina
highlight,n,woto,singular.nominative,woto
highlight,n,woto,singular.accusative,idawoto
highlight,n,woto,singular.genitive,gawoto
highlight,n,woto,singular.dative,wotohi
hike,v,nataqui,indicative.present.3sg,nataqui
hike,v,nataqui,imperative.present.3sg,nataquia
hike,v,nataqui,subjunctive.present.3sg,nataquipo
hike,v,nataqui,conditional.present.3sg,nataquid
hill,n,nihange,singular.nominative,nihange
hill,n,nihange,singular.accusative,idanihange
hill,n,nihange,singular.genitive,ganihange
hill,n,nihange,singular.dative,nihangehi
hilt,n,epyudat,singular.nominative,epyudat
hilt,n,epyudat,singular.accusative,idepyudat
hilt,n,epyudat,singular.genitive,gepyudat
hilt,n,epyudat,singular.dative,epyudatahi
hint,v,jumasu,indicative.present.3sg,jumasu
hint,v,jumasu,imperative.present.3sg,jumasua
hint,v,jumasu,subjunctive.present.3sg,jumasupo
hint,v,jumasu,conditional.present.3sg,jumasud
hip,n,misu,singular.nominative,misu
hip,n,misu,singular.accusative,idamisu
hip,n,misu,singular.genitive,gamisu
hip,n,misu,singular.dative,misuhi
hippogriff,n,jianyow,singular.nominative,jianyow
hippogriff,n,jianyow,singular.accusative,idajianyow
hippogriff,n,jianyow,singular.genitive,gajianyow
hippogriff,n,jianyow,singular.dative,jianyowahi
hire,v,naryamy,indicative.present.3sg,naryamy
hire,v,naryamy,imperative.present.3sg,naryamya
hire,v,naryamy,subjunctive.present.3sg,naryamyapo
hire,v,naryamy,conditional.present.3sg,naryamyad
hiss,v,hatte,indicative.present.3sg,hatte
hiss,v,hatte,imperative.present.3sg,hattea
hiss,v,hatte,subjunctive.present.3sg,hattepo
hiss,v,hatte,conditional.present.3sg,hatted
history,n,dou,singular.nominative,dou
history,n,dou,singular.accusative,idou
history,n,dou,singular.genitive,gadou
history,n,dou,singular.dative,douhi
hit,v,post,indicative.present.3sg,post
hit,v,post,imperative.present.3sg,posta
hit,v,post,subjunctive.present.3sg,postapo
hit,v,post,conditional.present.3sg,postad
hive,n,kotara,singular.nominative,kotara
hive,n,kotara,singular.accusative,idakotara
hive,n,kotara,singular.genitive,gakotara
hive,n,kotara,singular.dative,kotarahi
hoax,n,kotimas,singular.nominative,kotimas
hoax,n,kotimas,singular.accusative,idakotimas
hoax,n,kotimas,singular.genitive,gakotimas
hoax,n,kotimas,singular.dative,kotimasahi
hobby,n,ninmasu,singular.nominative,ninmasu
hobby,n,ninmasu,singular.accusative,idaninmasu
hobby,n,ninmasu,singular.genitive,ganinmasu
hobby,n,ninmasu,singular.dative,ninmasuhi
hoe,n,waowade,singular.nominative,waowade
hoe,n,waowade,singular.accusative,idawaowade
hoe,n,waowade,singular.genitive,gawaowade
hoe,n,waowade,singular.dative,waowadehi
hold,v,nyamasu,indicative.present.3sg,nyamasu
hold,v,nyamasu,imperative.present.3sg,nyamasua
hold,v,nyamasu,subjunctive.present.3sg,nyamasupo
hold,v,nyamasu,conditional.present.3sg,nyamasud
hole,n,nakiga,singular.nominative,nakiga
hole,n,nakiga,singular.accusative,idanakiga
hole,n,nakiga,singular.genitive,ganakiga
hole,n,nakiga,singular.dative,nakigahi
holiday,n,uginaku,singular.nominative,uginaku
holiday,n,uginaku,singular.accusative,iduginaku
holiday,n,uginaku,singular.genitive,guginaku
holiday,n,uginaku,singular.dative,uginakuhi
hollow,adj,hui,positive,hui
hollow,adj,hui,comparative,zon hui
hollow,adj,hui,superlative,yafuntt hui
holy,adj,binatte,positive,binatte
holy,adj,binatte,comparative,zon binatte
holy,adj,binatte,superlative,yafuntt binatte
homage,n,womasu,singular.nominative,womasu
homage,n,womasu,singular.accusative,idawomasu
homage,n,womasu,singular.genitive,gawomasu
homage,n,womasu,singular.dative,womasuhi
home,n,baozuma,singular.nominative,baozuma
home,n,baozuma,singular.accusative,idabaozuma
home,n,baozuma,singular.genitive,gabaozuma
home,n,baozuma,singular.dative,baozumahi
"homeland, fatherland, motherland",n,ohepud,singular.nominative,ohepud
"homeland, fatherland, motherland",n,ohepud,singular.accusative,idohepud
"homeland, fatherland, motherland",n,ohepud,singular.genitive,gohepud
"homeland, fatherland, motherland",n,ohepud,singular.dative,ohepudahi
homespun,adj,hiwokya,positive,hiwokya
homespun,adj,hiwokya,comparative,zon hiwokya
homespun,adj,hiwokya,superlative,yafuntt hiwokya
homicide,n,pyai,singular.nominative,pyai
homicide,n,pyai,singular.accusative,idapyai
homicide,n,pyai,singular.genitive,gapyai
homicide,n,pyai,singular.dative,pyaihi
homosexual,adj,nis,positive,nis
homosexual,adj,nis,comparative,zon nis
homosexual,adj,nis,superlative,yafuntt nis
homunculus,n,hodogya,singular.nominative,hodogya
homunculus,n,hodogya,singular.accusative,idahodogya
homunculus,n,hodogya,singular.genitive,gahodogya
homunculus,n,hodogya,singular.dative,hodogyahi
honest,adj,butatia,positive,butatia
honest,adj,butatia,comparative,zon butatia
honest,adj,butatia,superlative,yafuntt butatia
honey,n,seumyu,singular.nominative,seumyu
honey,n,seumyu,singular.accusative,idaseumyu
honey,n,seumyu,singular.genitive,gaseumyu
honey,n,seumyu,singular.dative,seumyuhi
honor,n,omusoo,singular.nominative,omusoo
honor,n,omusoo,singular.accusative,idomusoo
honor,n,omusoo,singular.genitive,gomusoo
honor,n,omusoo,singular.dative,omusoohi
hood,n,yac,singular.nominative,yac
hood,n,yac,singular.accusative,idayac
hood,n,yac,singular.genitive,gayac
hood,n,yac,singular.dative,yacahi
hoof,n,vendasu,singular.nominative,vendasu
hoof,n,vendasu,singular.accusative,idavendasu
hoof,n,vendasu,singular.genitive,gavendasu
hoof,n,vendasu,singular.dative,vendasuhi
hook,n,nakuzot,singular.nominative,nakuzot
hook,n,nakuzot,singular.accusative,idanakuzot
hook,n,nakuzot,singular.genitive,ganakuzot
hook,n,nakuzot,singular.dative,nakuzotahi
hop,v,zadesu,indicative.present.3sg,zadesu
hop,v,zadesu,imperative.present.3sg,zadesua
hop,v,zadesu,subjunctive.present.3sg,zadesupo
hop,v,zadesu,conditional.present.3sg,zadesud
hope,v,ohato,indicative.present.3sg,ohato
hope,v,ohato,imperative.present.3sg,ohatoa
hope,v,ohato,subjunctive.present.3sg,ohatopo
hope,v,ohato,conditional.present.3sg,ohatod
horehound,n,godoem,singular.nominative,godoem
horehound,n,godoem,singular.accusative,idagodoem
horehound,n,godoem,singular.genitive,godoem
horehound,n,godoem,singular.dative,godoemahi
horizon,n,dasoto,singular.nominative,dasoto
horizon,n,dasoto,singular.accusative,idasoto
horizon,n,dasoto,singular.genitive,gadasoto
horizon,n,dasoto,singular.dative,dasotohi
hormone,n,taviset,singular.nominative,taviset
hormone,n,taviset,singular.accusative,idataviset
hormone,n,taviset,singular.genitive,gataviset
hormone,n,taviset,singular.dative,tavisetahi
horn,n,jiyunyo,singular.nominative,jiyunyo
horn,n,jiyunyo,singular.accusative,idajiyunyo
horn,n,jiyunyo,singular.genitive,gajiyunyo
horn,n,jiyunyo,singular.dative,jiyunyohi
horoscope,n,dando,singular.nominative,dando
horoscope,n,dando,singular.accusative,idando
horoscope,n,dando,singular.genitive,gadando
horoscope,n,dando,singular.dative,dandohi
horse collar,n,zoja,singular.nominative,zoja
horse collar,n,zoja,singular.accusative,idazoja
horse collar,n,zoja,singular.genitive,gazoja
horse collar,n,zoja,singular.dative,zojahi
horse,n,neruhej,singular.nominative,neruhej
horse,n,neruhej,singular.accusative,idaneruhej
horse,n,neruhej,singular.genitive,ganeruhej
horse,n,neruhej,singular.dative,neruhejahi
horsemeat,n,zusesu,singular.nominative,zusesu
horsemeat,n,zusesu,singular.accusative,idazusesu
horsemeat,n,zusesu,singular.genitive,gazusesu
horsemeat,n,zusesu,singular.dative,zusesuhi
horseshoe,n,noasu,singular.nominative,noasu
horseshoe,n,noasu,singular.accusative,idanoasu
horseshoe,n,noasu,singular.genitive,ganoasu
horseshoe,n,noasu,singular.dative,noasuhi
hose,n,ryuhe,singular.nominative,ryuhe
hose,n,ryuhe,singular.accusative,idaryuhe
hose,n,ryuhe,singular.genitive,garyuhe
hose,n,ryuhe,singular.dative,ryuhehi
hospital,n,nakipud,singular.nominative,nakipud
hospital,n,nakipud,singular.accusative,idanakipud
hospital,n,nakipud,singular.genitive,ganakipud
hospital,n,nakipud,singular.dative,nakipudahi
hostile,adj,hen,positive,hen
hostile,adj,hen,comparative,zon hen
hostile,adj,hen,superlative,yafuntt hen
hot (attractive),adj,zomasi,positive,zomasi
hot (attractive),adj,zomasi,comparative,zon zomasi
hot (attractive),adj,zomasi,superlative,yafuntt zomasi
hot,adj,uyani,positive,uyani
hot,adj,uyani,comparative,zon uyani
hot,adj,uyani,superlative,yafuntt uyani
hound,n,natenyo,singular.nominative,natenyo
hound,n,natenyo,singular.accusative,idanatenyo
hound,n,natenyo,singular.genitive,ganatenyo
hound,n,natenyo,singular.dative,natenyohi
hour,n,ciputte,singular.nominative,ciputte
hour,n,ciputte,singular.accusative,idaciputte
hour,n,ciputte,singular.genitive,gaciputte
hour,n,ciputte,singular.dative,ciputtehi
hourglass,n,wozadas,singular.nominative,wozadas
hourglass,n,wozadas,singular.accusative,idawozadas
hourglass,n,wozadas,singular.genitive,gawozadas
hourglass,n,wozadas,singular.dative,wozadasahi
house cat,n,hebyo,singular.nominative,hebyo
house cat,n,hebyo,singular.accusative,idahebyo
house cat,n,hebyo,singular.genitive,gahebyo
house cat,n,hebyo,singular.dative,hebyohi
house,n,zewoja,singular.nominative,zewoja
house,n,zewoja,singular.accusative,idazewoja
house,n,zewoja,singular.genitive,gazewoja
house,n,zewoja,singular.dative,zewojahi
hover,v,neryoji,indicative.present.3sg,neryoji
hover,v,neryoji,imperative.present.3sg,neryojia
hover,v,neryoji,subjunctive.present.3sg,neryojipo
hover,v,neryoji,conditional.present.3sg,neryojid
hub,n,jizuchu,singular.nominative,jizuchu
hub,n,jizuchu,singular.accusative,idajizuchu
hub,n,jizuchu,singular.genitive,gajizuchu
hub,n,jizuchu,singular.dative,jizuchuhi
huddle,v,chiuser,indicative.present.3sg,chiuser
huddle,v,chiuser,imperative.present.3sg,chiusera
huddle,v,chiuser,subjunctive.present.3sg,chiuserapo
huddle,v,chiuser,conditional.present.3sg,chiuserad
hue,n,arayo,singular.nominative,arayo
hue,n,arayo,singular.accusative,idarayo
hue,n,arayo,singular.genitive,garayo
hue,n,arayo,singular.dative,arayohi
hug,n,hebojum,singular.nominative,hebojum
hug,n,hebojum,singular.accusative,idahebojum
hug,n,hebojum,singular.genitive,gahebojum
hug,n,hebojum,singular.dative,hebojumahi
huge,adj,hibyade,positive,hibyade
huge,adj,hibyade,comparative,zon hibyade
huge,adj,hibyade,superlative,yafuntt hibyade
hull,n,hipazus,singular.nominative,hipazus
hull,n,hipazus,singular.accusative,idahipazus
hull,n,hipazus,singular.genitive,gahipazus
hull,n,hipazus,singular.dative,hipazusahi
hum,v,kyuneny,indicative.present.3sg,kyuneny
hum,v,kyuneny,imperative.present.3sg,kyunenya
hum,v,kyuneny,subjunctive.present.3sg,kyunenyapo
hum,v,kyuneny,conditional.present.3sg,kyunenyad
human,n,depijur,singular.nominative,depijur
human,n,depijur,singular.accusative,idepijur
human,n,depijur,singular.genitive,gadepijur
human,n,depijur,singular.dative,depijurahi
humble,adj,zattaki,positive,zattaki
humble,adj,zattaki,comparative,zon zattaki
humble,adj,zattaki,superlative,yafuntt zattaki
humiliate,v,rishina,indicative.present.3sg,rishina
humiliate,v,rishina,imperative.present.3sg,rishina
humiliate,v,rishina,subjunctive.present.3sg,rishinapo
humiliate,v,rishina,conditional.present.3sg,rishinad
humor,n,narano,singular.nominative,narano
humor,n,narano,singular.accusative,idanarano
humor,n,narano,singular.genitive,ganarano
humor,n,narano,singular.dative,naranohi
hundred,num,hifudod,singular.nominative,hifudod
hundred,num,hifudod,singular.accusative,idahifudod
hundred,num,hifudod,singular.genitive,gahifudod
hundred,num,hifudod,singular.dative,hifudodahi
hungry,adj,gamashi,positive,gamashi
hungry,adj,gamashi,comparative,zon gamashi
hungry,adj,gamashi,superlative,yafuntt gamashi
hunt,v,hozu,indicative.present.3sg,hozu
hunt,v,hozu,imperative.present.3sg,hozua
hunt,v,hozu,subjunctive.present.3sg,hozupo
hunt,v,hozu,conditional.present.3sg,hozud
hunting,adj,dasumas,positive,dasumas
hunting,adj,dasumas,comparative,zon dasumas
hunting,adj,dasumas,superlative,yafuntt dasumas
hurdle,n,nakyoha,singular.nominative,nakyoha
hurdle,n,nakyoha,singular.accusative,idanakyoha
hurdle,n,nakyoha,singular.genitive,ganakyoha
hurdle,n,nakyoha,singular.dative,nakyohahi
hurdy-gurdy,n,jis,singular.nominative,jis
hurdy-gurdy,n,jis,singular.accusative,idajis
hurdy-gurdy,n,jis,singular.genitive,gajis
hurdy-gurdy,n,jis,singular.dative,jisahi
hurl,v,jinru,indicative.present.3sg,jinru
hurl,v,jinru,imperative.present.3sg,jinrua
hurl,v,jinru,subjunctive.present.3sg,jinrupo
hurl,v,jinru,conditional.present.3sg,jinrud
hurricane,n,uchoo,singular.nominative,uchoo
hurricane,n,uchoo,singular.accusative,iduchoo
hurricane,n,uchoo,singular.genitive,guchoo
hurricane,n,uchoo,singular.dative,uchoohi
hurry,v,data,indicative.present.3sg,data
hurry,v,data,imperative.present.3sg,data
hurry,v,data,subjunctive.present.3sg,datapo
hurry,v,data,conditional.present.3sg,datad
hurt,v,deshish,indicative.present.3sg,deshish
hurt,v,deshish,imperative.present.3sg,deshisha
hurt,v,deshish,subjunctive.present.3sg,deshishapo
hurt,v,deshish,conditional.present.3sg,deshishad
husband,n,osowa,singular.nominative,osowa
husband,n,osowa,singular.accusative,idosowa
husband,n,osowa,singular.genitive,gosowa
husband,n,osowa,singular.dative,osowahi
hut,n,dasuzo,singular.nominative,dasuzo
hut,n,dasuzo,singular.accusative,idasuzo
hut,n,dasuzo,singular.genitive,gadasuzo
hut,n,dasuzo,singular.dative,dasuzohi
hybrid,n,kyoru,singular.nominative,kyoru
hybrid,n,kyoru,singular.accusative,idakyoru
hybrid,n,kyoru,singular.genitive,gakyoru
hybrid,n,kyoru,singular.dative,kyoruhi
hypnotism,n,one,singular.nominative,one
hypnotism,n,one,singular.accusative,idone
hypnotism,n,one,singular.genitive,gone
hypnotism,n,one,singular.dative,onehi
hyssop,n,tozu,singular.nominative,tozu
hyssop,n,tozu,singular.accusative,idatozu
hyssop,n,tozu,singular.genitive,gatozu
hyssop,n,tozu,singular.dative,tozuhi
ice,n,zon,singular.nominative,zon
ice,n,zon,singular.accusative,idazon
ice,n,zon,singular.genitive,gazon
ice,n,zon,singular.dative,zonahi
icon,n,monbyad,singular.nominative,monbyad
icon,n,monbyad,singular.accusative,idamonbyad
icon,n,monbyad,singular.genitive,gamonbyad
icon,n,monbyad,singular.dative,monbyadahi
idea,n,habedas,singular.nominative,habedas
idea,n,habedas,singular.accusative,idahabedas
idea,n,habedas,singular.genitive,gahabedas
idea,n,habedas,singular.dative,habedasahi
ideal,n,kyamowo,singular.nominative,kyamowo
ideal,n,kyamowo,singular.accusative,idakyamowo
ideal,n,kyamowo,singular.genitive,gakyamowo
ideal,n,kyamowo,singular.dative,kyamowohi
identify,v,yapyai,indicative.present.3sg,yapyai
identify,v,yapyai,imperative.present.3sg,yapyaia
identify,v,yapyai,subjunctive.present.3sg,yapyaipo
identify,v,yapyai,conditional.present.3sg,yapyaid
idiot,n,deyuzam,singular.nominative,deyuzam
idiot,n,deyuzam,singular.accusative,ideyuzam
idiot,n,deyuzam,singular.genitive,gadeyuzam
idiot,n,deyuzam,singular.dative,deyuzamahi
idle,n,wasa,singular.nominative,wasa
idle,n,wasa,singular.accusative,idawasa
idle,n,wasa,singular.genitive,gawasa
idle,n,wasa,singular.dative,wasahi
idol,n,bya,singular.nominative,bya
idol,n,bya,singular.accusative,idabya
idol,n,bya,singular.genitive,gabya
idol,n,bya,singular.dative,byahi
ignite,v,zuyoshi,indicative.present.3sg,zuyoshi
ignite,v,zuyoshi,imperative.present.3sg,zuyoshia
ignite,v,zuyoshi,subjunctive.present.3sg,zuyoshipo
ignite,v,zuyoshi,conditional.present.3sg,zuyoshid
igniting,v,wotte,indicative.present.3sg,wotte
igniting,v,wotte,imperative.present.3sg,wottea
igniting,v,wotte,subjunctive.present.3sg,wottepo
igniting,v,wotte,conditional.present.3sg,wotted
ignorant,adj,wayorum,positive,wayorum
ignorant,adj,wayorum,comparative,zon wayorum
ignorant,adj,wayorum,superlative,yafuntt wayorum
ignore,v,ujitaki,indicative.present.3sg,ujitaki
ignore,v,ujitaki,imperative.present.3sg,ujitakia
ignore,v,ujitaki,subjunctive.present.3sg,ujitakipo
ignore,v,ujitaki,conditional.present.3sg,ujitakid
iguana,n,aryaury,singular.nominative,aryaury
iguana,n,aryaury,singular.accusative,idaryaury
iguana,n,aryaury,singular.genitive,garyaury
iguana,n,aryaury,singular.dative,aryauryahi
illness,n,hahyo,singular.nominative,hahyo
illness,n,hahyo,singular.accusative,idahahyo
illness,n,hahyo,singular.genitive,gahahyo
illness,n,hahyo,singular.dative,hahyohi
illuminate,v,hodasu,indicative.present.3sg,hodasu
illuminate,v,hodasu,imperative.present.3sg,hodasua
illuminate,v,hodasu,subjunctive.present.3sg,hodasupo
illuminate,v,hodasu,conditional.present.3sg,hodasud
illuminated,adj,kyai,positive,kyai
illuminated,adj,kyai,comparative,zon kyai
illuminated,adj,kyai,superlative,yafuntt kyai
illuminator,n,nakina,singular.nominative,nakina
illuminator,n,nakina,singular.accusative,idanakina
illuminator,n,nakina,singular.genitive,ganakina
illuminator,n,nakina,singular.dative,nakinahi
illusion,n,debisha,singular.nominative,debisha
illusion,n,debisha,singular.accusative,idebisha
illusion,n,debisha,singular.genitive,gadebisha
illusion,n,debisha,singular.dative,debishahi
illusory,adj,byawa,positive,byawa
illusory,adj,byawa,comparative,zon byawa
illusory,adj,byawa,superlative,yafuntt byawa
illustrate,v,fusamas,indicative.present.3sg,fusamas
illustrate,v,fusamas,imperative.present.3sg,fusamasa
illustrate,v,fusamas,subjunctive.present.3sg,fusamasapo
illustrate,v,fusamas,conditional.present.3sg,fusamasad
image,n,damyami,singular.nominative,damyami
image,n,damyami,singular.accusative,idamyami
image,n,damyami,singular.genitive,gadamyami
image,n,damyami,singular.dative,damyamihi
imaginary,adj,wopyatt,positive,wopyatt
imaginary,adj,wopyatt,comparative,zon wopyatt
imaginary,adj,wopyatt,superlative,yafuntt wopyatt
imagine,v,demyuru,indicative.present.3sg,demyuru
imagine,v,demyuru,imperative.present.3sg,demyurua
imagine,v,demyuru,subjunctive.present.3sg,demyurupo
imagine,v,demyuru,conditional.present.3sg,demyurud
imitate,v,hewo,indicative.present.3sg,hewo
imitate,v,hewo,imperative.present.3sg,hewoa
imitate,v,hewo,subjunctive.present.3sg,hewopo
imitate,v,hewo,conditional.present.3sg,hewod
immense,adj,monkyar,positive,monkyar
immense,adj,monkyar,comparative,zon monkyar
immense,adj,monkyar,superlative,yafuntt monkyar
imminent,adj,hadarim,positive,hadarim
imminent,adj,hadarim,comparative,zon hadarim
imminent,adj,hadarim,superlative,yafuntt hadarim
immune,adj,ogyohe,positive,ogyohe
immune,adj,ogyohe,comparative,zon ogyohe
immune,adj,ogyohe,superlative,yafuntt ogyohe
imp,n,atano,singular.nominative,atano
imp,n,atano,singular.accusative,idatano
imp,n,atano,singular.genitive,gatano
imp,n,atano,singular.dative,atanohi
impact,n,famasud,singular.nominative,famasud
impact,n,famasud,singular.accusative,idafamasud
impact,n,famasud,singular.genitive,gafamasud
impact,n,famasud,singular.dative,famasudahi
impair,v,shite,indicative.present.3sg,shite
impair,v,shite,imperative.present.3sg,shitea
impair,v,shite,subjunctive.present.3sg,shitepo
impair,v,shite,conditional.present.3sg,shited
impeachment,n,doso,singular.nominative,doso
impeachment,n,doso,singular.accusative,idoso
impeachment,n,doso,singular.genitive,gadoso
impeachment,n,doso,singular.dative,dosohi
implant,n,nihea,singular.nominative,nihea
implant,n,nihea,singular.accusative,idanihea
implant,n,nihea,singular.genitive,ganihea
implant,n,nihea,singular.dative,niheahi
implement,v,abemi,indicative.present.3sg,abemi
implement,v,abemi,imperative.present.3sg,abemia
implement,v,abemi,subjunctive.present.3sg,abemipo
implement,v,abemi,conditional.present.3sg,abemid
imploding,v,foe,indicative.present.3sg,foe
imploding,v,foe,imperative.present.3sg,foea
imploding,v,foe,subjunctive.present.3sg,foepo
imploding,v,foe,conditional.present.3sg,foed
imply,v,pyusu,indicative.present.3sg,pyusu
imply,v,pyusu,imperative.present.3sg,pyusua
imply,v,pyusu,subjunctive.present.3sg,pyusupo
imply,v,pyusu,conditional.present.3sg,pyusud
import,v,kinakin,indicative.present.3sg,kinakin
import,v,kinakin,imperative.present.3sg,kinakina
import,v,kinakin,subjunctive.present.3sg,kinakinapo
import,v,kinakin,conditional.present.3sg,kinakinad
important,adj,sazegyu,positive,sazegyu
important,adj,sazegyu,comparative,zon sazegyu
important,adj,sazegyu,superlative,yafuntt sazegyu
impose,v,gomyut,indicative.present.3sg,gomyut
impose,v,gomyut,imperative.present.3sg,gomyuta
impose,v,gomyut,subjunctive.present.3sg,gomyutapo
impose,v,gomyut,conditional.present.3sg,gomyutad
impression,n,zuhonge,singular.nominative,zuhonge
impression,n,zuhonge,singular.accusative,idazuhonge
impression,n,zuhonge,singular.genitive,gazuhonge
impression,n,zuhonge,singular.dative,zuhongehi
improve,v,haee,indicative.present.3sg,haee
improve,v,haee,imperative.present.3sg,haeea
improve,v,haee,subjunctive.present.3sg,haeepo
improve,v,haee,conditional.present.3sg,haeed
impulse,n,monze,singular.nominative,monze
impulse,n,monze,singular.accusative,idamonze
impulse,n,monze,singular.genitive,gamonze
impulse,n,monze,singular.dative,monzehi
incantation,n,genatas,singular.nominative,genatas
incantation,n,genatas,singular.accusative,idagenatas
incantation,n,genatas,singular.genitive,genatas
incantation,n,genatas,singular.dative,genatasahi
incense,n,kamasu,singular.nominative,kamasu
incense,n,kamasu,singular.accusative,idakamasu
incense,n,kamasu,singular.genitive,gakamasu
incense,n,kamasu,singular.dative,kamasuhi
incentive,n,okyono,singular.nominative,okyono
incentive,n,okyono,singular.accusative,idokyono
incentive,n,okyono,singular.genitive,gokyono
incentive,n,okyono,singular.dative,okyonohi
incident,n,zoo,singular.nominative,zoo
incident,n,zoo,singular.accusative,idazoo
incident,n,zoo,singular.genitive,gazoo
incident,n,zoo,singular.dative,zoohi
incineration,n,acharan,singular.nominative,acharan
incineration,n,acharan,singular.accusative,idacharan
incineration,n,acharan,singular.genitive,gacharan
incineration,n,acharan,singular.dative,acharanahi
include,v,gobyoru,indicative.present.3sg,gobyoru
include,v,gobyoru,imperative.present.3sg,gobyorua
include,v,gobyoru,subjunctive.present.3sg,gobyorupo
include,v,gobyoru,conditional.present.3sg,gobyorud
incorporate,v,byahesu,indicative.present.3sg,byahesu
incorporate,v,byahesu,imperative.present.3sg,byahesua
incorporate,v,byahesu,subjunctive.present.3sg,byahesupo
incorporate,v,byahesu,conditional.present.3sg,byahesud
increase,v,tisou,indicative.present.3sg,tisou
increase,v,tisou,imperative.present.3sg,tisoua
increase,v,tisou,subjunctive.present.3sg,tisoupo
increase,v,tisou,conditional.present.3sg,tisoud
incubi,n,kotohas,singular.nominative,kotohas
incubi,n,kotohas,singular.accusative,idakotohas
incubi,n,kotohas,singular.genitive,gakotohas
incubi,n,kotohas,singular.dative,kotohasahi
indenture,n,kyogemy,singular.nominative,kyogemy
indenture,n,kyogemy,singular.accusative,idakyogemy
indenture,n,kyogemy,singular.genitive,gakyogemy
indenture,n,kyogemy,singular.dative,kyogemyahi
independence,n,ido,singular.nominative,ido
independence,n,ido,singular.accusative,idido
independence,n,ido,singular.genitive,gido
independence,n,ido,singular.dative,idohi
indicate,v,honfuby,indicative.present.3sg,honfuby
indicate,v,honfuby,imperative.present.3sg,honfubya
indicate,v,honfuby,subjunctive.present.3sg,honfubyapo
indicate,v,honfuby,conditional.present.3sg,honfubyad
indigo (plant),n,goyowo,singular.nominative,goyowo
indigo (plant),n,goyowo,singular.accusative,idagoyowo
indigo (plant),n,goyowo,singular.genitive,goyowo
indigo (plant),n,goyowo,singular.dative,goyowohi
individual,n,jizamas,singular.nominative,jizamas
individual,n,jizamas,singular.accusative,idajizamas
individual,n,jizamas,singular.genitive,gajizamas
individual,n,jizamas,singular.dative,jizamasahi
induce,v,anakimi,indicative.present.3sg,anakimi
induce,v,anakimi,imperative.present.3sg,anakimia
induce,v,anakimi,subjunctive.present.3sg,anakimipo
induce,v,anakimi,conditional.present.3sg,anakimid
indulge,v,mulasic,indicative.present.3sg,mulasic
indulge,v,mulasic,imperative.present.3sg,mulasica
indulge,v,mulasic,subjunctive.present.3sg,mulasicapo
indulge,v,mulasic,conditional.present.3sg,mulasicad
industry,n,dan,singular.nominative,dan
industry,n,dan,singular.accusative,idan
industry,n,dan,singular.genitive,gadan
industry,n,dan,singular.dative,danahi
infant,n,juza,singular.nominative,juza
infant,n,juza,singular.accusative,idajuza
infant,n,juza,singular.genitive,gajuza
infant,n,juza,singular.dative,juzahi
infection,n,zumi,singular.nominative,zumi
infection,n,zumi,singular.accusative,idazumi
infection,n,zumi,singular.genitive,gazumi
infection,n,zumi,singular.dative,zumihi
inferior,adj,chashit,positive,chashit
inferior,adj,chashit,comparative,zon chashit
inferior,adj,chashit,superlative,yafuntt chashit
infinite,adj,zoyuso,positive,zoyuso
infinite,adj,zoyuso,comparative,zon zoyuso
infinite,adj,zoyuso,superlative,yafuntt zoyuso
inflict,v,tsuto,indicative.present.3sg,tsuto
inflict,v,tsuto,imperative.present.3sg,tsutoa
inflict,v,tsuto,subjunctive.present.3sg,tsutopo
inflict,v,tsuto,conditional.present.3sg,tsutod
influence,v,nizono,indicative.present.3sg,nizono
influence,v,nizono,imperative.present.3sg,nizonoa
influence,v,nizono,subjunctive.present.3sg,nizonopo
influence,v,nizono,conditional.present.3sg,nizonod
information,n,oyuema,singular.nominative,oyuema
information,n,oyuema,singular.accusative,idoyuema
information,n,oyuema,singular.genitive,goyuema
information,n,oyuema,singular.dative,oyuemahi
ingot,n,mezebaz,singular.nominative,mezebaz
ingot,n,mezebaz,singular.accusative,idamezebaz
ingot,n,mezebaz,singular.genitive,gamezebaz
ingot,n,mezebaz,singular.dative,mezebazahi
inhabit,v,soshode,indicative.present.3sg,soshode
inhabit,v,soshode,imperative.present.3sg,soshodea
inhabit,v,soshode,subjunctive.present.3sg,soshodepo
inhabit,v,soshode,conditional.present.3sg,soshoded
inhale,v,datawo,indicative.present.3sg,datawo
inhale,v,datawo,imperative.present.3sg,datawoa
inhale,v,datawo,subjunctive.present.3sg,datawopo
inhale,v,datawo,conditional.present.3sg,datawod
inherit,v,jojin,indicative.present.3sg,jojin
inherit,v,jojin,imperative.present.3sg,jojina
inherit,v,jojin,subjunctive.present.3sg,jojinapo
inherit,v,jojin,conditional.present.3sg,jojinad
inhibit,v,sezou,indicative.present.3sg,sezou
inhibit,v,sezou,imperative.present.3sg,sezoua
inhibit,v,sezou,subjunctive.present.3sg,sezoupo
inhibit,v,sezou,conditional.present.3sg,sezoud
initiation,n,poroo,singular.nominative,poroo
initiation,n,poroo,singular.accusative,idaporoo
initiation,n,poroo,singular.genitive,gaporoo
initiation,n,poroo,singular.dative,poroohi
initiative,n,pentte,singular.nominative,pentte
initiative,n,pentte,singular.accusative,idapentte
initiative,n,pentte,singular.genitive,gapentte
initiative,n,pentte,singular.dative,penttehi
inject,v,wapyada,indicative.present.3sg,wapyada
inject,v,wapyada,imperative.present.3sg,wapyada
inject,v,wapyada,subjunctive.present.3sg,wapyadapo
inject,v,wapyada,conditional.present.3sg,wapyadad
ink,n,wazoto,singular.nominative,wazoto
ink,n,wazoto,singular.accusative,idawazoto
ink,n,wazoto,singular.genitive,gawazoto
ink,n,wazoto,singular.dative,wazotohi
inkwell,n,deshuji,singular.nominative,deshuji
inkwell,n,deshuji,singular.accusative,ideshuji
inkwell,n,deshuji,singular.genitive,gadeshuji
inkwell,n,deshuji,singular.dative,deshujihi
inn,n,shihyam,singular.nominative,shihyam
inn,n,shihyam,singular.accusative,idashihyam
inn,n,shihyam,singular.genitive,gashihyam
inn,n,shihyam,singular.dative,shihyamahi
innocent,adj,zohehab,positive,zohehab
innocent,adj,zohehab,comparative,zon zohehab
innocent,adj,zohehab,superlative,yafuntt zohehab
innovate,v,noru,indicative.present.3sg,noru
innovate,v,noru,imperative.present.3sg,norua
innovate,v,noru,subjunctive.present.3sg,norupo
innovate,v,noru,conditional.present.3sg,norud
inquire,v,shida,indicative.present.3sg,shida
inquire,v,shida,imperative.present.3sg,shida
inquire,v,shida,subjunctive.present.3sg,shidapo
inquire,v,shida,conditional.present.3sg,shidad
insane,adj,tattesu,positive,tattesu
insane,adj,tattesu,comparative,zon tattesu
insane,adj,tattesu,superlative,yafuntt tattesu
insect,n,karite,singular.nominative,karite
insect,n,karite,singular.accusative,idakarite
insect,n,karite,singular.genitive,gakarite
insect,n,karite,singular.dative,karitehi
insight,n,datesem,singular.nominative,datesem
insight,n,datesem,singular.accusative,idatesem
insight,n,datesem,singular.genitive,gadatesem
insight,n,datesem,singular.dative,datesemahi
insist,v,fuzum,indicative.present.3sg,fuzum
insist,v,fuzum,imperative.present.3sg,fuzuma
insist,v,fuzum,subjunctive.present.3sg,fuzumapo
insist,v,fuzum,conditional.present.3sg,fuzumad
inspect,v,saru,indicative.present.3sg,saru
inspect,v,saru,imperative.present.3sg,sarua
inspect,v,saru,subjunctive.present.3sg,sarupo
inspect,v,saru,conditional.present.3sg,sarud
install,v,unjades,indicative.present.3sg,unjades
install,v,unjades,imperative.present.3sg,unjadesa
install,v,unjades,subjunctive.present.3sg,unjadesapo
install,v,unjades,conditional.present.3sg,unjadesad
instant,adj,dezumas,positive,dezumas
instant,adj,dezumas,comparative,zon dezumas
instant,adj,dezumas,superlative,yafuntt dezumas
instill,v,yuzo,indicative.present.3sg,yuzo
instill,v,yuzo,imperative.present.3sg,yuzoa
instill,v,yuzo,subjunctive.present.3sg,yuzopo
instill,v,yuzo,conditional.present.3sg,yuzod
institute,n,zuyo,singular.nominative,zuyo
institute,n,zuyo,singular.accusative,idazuyo
institute,n,zuyo,singular.genitive,gazuyo
institute,n,zuyo,singular.dative,zuyohi
instruct,v,dasho,indicative.present.3sg,dasho
instruct,v,dasho,imperative.present.3sg,dashoa
instruct,v,dasho,subjunctive.present.3sg,dashopo
instruct,v,dasho,conditional.present.3sg,dashod
instrument,n,jopyuzu,singular.nominative,jopyuzu
instrument,n,jopyuzu,singular.accusative,idajopyuzu
instrument,n,jopyuzu,singular.genitive,gajopyuzu
instrument,n,jopyuzu,singular.dative,jopyuzuhi
insult,v,dattema,indicative.present.3sg,dattema
insult,v,dattema,imperative.present.3sg,dattema
insult,v,dattema,subjunctive.present.3sg,dattemapo
insult,v,dattema,conditional.present.3sg,dattemad
insurance,n,ham,singular.nominative,ham
insurance,n,ham,singular.accusative,idaham
insurance,n,ham,singular.genitive,gaham
insurance,n,ham,singular.dative,hamahi
insure,v,kotoima,indicative.present.3sg,kotoima
insure,v,kotoima,imperative.present.3sg,kotoima
insure,v,kotoima,subjunctive.present.3sg,kotoimapo
insure,v,kotoima,conditional.present.3sg,kotoimad
insurgent,n,oyont,singular.nominative,oyont
insurgent,n,oyont,singular.accusative,idoyont
insurgent,n,oyont,singular.genitive,goyont
insurgent,n,oyont,singular.dative,oyontahi
integrity,n,oteroo,singular.nominative,oteroo
integrity,n,oteroo,singular.accusative,idoteroo
integrity,n,oteroo,singular.genitive,goteroo
integrity,n,oteroo,singular.dative,oteroohi
intend,v,zohamas,indicative.present.3sg,zohamas
intend,v,zohamas,imperative.present.3sg,zohamasa
intend,v,zohamas,subjunctive.present.3sg,zohamasapo
intend,v,zohamas,conditional.present.3sg,zohamasad
intense,adj,myasu,positive,myasu
intense,adj,myasu,comparative,zon myasu
intense,adj,myasu,superlative,yafuntt myasu
interact,v,yotarae,indicative.present.3sg,yotarae
interact,v,yotarae,imperative.present.3sg,yotaraea
interact,v,yotarae,subjunctive.present.3sg,yotaraepo
interact,v,yotarae,conditional.present.3sg,yotaraed
intercept,v,guji,indicative.present.3sg,guji
intercept,v,guji,imperative.present.3sg,gujia
intercept,v,guji,subjunctive.present.3sg,gujipo
intercept,v,guji,conditional.present.3sg,gujid
interest,n,nakyach,singular.nominative,nakyach
interest,n,nakyach,singular.accusative,idanakyach
interest,n,nakyach,singular.genitive,ganakyach
interest,n,nakyach,singular.dative,nakyachi
interior,n,hodamas,singular.nominative,hodamas
interior,n,hodamas,singular.accusative,idahodamas
interior,n,hodamas,singular.genitive,gahodamas
interior,n,hodamas,singular.dative,hodamasahi
internal,adj,kanarad,positive,kanarad
internal,adj,kanarad,comparative,zon kanarad
internal,adj,kanarad,superlative,yafuntt kanarad
interpret,v,kanarat,indicative.present.3sg,kanarat
interpret,v,kanarat,imperative.present.3sg,kanarata
interpret,v,kanarat,subjunctive.present.3sg,kanaratapo
interpret,v,kanarat,conditional.present.3sg,kanaratad
interrogate,v,uttasu,indicative.present.3sg,uttasu
interrogate,v,uttasu,imperative.present.3sg,uttasua
interrogate,v,uttasu,subjunctive.present.3sg,uttasupo
interrogate,v,uttasu,conditional.present.3sg,uttasud
interrupt,v,hiji,indicative.present.3sg,hiji
interrupt,v,hiji,imperative.present.3sg,hijia
interrupt,v,hiji,subjunctive.present.3sg,hijipo
interrupt,v,hiji,conditional.present.3sg,hijid
intervene,v,desonyu,indicative.present.3sg,desonyu
intervene,v,desonyu,imperative.present.3sg,desonyua
intervene,v,desonyu,subjunctive.present.3sg,desonyupo
intervene,v,desonyu,conditional.present.3sg,desonyud
intervention,n,ibyaaru,singular.nominative,ibyaaru
intervention,n,ibyaaru,singular.accusative,idibyaaru
intervention,n,ibyaaru,singular.genitive,gibyaaru
intervention,n,ibyaaru,singular.dative,ibyaaruhi
interview,n,anyogyu,singular.nominative,anyogyu
interview,n,anyogyu,singular.accusative,idanyogyu
interview,n,anyogyu,singular.genitive,ganyogyu
interview,n,anyogyu,singular.dative,anyogyuhi
intestine,n,nodo,singular.nominative,nodo
intestine,n,nodo,singular.accusative,idanodo
intestine,n,nodo,singular.genitive,ganodo
intestine,n,nodo,singular.dative,nodohi
intimate,adj,epo,positive,epo
intimate,adj,epo,comparative,zon epo
intimate,adj,epo,superlative,yafuntt epo
intimidate,v,kotayaz,indicative.present.3sg,kotayaz
intimidate,v,kotayaz,imperative.present.3sg,kotayaza
intimidate,v,kotayaz,subjunctive.present.3sg,kotayazapo
intimidate,v,kotayaz,conditional.present.3sg,kotayazad
intricate,adj,zomuhit,positive,zomuhit
intricate,adj,zomuhit,comparative,zon zomuhit
intricate,adj,zomuhit,superlative,yafuntt zomuhit
invade,v,wopie,indicative.present.3sg,wopie
invade,v,wopie,imperative.present.3sg,wopiea
invade,v,wopie,subjunctive.present.3sg,wopiepo
invade,v,wopie,conditional.present.3sg,wopied
invent,v,soonmo,indicative.present.3sg,soonmo
invent,v,soonmo,imperative.present.3sg,soonmoa
invent,v,soonmo,subjunctive.present.3sg,soonmopo
invent,v,soonmo,conditional.present.3sg,soonmod
investigate,v,toju,indicative.present.3sg,toju
investigate,v,toju,imperative.present.3sg,tojua
investigate,v,toju,subjunctive.present.3sg,tojupo
investigate,v,toju,conditional.present.3sg,tojud
investment,n,byazezu,singular.nominative,byazezu
investment,n,byazezu,singular.accusative,idabyazezu
investment,n,byazezu,singular.genitive,gabyazezu
investment,n,byazezu,singular.dative,byazezuhi
investments,n,jienrim,singular.nominative,jienrim
investments,n,jienrim,singular.accusative,idajienrim
investments,n,jienrim,singular.genitive,gajienrim
investments,n,jienrim,singular.dative,jienrimahi
investure,v,pito,indicative.present.3sg,pito
investure,v,pito,imperative.present.3sg,pitoa
investure,v,pito,subjunctive.present.3sg,pitopo
investure,v,pito,conditional.present.3sg,pitod
invisible,adj,ete,positive,ete
invisible,adj,ete,comparative,zon ete
invisible,adj,ete,superlative,yafuntt ete
invisibility,n,zopatte,singular.nominative,zopatte
invisibility,n,zopatte,singular.accusative,idazopatte
invisibility,n,zopatte,singular.genitive,gazopatte
invisibility,n,zopatte,singular.dative,zopattehi
invite,v,behebii,indicative.present.3sg,behebii
invite,v,behebii,imperative.present.3sg,behebiia
invite,v,behebii,subjunctive.present.3sg,behebiipo
invite,v,behebii,conditional.present.3sg,behebiid
invocation,n,fuzuwo,singular.nominative,fuzuwo
invocation,n,fuzuwo,singular.accusative,idafuzuwo
invocation,n,fuzuwo,singular.genitive,gafuzuwo
invocation,n,fuzuwo,singular.dative,fuzuwohi
invoke,v,shitagy,indicative.present.3sg,shitagy
invoke,v,shitagy,imperative.present.3sg,shitagya
invoke,v,shitagy,subjunctive.present.3sg,shitagyapo
invoke,v,shitagy,conditional.present.3sg,shitagyad
involve,v,naranak,indicative.present.3sg,naranak
involve,v,naranak,imperative.present.3sg,naranaka
involve,v,naranak,subjunctive.present.3sg,naranakapo
involve,v,naranak,conditional.present.3sg,naranakad
iron,n,tottema,singular.nominative,tottema
iron,n,tottema,singular.accusative,idatottema
iron,n,tottema,singular.genitive,gatottema
iron,n,tottema,singular.dative,tottemahi
irony,n,oizoma,singular.nominative,oizoma
irony,n,oizoma,singular.accusative,idoizoma
irony,n,oizoma,singular.genitive,goizoma
irony,n,oizoma,singular.dative,oizomahi
irrigate,v,abumusa,indicative.present.3sg,abumusa
irrigate,v,abumusa,imperative.present.3sg,abumusa
irrigate,v,abumusa,subjunctive.present.3sg,abumusapo
irrigate,v,abumusa,conditional.present.3sg,abumusad
is/am/to be,v,hodonob,indicative.present.3sg,hodonob
is/am/to be,v,hodonob,imperative.present.3sg,hodonoba
is/am/to be,v,hodonob,subjunctive.present.3sg,hodonobapo
is/am/to be,v,hodonob,conditional.present.3sg,hodonobad
island,n,furyatt,singular.nominative,furyatt
island,n,furyatt,singular.accusative,idafuryatt
island,n,furyatt,singular.genitive,gafuryatt
island,n,furyatt,singular.dative,furyattahi
isolate,v,deshuts,indicative.present.3sg,deshuts
isolate,v,deshuts,imperative.present.3sg,deshutsa
isolate,v,deshuts,subjunctive.present.3sg,deshutsapo
isolate,v,deshuts,conditional.present.3sg,deshutsad
issue,n,hic,singular.nominative,hic
issue,n,hic,singular.accusative,idahic
issue,n,hic,singular.genitive,gahic
issue,n,hic,singular.dative,hicahi
ivory,n,kanhyun,singular.nominative,kanhyun
ivory,n,kanhyun,singular.accusative,idakanhyun
ivory,n,kanhyun,singular.genitive,gakanhyun
ivory,n,kanhyun,singular.dative,kanhyunahi
jackal,n,zuzaa,singular.nominative,zuzaa
jackal,n,zuzaa,singular.accusative,idazuzaa
jackal,n,zuzaa,singular.genitive,gazuzaa
jackal,n,zuzaa,singular.dative,zuzaahi
jacket,n,gyushid,singular.nominative,gyushid
jacket,n,gyushid,singular.accusative,idagyushid
jacket,n,gyushid,singular.genitive,gayushid
jacket,n,gyushid,singular.dative,gyushidahi
jade,n,dessese,singular.nominative,dessese
jade,n,dessese,singular.accusative,idessese
jade,n,dessese,singular.genitive,gadessese
jade,n,dessese,singular.dative,dessesehi
jam,n,sechimi,singular.nominative,sechimi
jam,n,sechimi,singular.accusative,idasechimi
jam,n,sechimi,singular.genitive,gasechimi
jam,n,sechimi,singular.dative,sechimihi
jam,v,arepe,indicative.present.3sg,arepe
jam,v,arepe,imperative.present.3sg,arepea
jam,v,arepe,subjunctive.present.3sg,arepepo
jam,v,arepe,conditional.present.3sg,areped
jar,n,nakinga,singular.nominative,nakinga
jar,n,nakinga,singular.accusative,idanakinga
jar,n,nakinga,singular.genitive,ganakinga
jar,n,nakinga,singular.dative,nakingahi
jasmine,n,gowa,singular.nominative,gowa
jasmine,n,gowa,singular.accusative,idagowa
jasmine,n,gowa,singular.genitive,gowa
jasmine,n,gowa,singular.dative,gowahi
javelin,n,zoyote,singular.nominative,zoyote
javelin,n,zoyote,singular.accusative,idazoyote
javelin,n,zoyote,singular.genitive,gazoyote
javelin,n,zoyote,singular.dative,zoyotehi
jaw,n,oajipyu,singular.nominative,oajipyu
jaw,n,oajipyu,singular.accusative,idoajipyu
jaw,n,oajipyu,singular.genitive,goajipyu
jaw,n,oajipyu,singular.dative,oajipyuhi
jealous,adj,komasu,positive,komasu
jealous,adj,komasu,comparative,zon komasu
jealous,adj,komasu,superlative,yafuntt komasu
jelly,n,sochi,singular.nominative,sochi
jelly,n,sochi,singular.accusative,idasochi
jelly,n,sochi,singular.genitive,gasochi
jelly,n,sochi,singular.dative,sochihi
jerk,v,montape,indicative.present.3sg,montape
jerk,v,montape,imperative.present.3sg,montapea
jerk,v,montape,subjunctive.present.3sg,montapepo
jerk,v,montape,conditional.present.3sg,montaped
jewel,n,zung,singular.nominative,zung
jewel,n,zung,singular.accusative,idazung
jewel,n,zung,singular.genitive,gazung
jewel,n,zung,singular.dative,zungahi
job,n,hetaku,singular.nominative,hetaku
job,n,hetaku,singular.accusative,idahetaku
job,n,hetaku,singular.genitive,gahetaku
job,n,hetaku,singular.dative,hetakuhi
join,v,batezom,indicative.present.3sg,batezom
join,v,batezom,imperative.present.3sg,batezoma
join,v,batezom,subjunctive.present.3sg,batezomapo
join,v,batezom,conditional.present.3sg,batezomad
joint,n,dezotos,singular.nominative,dezotos
joint,n,dezotos,singular.accusative,idezotos
joint,n,dezotos,singular.genitive,gadezotos
joint,n,dezotos,singular.dative,dezotosahi
joke,n,ehode,singular.nominative,ehode
joke,n,ehode,singular.accusative,idehode
joke,n,ehode,singular.genitive,gehode
joke,n,ehode,singular.dative,ehodehi
jolly,adj,datozum,positive,datozum
jolly,adj,datozum,comparative,zon datozum
jolly,adj,datozum,superlative,yafuntt datozum
journey,n,zaazuju,singular.nominative,zaazuju
journey,n,zaazuju,singular.accusative,idazaazuju
journey,n,zaazuju,singular.genitive,gazaazuju
journey,n,zaazuju,singular.dative,zaazujuhi
journeyman,n,ifuru,singular.nominative,ifuru
journeyman,n,ifuru,singular.accusative,idifuru
journeyman,n,ifuru,singular.genitive,gifuru
journeyman,n,ifuru,singular.dative,ifuruhi
joy,n,shozuma,singular.nominative,shozuma
joy,n,shozuma,singular.accusative,idashozuma
joy,n,shozuma,singular.genitive,gashozuma
joy,n,shozuma,singular.dative,shozumahi
judge,v,kyute,indicative.present.3sg,kyute
judge,v,kyute,imperative.present.3sg,kyutea
judge,v,kyute,subjunctive.present.3sg,kyutepo
judge,v,kyute,conditional.present.3sg,kyuted
jug,n,wara,singular.nominative,wara
jug,n,wara,singular.accusative,idawara
jug,n,wara,singular.genitive,gawara
jug,n,wara,singular.dative,warahi
jump,v,hezu,indicative.present.3sg,hezu
jump,v,hezu,imperative.present.3sg,hezua
jump,v,hezu,subjunctive.present.3sg,hezupo
jump,v,hezu,conditional.present.3sg,hezud
junction,n,uruhoo,singular.nominative,uruhoo
junction,n,uruhoo,singular.accusative,iduruhoo
junction,n,uruhoo,singular.genitive,guruhoo
junction,n,uruhoo,singular.dative,uruhoohi
jungle,n,tonaii,singular.nominative,tonaii
jungle,n,tonaii,singular.accusative,idatonaii
jungle,n,tonaii,singular.genitive,gatonaii
jungle,n,tonaii,singular.dative,tonaiihi
juniper,n,sohomya,singular.nominative,sohomya
juniper,n,sohomya,singular.accusative,idasohomya
juniper,n,sohomya,singular.genitive,gasohomya
juniper,n,sohomya,singular.dative,sohomyahi
junk,n,kishoda,singular.nominative,kishoda
junk,n,kishoda,singular.accusative,idakishoda
junk,n,kishoda,singular.genitive,gakishoda
junk,n,kishoda,singular.dative,kishodahi
justice,n,hanaroo,singular.nominative,hanaroo
justice,n,hanaroo,singular.accusative,idahanaroo
justice,n,hanaroo,singular.genitive,gahanaroo
justice,n,hanaroo,singular.dative,hanaroohi
justify,v,goryom,indicative.present.3sg,goryom
justify,v,goryom,imperative.present.3sg,goryoma
justify,v,goryom,subjunctive.present.3sg,goryomapo
justify,v,goryom,conditional.present.3sg,goryomad
juvenile,adj,batarim,positive,batarim
juvenile,adj,batarim,comparative,zon batarim
juvenile,adj,batarim,superlative,yafuntt batarim
keen,adj,myochim,positive,myochim
keen,adj,myochim,comparative,zon myochim
keen,adj,myochim,superlative,yafuntt myochim
keep,v,arisu,indicative.present.3sg,arisu
keep,v,arisu,imperative.present.3sg,arisua
keep,v,arisu,subjunctive.present.3sg,arisupo
keep,v,arisu,conditional.present.3sg,arisud
kelp,n,hidowos,singular.nominative,hidowos
kelp,n,hidowos,singular.accusative,idahidowos
kelp,n,hidowos,singular.genitive,gahidowos
kelp,n,hidowos,singular.dative,hidowosahi
kerosene,n,byawo,singular.nominative,byawo
kerosene,n,byawo,singular.accusative,idabyawo
kerosene,n,byawo,singular.genitive,gabyawo
kerosene,n,byawo,singular.dative,byawohi
kettle hat,n,oheda,singular.nominative,oheda
kettle hat,n,oheda,singular.accusative,idoheda
kettle hat,n,oheda,singular.genitive,goheda
kettle hat,n,oheda,singular.dative,ohedahi
kettle,n,heono,singular.nominative,heono
kettle,n,heono,singular.accusative,idaheono
kettle,n,heono,singular.genitive,gaheono
kettle,n,heono,singular.dative,heonohi
key,n,yaze,singular.nominative,yaze
key,n,yaze,singular.accusative,idayaze
key,n,yaze,singular.genitive,gayaze
key,n,yaze,singular.dative,yazehi
kick,v,zuja,indicative.present.3sg,zuja
kick,v,zuja,imperative.present.3sg,zuja
kick,v,zuja,subjunctive.present.3sg,zujapo
kick,v,zuja,conditional.present.3sg,zujad
kid,n,wattari,singular.nominative,wattari
kid,n,wattari,singular.accusative,idawattari
kid,n,wattari,singular.genitive,gawattari
kid,n,wattari,singular.dative,wattarihi
kidnap,v,arumyuz,indicative.present.3sg,arumyuz
kidnap,v,arumyuz,imperative.present.3sg,arumyuza
kidnap,v,arumyuz,subjunctive.present.3sg,arumyuzapo
kidnap,v,arumyuz,conditional.present.3sg,arumyuzad
kidney,n,hebyani,singular.nominative,hebyani
kidney,n,hebyani,singular.accusative,idahebyani
kidney,n,hebyani,singular.genitive,gahebyani
kidney,n,hebyani,singular.dative,hebyanihi
kill,v,nemasu,indicative.present.3sg,nemasu
kill,v,nemasu,imperative.present.3sg,nemasua
kill,v,nemasu,subjunctive.present.3sg,nemasupo
kill,v,nemasu,conditional.present.3sg,nemasud
kin,n,janhyop,singular.nominative,janhyop
kin,n,janhyop,singular.accusative,idajanhyop
kin,n,janhyop,singular.genitive,gajanhyop
kin,n,janhyop,singular.dative,janhyopahi
kind,n,natta,singular.nominative,natta
kind,n,natta,singular.accusative,idanatta
kind,n,natta,singular.genitive,ganatta
kind,n,natta,singular.dative,nattahi
king,n,zugyuma,singular.nominative,zugyuma
king,n,zugyuma,singular.accusative,idazugyuma
king,n,zugyuma,singular.genitive,gazugyuma
king,n,zugyuma,singular.dative,zugyumahi
kink (sharp twist),n,shimyos,singular.nominative,shimyos
kink (sharp twist),n,shimyos,singular.accusative,idashimyos
kink (sharp twist),n,shimyos,singular.genitive,gashimyos
kink (sharp twist),n,shimyos,singular.dative,shimyosahi
kiosk,n,byumasu,singular.nominative,byumasu
kiosk,n,byumasu,singular.accusative,idabyumasu
kiosk,n,byumasu,singular.genitive,gabyumasu
kiosk,n,byumasu,singular.dative,byumasuhi
kiss,v,zezun,indicative.present.3sg,zezun
kiss,v,zezun,imperative.present.3sg,zezuna
kiss,v,zezun,subjunctive.present.3sg,zezunapo
kiss,v,zezun,conditional.present.3sg,zezunad
kit,n,sukya,singular.nominative,sukya
kit,n,sukya,singular.accusative,idasukya
kit,n,sukya,singular.genitive,gasukya
kit,n,sukya,singular.dative,sukyahi
kitchen,n,dezoho,singular.nominative,dezoho
kitchen,n,dezoho,singular.accusative,idezoho
kitchen,n,dezoho,singular.genitive,gadezoho
kitchen,n,dezoho,singular.dative,dezohohi
kite,n,ogyoa,singular.nominative,ogyoa
kite,n,ogyoa,singular.accusative,idogyoa
kite,n,ogyoa,singular.genitive,gogyoa
kite,n,ogyoa,singular.dative,ogyoahi
knee,n,gyanhyo,singular.nominative,gyanhyo
knee,n,gyanhyo,singular.accusative,idagyanhyo
knee,n,gyanhyo,singular.genitive,gayanhyo
knee,n,gyanhyo,singular.dative,gyanhyohi
knife,n,aranchi,singular.nominative,aranchi
knife,n,aranchi,singular.accusative,idaranchi
knife,n,aranchi,singular.genitive,garanchi
knife,n,aranchi,singular.dative,aranchihi
knight,n,hene,singular.nominative,hene
knight,n,hene,singular.accusative,idahene
knight,n,hene,singular.genitive,gahene
knight,n,hene,singular.dative,henehi
knob,n,myotte,singular.nominative,myotte
knob,n,myotte,singular.accusative,idamyotte
knob,n,myotte,singular.genitive,gamyotte
knob,n,myotte,singular.dative,myottehi
knock,v,bozuta,indicative.present.3sg,bozuta
knock,v,bozuta,imperative.present.3sg,bozuta
knock,v,bozuta,subjunctive.present.3sg,bozutapo
knock,v,bozuta,conditional.present.3sg,bozutad
knot,n,zuru,singular.nominative,zuru
knot,n,zuru,singular.accusative,idazuru
knot,n,zuru,singular.genitive,gazuru
knot,n,zuru,singular.dative,zuruhi
know,v,chimasu,indicative.present.3sg,chimasu
know,v,chimasu,imperative.present.3sg,chimasua
know,v,chimasu,subjunctive.present.3sg,chimasupo
know,v,chimasu,conditional.present.3sg,chimasud
label,n,gyuru,singular.nominative,gyuru
label,n,gyuru,singular.accusative,idagyuru
label,n,gyuru,singular.genitive,gayuru
label,n,gyuru,singular.dative,gyuruhi
laboratory,n,doe,singular.nominative,doe
laboratory,n,doe,singular.accusative,idoe
laboratory,n,doe,singular.genitive,gadoe
laboratory,n,doe,singular.dative,doehi
lace,n,zito,singular.nominative,zito
lace,n,zito,singular.accusative,idazito
lace,n,zito,singular.genitive,gazito
lace,n,zito,singular.dative,zitohi
ladder,n,chite,singular.nominative,chite
ladder,n,chite,singular.accusative,idachite
ladder,n,chite,singular.genitive,gachite
ladder,n,chite,singular.dative,chitehi
ladle,n,bofuhiz,singular.nominative,bofuhiz
ladle,n,bofuhiz,singular.accusative,idabofuhiz
ladle,n,bofuhiz,singular.genitive,gabofuhiz
ladle,n,bofuhiz,singular.dative,bofuhizahi
lake,n,deshach,singular.nominative,deshach
lake,n,deshach,singular.accusative,ideshach
lake,n,deshach,singular.genitive,gadeshach
lake,n,deshach,singular.dative,deshachi
lamb,n,shawo,singular.nominative,shawo
lamb,n,shawo,singular.accusative,idashawo
lamb,n,shawo,singular.genitive,gashawo
lamb,n,shawo,singular.dative,shawohi
lament,v,hezuyuz,indicative.present.3sg,hezuyuz
lament,v,hezuyuz,imperative.present.3sg,hezuyuza
lament,v,hezuyuz,subjunctive.present.3sg,hezuyuzapo
lament,v,hezuyuz,conditional.present.3sg,hezuyuzad
lamp,n,antanai,singular.nominative,antanai
lamp,n,antanai,singular.accusative,idantanai
lamp,n,antanai,singular.genitive,gantanai
lamp,n,antanai,singular.dative,antanaihi
lance,n,obita,singular.nominative,obita
lance,n,obita,singular.accusative,idobita
lance,n,obita,singular.genitive,gobita
lance,n,obita,singular.dative,obitahi
land,n,hennatt,singular.nominative,hennatt
land,n,hennatt,singular.accusative,idahennatt
land,n,hennatt,singular.genitive,gahennatt
land,n,hennatt,singular.dative,hennattahi
landlord,n,zuchibu,singular.nominative,zuchibu
landlord,n,zuchibu,singular.accusative,idazuchibu
landlord,n,zuchibu,singular.genitive,gazuchibu
landlord,n,zuchibu,singular.dative,zuchibuhi
landscape,n,defuhoh,singular.nominative,defuhoh
landscape,n,defuhoh,singular.accusative,idefuhoh
landscape,n,defuhoh,singular.genitive,gadefuhoh
landscape,n,defuhoh,singular.dative,defuhohi
language,n,bozu,singular.nominative,bozu
language,n,bozu,singular.accusative,idabozu
language,n,bozu,singular.genitive,gabozu
language,n,bozu,singular.dative,bozuhi
lantern oil,n,secho,singular.nominative,secho
lantern oil,n,secho,singular.accusative,idasecho
lantern oil,n,secho,singular.genitive,gasecho
lantern oil,n,secho,singular.dative,sechohi
lantern,n,doshari,singular.nominative,doshari
lantern,n,doshari,singular.accusative,idoshari
lantern,n,doshari,singular.genitive,gadoshari
lantern,n,doshari,singular.dative,dosharihi
larch,n,ajiyu,singular.nominative,ajiyu
larch,n,ajiyu,singular.accusative,idajiyu
larch,n,ajiyu,singular.genitive,gajiyu
larch,n,ajiyu,singular.dative,ajiyuhi
lard,n,ohesu,singular.nominative,ohesu
lard,n,ohesu,singular.accusative,idohesu
lard,n,ohesu,singular.genitive,gohesu
lard,n,ohesu,singular.dative,ohesuhi
large,adj,caesu,positive,caesu
large,adj,caesu,comparative,zon caesu
large,adj,caesu,superlative,yafuntt caesu
lasso,n,nyoto,singular.nominative,nyoto
lasso,n,nyoto,singular.accusative,idanyoto
lasso,n,nyoto,singular.genitive,ganyoto
lasso,n,nyoto,singular.dative,nyotohi
last (final),adj,wata,positive,wata
last (final),adj,wata,comparative,zon wata
last (final),adj,wata,superlative,yafuntt wata
last (previous),adj,miru,positive,miru
last (previous),adj,miru,comparative,zon miru
last (previous),adj,miru,superlative,yafuntt miru
last,v,bilishi,indicative.present.3sg,bilishi
last,v,bilishi,imperative.present.3sg,bilishia
last,v,bilishi,subjunctive.present.3sg,bilishipo
last,v,bilishi,conditional.present.3sg,bilishid
late,adj,jiwo,positive,jiwo
late,adj,jiwo,comparative,zon jiwo
late,adj,jiwo,superlative,yafuntt jiwo
laugh,v,noechit,indicative.present.3sg,noechit
laugh,v,noechit,imperative.present.3sg,noechita
laugh,v,noechit,subjunctive.present.3sg,noechitapo
laugh,v,noechit,conditional.present.3sg,noechitad
laundry,n,sojidab,singular.nominative,sojidab
laundry,n,sojidab,singular.accusative,idasojidab
laundry,n,sojidab,singular.genitive,gasojidab
laundry,n,sojidab,singular.dative,sojidabahi
lava,n,wamashi,singular.nominative,wamashi
lava,n,wamashi,singular.accusative,idawamashi
lava,n,wamashi,singular.genitive,gawamashi
lava,n,wamashi,singular.dative,wamashihi
lavender,n,xiantar,singular.nominative,xiantar
lavender,n,xiantar,singular.accusative,idaxiantar
lavender,n,xiantar,singular.genitive,gaxiantar
lavender,n,xiantar,singular.dative,xiantarahi
law,n,deto,singular.nominative,deto
law,n,deto,singular.accusative,ideto
law,n,deto,singular.genitive,gadeto
law,n,deto,singular.dative,detohi
lay,v,jupyo,indicative.present.3sg,jupyo
lay,v,jupyo,imperative.present.3sg,jupyoa
lay,v,jupyo,subjunctive.present.3sg,jupyopo
lay,v,jupyo,conditional.present.3sg,jupyod
layer,v,ning,indicative.present.3sg,ning
layer,v,ning,imperative.present.3sg,ninga
layer,v,ning,subjunctive.present.3sg,ningapo
layer,v,ning,conditional.present.3sg,ningad
layout,n,yomasu,singular.nominative,yomasu
layout,n,yomasu,singular.accusative,idayomasu
layout,n,yomasu,singular.genitive,gayomasu
layout,n,yomasu,singular.dative,yomasuhi
lazy,adj,zete,positive,zete
lazy,adj,zete,comparative,zon zete
lazy,adj,zete,superlative,yafuntt zete
lead (soft metal),n,ada,singular.nominative,ada
lead (soft metal),n,ada,singular.accusative,idada
lead (soft metal),n,ada,singular.genitive,gada
lead (soft metal),n,ada,singular.dative,adahi
lead,v,daiwo,indicative.present.3sg,daiwo
lead,v,daiwo,imperative.present.3sg,daiwoa
lead,v,daiwo,subjunctive.present.3sg,daiwopo
lead,v,daiwo,conditional.present.3sg,daiwod
leaf,n,nakanem,singular.nominative,nakanem
leaf,n,nakanem,singular.accusative,idanakanem
leaf,n,nakanem,singular.genitive,ganakanem
leaf,n,nakanem,singular.dative,nakanemahi
leak,v,zeroku,indicative.present.3sg,zeroku
leak,v,zeroku,imperative.present.3sg,zerokua
leak,v,zeroku,subjunctive.present.3sg,zerokupo
leak,v,zeroku,conditional.present.3sg,zerokud
lean,v,ryou,indicative.present.3sg,ryou
lean,v,ryou,imperative.present.3sg,ryoua
lean,v,ryou,subjunctive.present.3sg,ryoupo
lean,v,ryou,conditional.present.3sg,ryoud
leap,v,anono,indicative.present.3sg,anono
leap,v,anono,imperative.present.3sg,anonoa
leap,v,anono,subjunctive.present.3sg,anonopo
leap,v,anono,conditional.present.3sg,anonod
learn,v,chodara,indicative.present.3sg,chodara
learn,v,chodara,imperative.present.3sg,chodara
learn,v,chodara,subjunctive.present.3sg,chodarapo
learn,v,chodara,conditional.present.3sg,chodarad
lease,n,seamasu,singular.nominative,seamasu
lease,n,seamasu,singular.accusative,idaseamasu
lease,n,seamasu,singular.genitive,gaseamasu
lease,n,seamasu,singular.dative,seamasuhi
leather,n,baripio,singular.nominative,baripio
leather,n,baripio,singular.accusative,idabaripio
leather,n,baripio,singular.genitive,gabaripio
leather,n,baripio,singular.dative,baripiohi
leave,v,somasu,indicative.present.3sg,somasu
leave,v,somasu,imperative.present.3sg,somasua
leave,v,somasu,subjunctive.present.3sg,somasupo
leave,v,somasu,conditional.present.3sg,somasud
lecture,n,adan,singular.nominative,adan
lecture,n,adan,singular.accusative,idadan
lecture,n,adan,singular.genitive,gadan
lecture,n,adan,singular.dative,adanahi
leech,n,ryosomm,singular.nominative,ryosomm
leech,n,ryosomm,singular.accusative,idaryosomm
leech,n,ryosomm,singular.genitive,garyosomm
leech,n,ryosomm,singular.dative,ryosommahi
left,adj,myauhon,positive,myauhon
left,adj,myauhon,comparative,zon myauhon
left,adj,myauhon,superlative,yafuntt myauhon
leg,n,hikinar,singular.nominative,hikinar
leg,n,hikinar,singular.accusative,idahikinar
leg,n,hikinar,singular.genitive,gahikinar
leg,n,hikinar,singular.dative,hikinarahi
legend,n,deshiyo,singular.nominative,deshiyo
legend,n,deshiyo,singular.accusative,ideshiyo
legend,n,deshiyo,singular.genitive,gadeshiyo
legend,n,deshiyo,singular.dative,deshiyohi
leggings,n,shomasu,singular.nominative,shomasu
leggings,n,shomasu,singular.accusative,idashomasu
leggings,n,shomasu,singular.genitive,gashomasu
leggings,n,shomasu,singular.dative,shomasuhi
leisure,n,wojimas,singular.nominative,wojimas
leisure,n,wojimas,singular.accusative,idawojimas
leisure,n,wojimas,singular.genitive,gawojimas
leisure,n,wojimas,singular.dative,wojimasahi
lemon,n,ijide,singular.nominative,ijide
lemon,n,ijide,singular.accusative,idijide
lemon,n,ijide,singular.genitive,gijide
lemon,n,ijide,singular.dative,ijidehi
lend,v,oumasu,indicative.present.3sg,oumasu
lend,v,oumasu,imperative.present.3sg,oumasua
lend,v,oumasu,subjunctive.present.3sg,oumasupo
lend,v,oumasu,conditional.present.3sg,oumasud
lens,n,seato,singular.nominative,seato
lens,n,seato,singular.accusative,idaseato
lens,n,seato,singular.genitive,gaseato
lens,n,seato,singular.dative,seatohi
lentil,n,desukin,singular.nominative,desukin
lentil,n,desukin,singular.accusative,idesukin
lentil,n,desukin,singular.genitive,gadesukin
lentil,n,desukin,singular.dative,desukinahi
leopard,n,heyanyo,singular.nominative,heyanyo
leopard,n,heyanyo,singular.accusative,idaheyanyo
leopard,n,heyanyo,singular.genitive,gaheyanyo
leopard,n,heyanyo,singular.dative,heyanyohi
lesbian,n,imasi,singular.nominative,imasi
lesbian,n,imasi,singular.accusative,idimasi
lesbian,n,imasi,singular.genitive,gimasi
lesbian,n,imasi,singular.dative,imasihi
lesser,adj,zuwokin,positive,zuwokin
lesser,adj,zuwokin,comparative,zon zuwokin
lesser,adj,zuwokin,superlative,yafuntt zuwokin
lesson,n,oyara,singular.nominative,oyara
lesson,n,oyara,singular.accusative,idoyara
lesson,n,oyara,singular.genitive,goyara
lesson,n,oyara,singular.dative,oyarahi
let,v,chitesu,indicative.present.3sg,chitesu
let,v,chitesu,imperative.present.3sg,chitesua
let,v,chitesu,subjunctive.present.3sg,chitesupo
let,v,chitesu,conditional.present.3sg,chitesud
lethal,adj,watteru,positive,watteru
lethal,adj,watteru,comparative,zon watteru
lethal,adj,watteru,superlative,yafuntt watteru
letter,n,semizor,singular.nominative,semizor
letter,n,semizor,singular.accusative,idasemizor
letter,n,semizor,singular.genitive,gasemizor
letter,n,semizor,singular.dative,semizorahi
lettuce,n,nakyatt,singular.nominative,nakyatt
lettuce,n,nakyatt,singular.accusative,idanakyatt
lettuce,n,nakyatt,singular.genitive,ganakyatt
lettuce,n,nakyatt,singular.dative,nakyattahi
level,n,renakif,singular.nominative,renakif
level,n,renakif,singular.accusative,idarenakif
level,n,renakif,singular.genitive,garenakif
level,n,renakif,singular.dative,renakifahi
lever,n,hisoshi,singular.nominative,hisoshi
lever,n,hisoshi,singular.accusative,idahisoshi
lever,n,hisoshi,singular.genitive,gahisoshi
lever,n,hisoshi,singular.dative,hisoshihi
leverage,n,anshiyo,singular.nominative,anshiyo
leverage,n,anshiyo,singular.accusative,idanshiyo
leverage,n,anshiyo,singular.genitive,ganshiyo
leverage,n,anshiyo,singular.dative,anshiyohi
levitate,v,tokutta,indicative.present.3sg,tokutta
levitate,v,tokutta,imperative.present.3sg,tokutta
levitate,v,tokutta,subjunctive.present.3sg,tokuttapo
levitate,v,tokutta,conditional.present.3sg,tokuttad
levitation,n,eyuhech,singular.nominative,eyuhech
levitation,n,eyuhech,singular.accusative,ideyuhech
levitation,n,eyuhech,singular.genitive,geyuhech
levitation,n,eyuhech,singular.dative,eyuhechi
liberate,v,attasu,indicative.present.3sg,attasu
liberate,v,attasu,imperative.present.3sg,attasua
liberate,v,attasu,subjunctive.present.3sg,attasupo
liberate,v,attasu,conditional.present.3sg,attasud
liberty,n,nakan,singular.nominative,nakan
liberty,n,nakan,singular.accusative,idanakan
liberty,n,nakan,singular.genitive,ganakan
liberty,n,nakan,singular.dative,nakanahi
library,n,gozuu,singular.nominative,gozuu
library,n,gozuu,singular.accusative,idagozuu
library,n,gozuu,singular.genitive,gozuu
library,n,gozuu,singular.dative,gozuuhi
license,n,tojiru,singular.nominative,tojiru
license,n,tojiru,singular.accusative,idatojiru
license,n,tojiru,singular.genitive,gatojiru
license,n,tojiru,singular.dative,tojiruhi
lich,n,beshinb,singular.nominative,beshinb
lich,n,beshinb,singular.accusative,idabeshinb
lich,n,beshinb,singular.genitive,gabeshinb
lich,n,beshinb,singular.dative,beshinbahi
lichen,n,gennari,singular.nominative,gennari
lichen,n,gennari,singular.accusative,idagennari
lichen,n,gennari,singular.genitive,gennari
lichen,n,gennari,singular.dative,gennarihi
lick,v,prattej,indicative.present.3sg,prattej
lick,v,prattej,imperative.present.3sg,pratteja
lick,v,prattej,subjunctive.present.3sg,prattejapo
lick,v,prattej,conditional.present.3sg,prattejad
lie,v,anarank,indicative.present.3sg,anarank
lie,v,anarank,imperative.present.3sg,anaranka
lie,v,anarank,subjunctive.present.3sg,anarankapo
lie,v,anarank,conditional.present.3sg,anarankad
life,n,zakiwo,singular.nominative,zakiwo
life,n,zakiwo,singular.accusative,idazakiwo
life,n,zakiwo,singular.genitive,gazakiwo
life,n,zakiwo,singular.dative,zakiwohi
lift,v,ijireda,indicative.present.3sg,ijireda
lift,v,ijireda,imperative.present.3sg,ijireda
lift,v,ijireda,subjunctive.present.3sg,ijiredapo
lift,v,ijireda,conditional.present.3sg,ijiredad
light (weight),adj,homashi,positive,homashi
light (weight),adj,homashi,comparative,zon homashi
light (weight),adj,homashi,superlative,yafuntt homashi
light,n,goechi,singular.nominative,goechi
light,n,goechi,singular.accusative,idagoechi
light,n,goechi,singular.genitive,goechi
light,n,goechi,singular.dative,goechihi
light,v,gushats,indicative.present.3sg,gushats
light,v,gushats,imperative.present.3sg,gushatsa
light,v,gushats,subjunctive.present.3sg,gushatsapo
light,v,gushats,conditional.present.3sg,gushatsad
lightning,n,wayuto,singular.nominative,wayuto
lightning,n,wayuto,singular.accusative,idawayuto
lightning,n,wayuto,singular.genitive,gawayuto
lightning,n,wayuto,singular.dative,wayutohi
like,v,buhemas,indicative.present.3sg,buhemas
like,v,buhemas,imperative.present.3sg,buhemasa
like,v,buhemas,subjunctive.present.3sg,buhemasapo
like,v,buhemas,conditional.present.3sg,buhemasad
likely,adj,putte,positive,putte
likely,adj,putte,comparative,zon putte
likely,adj,putte,superlative,yafuntt putte
lime,n,rae,singular.nominative,rae
lime,n,rae,singular.accusative,idarae
lime,n,rae,singular.genitive,garae
lime,n,rae,singular.dative,raehi
limestone,n,denai,singular.nominative,denai
limestone,n,denai,singular.accusative,idenai
limestone,n,denai,singular.genitive,gadenai
limestone,n,denai,singular.dative,denaihi
limit,n,nyumasu,singular.nominative,nyumasu
limit,n,nyumasu,singular.accusative,idanyumasu
limit,n,nyumasu,singular.genitive,ganyumasu
limit,n,nyumasu,singular.dative,nyumasuhi
limited,adj,kottavi,positive,kottavi
limited,adj,kottavi,comparative,zon kottavi
limited,adj,kottavi,superlative,yafuntt kottavi
limp,v,nupe,indicative.present.3sg,nupe
limp,v,nupe,imperative.present.3sg,nupea
limp,v,nupe,subjunctive.present.3sg,nupepo
limp,v,nupe,conditional.present.3sg,nuped
line,n,upya,singular.nominative,upya
line,n,upya,singular.accusative,idupya
line,n,upya,singular.genitive,gupya
line,n,upya,singular.dative,upyahi
linen,n,ude,singular.nominative,ude
linen,n,ude,singular.accusative,idude
linen,n,ude,singular.genitive,gude
linen,n,ude,singular.dative,udehi
linger,v,yomono,indicative.present.3sg,yomono
linger,v,yomono,imperative.present.3sg,yomonoa
linger,v,yomono,subjunctive.present.3sg,yomonopo
linger,v,yomono,conditional.present.3sg,yomonod
linguistics,n,exaguma,singular.nominative,exaguma
linguistics,n,exaguma,singular.accusative,idexaguma
linguistics,n,exaguma,singular.genitive,gexaguma
linguistics,n,exaguma,singular.dative,exagumahi
link,n,omarima,singular.nominative,omarima
link,n,omarima,singular.accusative,idomarima
link,n,omarima,singular.genitive,gomarima
link,n,omarima,singular.dative,omarimahi
lion,n,icipyu,singular.nominative,icipyu
lion,n,icipyu,singular.accusative,idicipyu
lion,n,icipyu,singular.genitive,gicipyu
lion,n,icipyu,singular.dative,icipyuhi
lip,n,hyuda,singular.nominative,hyuda
lip,n,hyuda,singular.accusative,idahyuda
lip,n,hyuda,singular.genitive,gahyuda
lip,n,hyuda,singular.dative,hyudahi
lipstick,n,nakidit,singular.nominative,nakidit
lipstick,n,nakidit,singular.accusative,idanakidit
lipstick,n,nakidit,singular.genitive,ganakidit
lipstick,n,nakidit,singular.dative,nakiditahi
liquid,n,ochory,singular.nominative,ochory
liquid,n,ochory,singular.accusative,idochory
liquid,n,ochory,singular.genitive,gochory
liquid,n,ochory,singular.dative,ochoryahi
liquor,n,veru,singular.nominative,veru
liquor,n,veru,singular.accusative,idaveru
liquor,n,veru,singular.genitive,gaveru
liquor,n,veru,singular.dative,veruhi
list,n,zeshi,singular.nominative,zeshi
list,n,zeshi,singular.accusative,idazeshi
list,n,zeshi,singular.genitive,gazeshi
list,n,zeshi,singular.dative,zeshihi
listen,v,yuoruhy,indicative.present.3sg,yuoruhy
listen,v,yuoruhy,imperative.present.3sg,yuoruhya
listen,v,yuoruhy,subjunctive.present.3sg,yuoruhyapo
listen,v,yuoruhy,conditional.present.3sg,yuoruhyad
litany,n,myozohe,singular.nominative,myozohe
litany,n,myozohe,singular.accusative,idamyozohe
litany,n,myozohe,singular.genitive,gamyozohe
litany,n,myozohe,singular.dative,myozohehi
literature,n,naryayu,singular.nominative,naryayu
literature,n,naryayu,singular.accusative,idanaryayu
literature,n,naryayu,singular.genitive,ganaryayu
literature,n,naryayu,singular.dative,naryayuhi
litigation,n,kariima,singular.nominative,kariima
litigation,n,kariima,singular.accusative,idakariima
litigation,n,kariima,singular.genitive,gakariima
litigation,n,kariima,singular.dative,kariimahi
little,adj,shu,positive,shu
little,adj,shu,comparative,zon shu
little,adj,shu,superlative,yafuntt shu
live,adj,wataher,positive,wataher
live,adj,wataher,comparative,zon wataher
live,adj,wataher,superlative,yafuntt wataher
live,v,mochita,indicative.present.3sg,mochita
live,v,mochita,imperative.present.3sg,mochita
live,v,mochita,subjunctive.present.3sg,mochitapo
live,v,mochita,conditional.present.3sg,mochitad
liver,n,nakudat,singular.nominative,nakudat
liver,n,nakudat,singular.accusative,idanakudat
liver,n,nakudat,singular.genitive,ganakudat
liver,n,nakudat,singular.dative,nakudatahi
livery,n,habyo,singular.nominative,habyo
livery,n,habyo,singular.accusative,idahabyo
livery,n,habyo,singular.genitive,gahabyo
livery,n,habyo,singular.dative,habyohi
livestock,n,hyuze,singular.nominative,hyuze
livestock,n,hyuze,singular.accusative,idahyuze
livestock,n,hyuze,singular.genitive,gahyuze
livestock,n,hyuze,singular.dative,hyuzehi
lizard,n,conarod,singular.nominative,conarod
lizard,n,conarod,singular.accusative,idaconarod
lizard,n,conarod,singular.genitive,gaconarod
lizard,n,conarod,singular.dative,conarodahi
loaf,n,kyahewo,singular.nominative,kyahewo
loaf,n,kyahewo,singular.accusative,idakyahewo
loaf,n,kyahewo,singular.genitive,gakyahewo
loaf,n,kyahewo,singular.dative,kyahewohi
lobby,n,kyatta,singular.nominative,kyatta
lobby,n,kyatta,singular.accusative,idakyatta
lobby,n,kyatta,singular.genitive,gakyatta
lobby,n,kyatta,singular.dative,kyattahi
lobster,n,ryaroo,singular.nominative,ryaroo
lobster,n,ryaroo,singular.accusative,idaryaroo
lobster,n,ryaroo,singular.genitive,garyaroo
lobster,n,ryaroo,singular.dative,ryaroohi
local,adj,dajii,positive,dajii
local,adj,dajii,comparative,zon dajii
local,adj,dajii,superlative,yafuntt dajii
location,n,nyusemu,singular.nominative,nyusemu
location,n,nyusemu,singular.accusative,idanyusemu
location,n,nyusemu,singular.genitive,ganyusemu
location,n,nyusemu,singular.dative,nyusemuhi
lock-box,n,yokunta,singular.nominative,yokunta
lock-box,n,yokunta,singular.accusative,idayokunta
lock-box,n,yokunta,singular.genitive,gayokunta
lock-box,n,yokunta,singular.dative,yokuntahi
lock,n,hatacho,singular.nominative,hatacho
lock,n,hatacho,singular.accusative,idahatacho
lock,n,hatacho,singular.genitive,gahatacho
lock,n,hatacho,singular.dative,hatachohi
locker,n,uhezenr,singular.nominative,uhezenr
locker,n,uhezenr,singular.accusative,iduhezenr
locker,n,uhezenr,singular.genitive,guhezenr
locker,n,uhezenr,singular.dative,uhezenrahi
lockpick,n,naruru,singular.nominative,naruru
lockpick,n,naruru,singular.accusative,idanaruru
lockpick,n,naruru,singular.genitive,ganaruru
lockpick,n,naruru,singular.dative,naruruhi
lodge,n,jimaser,singular.nominative,jimaser
lodge,n,jimaser,singular.accusative,idajimaser
lodge,n,jimaser,singular.genitive,gajimaser
lodge,n,jimaser,singular.dative,jimaserahi
logic,n,kottari,singular.nominative,kottari
logic,n,kottari,singular.accusative,idakottari
logic,n,kottari,singular.genitive,gakottari
logic,n,kottari,singular.dative,kottarihi
logo,n,inata,singular.nominative,inata
logo,n,inata,singular.accusative,idinata
logo,n,inata,singular.genitive,ginata
logo,n,inata,singular.dative,inatahi
loin,n,osuhes,singular.nominative,osuhes
loin,n,osuhes,singular.accusative,idosuhes
loin,n,osuhes,singular.genitive,gosuhes
loin,n,osuhes,singular.dative,osuhesahi
lone,adj,huatama,positive,huatama
lone,adj,huatama,comparative,zon huatama
lone,adj,huatama,superlative,yafuntt huatama
long (want for),v,kidayam,indicative.present.3sg,kidayam
long (want for),v,kidayam,imperative.present.3sg,kidayama
long (want for),v,kidayam,subjunctive.present.3sg,kidayamapo
long (want for),v,kidayam,conditional.present.3sg,kidayamad
long,adj,zosa,positive,zosa
long,adj,zosa,comparative,zon zosa
long,adj,zosa,superlative,yafuntt zosa
longboat,n,buja,singular.nominative,buja
longboat,n,buja,singular.accusative,idabuja
longboat,n,buja,singular.genitive,gabuja
longboat,n,buja,singular.dative,bujahi
longbow,n,churu,singular.nominative,churu
longbow,n,churu,singular.accusative,idachuru
longbow,n,churu,singular.genitive,gachuru
longbow,n,churu,singular.dative,churuhi
look (appearance),n,karanyu,singular.nominative,karanyu
look (appearance),n,karanyu,singular.accusative,idakaranyu
look (appearance),n,karanyu,singular.genitive,gakaranyu
look (appearance),n,karanyu,singular.dative,karanyuhi
look,v,damasuj,indicative.present.3sg,damasuj
look,v,damasuj,imperative.present.3sg,damasuja
look,v,damasuj,subjunctive.present.3sg,damasujapo
look,v,damasuj,conditional.present.3sg,damasujad
loom,n,aruhohy,singular.nominative,aruhohy
loom,n,aruhohy,singular.accusative,idaruhohy
loom,n,aruhohy,singular.genitive,garuhohy
loom,n,aruhohy,singular.dative,aruhohyahi
loom,v,ryasu,indicative.present.3sg,ryasu
loom,v,ryasu,imperative.present.3sg,ryasua
loom,v,ryasu,subjunctive.present.3sg,ryasupo
loom,v,ryasu,conditional.present.3sg,ryasud
loop,n,kotogyo,singular.nominative,kotogyo
loop,n,kotogyo,singular.accusative,idakotogyo
loop,n,kotogyo,singular.genitive,gakotogyo
loop,n,kotogyo,singular.dative,kotogyohi
loose,adj,karanpu,positive,karanpu
loose,adj,karanpu,comparative,zon karanpu
loose,adj,karanpu,superlative,yafuntt karanpu
lord,n,gohoto,singular.nominative,gohoto
lord,n,gohoto,singular.accusative,idagohoto
lord,n,gohoto,singular.genitive,gohoto
lord,n,gohoto,singular.dative,gohotohi
lore,n,ojizu,singular.nominative,ojizu
lore,n,ojizu,singular.accusative,idojizu
lore,n,ojizu,singular.genitive,gojizu
lore,n,ojizu,singular.dative,ojizuhi
lose,v,nakizer,indicative.present.3sg,nakizer
lose,v,nakizer,imperative.present.3sg,nakizera
lose,v,nakizer,subjunctive.present.3sg,nakizerapo
lose,v,nakizer,conditional.present.3sg,nakizerad
loser,n,musha,singular.nominative,musha
loser,n,musha,singular.accusative,idamusha
loser,n,musha,singular.genitive,gamusha
loser,n,musha,singular.dative,mushahi
lot,n,zakesog,singular.nominative,zakesog
lot,n,zakesog,singular.accusative,idazakesog
lot,n,zakesog,singular.genitive,gazakesog
lot,n,zakesog,singular.dative,zakesogahi
lottery,n,suru,singular.nominative,suru
lottery,n,suru,singular.accusative,idasuru
lottery,n,suru,singular.genitive,gasuru
lottery,n,suru,singular.dative,suruhi
lotus,n,karisej,singular.nominative,karisej
lotus,n,karisej,singular.accusative,idakarisej
lotus,n,karisej,singular.genitive,gakarisej
lotus,n,karisej,singular.dative,karisejahi
loud,adj,zutta,positive,zutta
loud,adj,zutta,comparative,zon zutta
loud,adj,zutta,superlative,yafuntt zutta
lounge,n,dezuru,singular.nominative,dezuru
lounge,n,dezuru,singular.accusative,idezuru
lounge,n,dezuru,singular.genitive,gadezuru
lounge,n,dezuru,singular.dative,dezuruhi
louse,n,dayo,singular.nominative,dayo
louse,n,dayo,singular.accusative,idayo
louse,n,dayo,singular.genitive,gadayo
louse,n,dayo,singular.dative,dayohi
love,v,gyusebi,indicative.present.3sg,gyusebi
love,v,gyusebi,imperative.present.3sg,gyusebia
love,v,gyusebi,subjunctive.present.3sg,gyusebipo
love,v,gyusebi,conditional.present.3sg,gyusebid
lovely,adj,sen,positive,sen
lovely,adj,sen,comparative,zon sen
lovely,adj,sen,superlative,yafuntt sen
low,adj,proo,positive,proo
low,adj,proo,comparative,zon proo
low,adj,proo,superlative,yafuntt proo
lower class,n,danta,singular.nominative,danta
lower class,n,danta,singular.accusative,idanta
lower class,n,danta,singular.genitive,gadanta
lower class,n,danta,singular.dative,dantahi
loyal,adj,hinaiyu,positive,hinaiyu
loyal,adj,hinaiyu,comparative,zon hinaiyu
loyal,adj,hinaiyu,superlative,yafuntt hinaiyu
luck,n,hibulic,singular.nominative,hibulic
luck,n,hibulic,singular.accusative,idahibulic
luck,n,hibulic,singular.genitive,gahibulic
luck,n,hibulic,singular.dative,hibulicahi
lucrative,adj,dozum,positive,dozum
lucrative,adj,dozum,comparative,zon dozum
lucrative,adj,dozum,superlative,yafuntt dozum
luggage,n,myarany,singular.nominative,myarany
luggage,n,myarany,singular.accusative,idamyarany
luggage,n,myarany,singular.genitive,gamyarany
luggage,n,myarany,singular.dative,myaranyahi
lumber,n,karyuji,singular.nominative,karyuji
lumber,n,karyuji,singular.accusative,idakaryuji
lumber,n,karyuji,singular.genitive,gakaryuji
lumber,n,karyuji,singular.dative,karyujihi
lump,n,zumasub,singular.nominative,zumasub
lump,n,zumasub,singular.accusative,idazumasub
lump,n,zumasub,singular.genitive,gazumasub
lump,n,zumasub,singular.dative,zumasubahi
lunch,n,kopyana,singular.nominative,kopyana
lunch,n,kopyana,singular.accusative,idakopyana
lunch,n,kopyana,singular.genitive,gakopyana
lunch,n,kopyana,singular.dative,kopyanahi
lung,n,seze,singular.nominative,seze
lung,n,seze,singular.accusative,idaseze
lung,n,seze,singular.genitive,gaseze
lung,n,seze,singular.dative,sezehi
lure,v,somne,indicative.present.3sg,somne
lure,v,somne,imperative.present.3sg,somnea
lure,v,somne,subjunctive.present.3sg,somnepo
lure,v,somne,conditional.present.3sg,somned
lurk,v,zunbyoy,indicative.present.3sg,zunbyoy
lurk,v,zunbyoy,imperative.present.3sg,zunbyoya
lurk,v,zunbyoy,subjunctive.present.3sg,zunbyoyapo
lurk,v,zunbyoy,conditional.present.3sg,zunbyoyad
lush,adj,wattewa,positive,wattewa
lush,adj,wattewa,comparative,zon wattewa
lush,adj,wattewa,superlative,yafuntt wattewa
lust,n,annukey,singular.nominative,annukey
lust,n,annukey,singular.accusative,idannukey
lust,n,annukey,singular.genitive,gannukey
lust,n,annukey,singular.dative,annukeyahi
lute,n,menyo,singular.nominative,menyo
lute,n,menyo,singular.accusative,idamenyo
lute,n,menyo,singular.genitive,gamenyo
lute,n,menyo,singular.dative,menyohi
luxury,n,hoherut,singular.nominative,hoherut
luxury,n,hoherut,singular.accusative,idahoherut
luxury,n,hoherut,singular.genitive,gahoherut
luxury,n,hoherut,singular.dative,hoherutahi
lyre,n,wamasum,singular.nominative,wamasum
lyre,n,wamasum,singular.accusative,idawamasum
lyre,n,wamasum,singular.genitive,gawamasum
lyre,n,wamasum,singular.dative,wamasumahi
lyrics,n,nyarequ,singular.nominative,nyarequ
lyrics,n,nyarequ,singular.accusative,idanyarequ
lyrics,n,nyarequ,singular.genitive,ganyarequ
lyrics,n,nyarequ,singular.dative,nyarequhi
mace,n,minarim,singular.nominative,minarim
mace,n,minarim,singular.accusative,idaminarim
mace,n,minarim,singular.genitive,gaminarim
mace,n,minarim,singular.dative,minarimahi
machine,n,datquit,singular.nominative,datquit
machine,n,datquit,singular.accusative,idatquit
machine,n,datquit,singular.genitive,gadatquit
machine,n,datquit,singular.dative,datquitahi
mackerel,n,dasusaz,singular.nominative,dasusaz
mackerel,n,dasusaz,singular.accusative,idasusaz
mackerel,n,dasusaz,singular.genitive,gadasusaz
mackerel,n,dasusaz,singular.dative,dasusazahi
maelstrom,n,soshi,singular.nominative,soshi
maelstrom,n,soshi,singular.accusative,idasoshi
maelstrom,n,soshi,singular.genitive,gasoshi
maelstrom,n,soshi,singular.dative,soshihi
magazine,n,chodo,singular.nominative,chodo
magazine,n,chodo,singular.accusative,idachodo
magazine,n,chodo,singular.genitive,gachodo
magazine,n,chodo,singular.dative,chodohi
"mage, magi",n,hadesu,singular.nominative,hadesu
"mage, magi",n,hadesu,singular.accusative,idahadesu
"mage, magi",n,hadesu,singular.genitive,gahadesu
"mage, magi",n,hadesu,singular.dative,hadesuhi
mage,n,nattene,singular.nominative,nattene
mage,n,nattene,singular.accusative,idanattene
mage,n,nattene,singular.genitive,ganattene
mage,n,nattene,singular.dative,nattenehi
magic,n,kanchim,singular.nominative,kanchim
magic,n,kanchim,singular.accusative,idakanchim
magic,n,kanchim,singular.genitive,gakanchim
magic,n,kanchim,singular.dative,kanchimahi
magical,adj,nyaojas,positive,nyaojas
magical,adj,nyaojas,comparative,zon nyaojas
magical,adj,nyaojas,superlative,yafuntt nyaojas
magister,n,attemas,singular.nominative,attemas
magister,n,attemas,singular.accusative,idattemas
magister,n,attemas,singular.genitive,gattemas
magister,n,attemas,singular.dative,attemasahi
magma,n,karijir,singular.nominative,karijir
magma,n,karijir,singular.accusative,idakarijir
magma,n,karijir,singular.genitive,gakarijir
magma,n,karijir,singular.dative,karijirahi
magnet,n,kyoamas,singular.nominative,kyoamas
magnet,n,kyoamas,singular.accusative,idakyoamas
magnet,n,kyoamas,singular.genitive,gakyoamas
magnet,n,kyoamas,singular.dative,kyoamasahi
magnitude,n,nishi,singular.nominative,nishi
magnitude,n,nishi,singular.accusative,idanishi
magnitude,n,nishi,singular.genitive,ganishi
magnitude,n,nishi,singular.dative,nishihi
magus,n,zazegra,singular.nominative,zazegra
magus,n,zazegra,singular.accusative,idazazegra
magus,n,zazegra,singular.genitive,gazazegra
magus,n,zazegra,singular.dative,zazegrahi
maid,n,anchi,singular.nominative,anchi
maid,n,anchi,singular.accusative,idanchi
maid,n,anchi,singular.genitive,ganchi
maid,n,anchi,singular.dative,anchihi
mail,n,ukenyup,singular.nominative,ukenyup
mail,n,ukenyup,singular.accusative,idukenyup
mail,n,ukenyup,singular.genitive,gukenyup
mail,n,ukenyup,singular.dative,ukenyupahi
main,adj,goshire,positive,goshire
main,adj,goshire,comparative,zon goshire
main,adj,goshire,superlative,yafuntt goshire
maintain,v,anakyu,indicative.present.3sg,anakyu
maintain,v,anakyu,imperative.present.3sg,anakyua
maintain,v,anakyu,subjunctive.present.3sg,anakyupo
maintain,v,anakyu,conditional.present.3sg,anakyud
major,adj,denyama,positive,denyama
major,adj,denyama,comparative,zon denyama
major,adj,denyama,superlative,yafuntt denyama
make,v,anaku,indicative.present.3sg,anaku
make,v,anaku,imperative.present.3sg,anakua
make,v,anaku,subjunctive.present.3sg,anakupo
make,v,anaku,conditional.present.3sg,anakud
making,n,kotakin,singular.nominative,kotakin
making,n,kotakin,singular.accusative,idakotakin
making,n,kotakin,singular.genitive,gakotakin
making,n,kotakin,singular.dative,kotakinahi
male,n,sharane,singular.nominative,sharane
male,n,sharane,singular.accusative,idasharane
male,n,sharane,singular.genitive,gasharane
male,n,sharane,singular.dative,sharanehi
malignant,adj,sozu,positive,sozu
malignant,adj,sozu,comparative,zon sozu
malignant,adj,sozu,superlative,yafuntt sozu
mall,n,saonai,singular.nominative,saonai
mall,n,saonai,singular.accusative,idasaonai
mall,n,saonai,singular.genitive,gasaonai
mall,n,saonai,singular.dative,saonaihi
mallet,n,oiyuza,singular.nominative,oiyuza
mallet,n,oiyuza,singular.accusative,idoiyuza
mallet,n,oiyuza,singular.genitive,goiyuza
mallet,n,oiyuza,singular.dative,oiyuzahi
mammal,n,mong,singular.nominative,mong
mammal,n,mong,singular.accusative,idamong
mammal,n,mong,singular.genitive,gamong
mammal,n,mong,singular.dative,mongahi
man,n,hitiach,singular.nominative,hitiach
man,n,hitiach,singular.accusative,idahitiach
man,n,hitiach,singular.genitive,gahitiach
man,n,hitiach,singular.dative,hitiachi
mana,n,hyoi,singular.nominative,hyoi
mana,n,hyoi,singular.accusative,idahyoi
mana,n,hyoi,singular.genitive,gahyoi
mana,n,hyoi,singular.dative,hyoihi
manacle,n,ryuang,singular.nominative,ryuang
manacle,n,ryuang,singular.accusative,idaryuang
manacle,n,ryuang,singular.genitive,garyuang
manacle,n,ryuang,singular.dative,ryuangahi
manage,v,desoo,indicative.present.3sg,desoo
manage,v,desoo,imperative.present.3sg,desooa
manage,v,desoo,subjunctive.present.3sg,desoopo
manage,v,desoo,conditional.present.3sg,desood
mandala,n,tome,singular.nominative,tome
mandala,n,tome,singular.accusative,idatome
mandala,n,tome,singular.genitive,gatome
mandala,n,tome,singular.dative,tomehi
mandate,n,nyuzum,singular.nominative,nyuzum
mandate,n,nyuzum,singular.accusative,idanyuzum
mandate,n,nyuzum,singular.genitive,ganyuzum
mandate,n,nyuzum,singular.dative,nyuzumahi
mandatory,adj,ryunsop,positive,ryunsop
mandatory,adj,ryunsop,comparative,zon ryunsop
mandatory,adj,ryunsop,superlative,yafuntt ryunsop
mane,n,zunaryu,singular.nominative,zunaryu
mane,n,zunaryu,singular.accusative,idazunaryu
mane,n,zunaryu,singular.genitive,gazunaryu
mane,n,zunaryu,singular.dative,zunaryuhi
maneuver,v,jissi,indicative.present.3sg,jissi
maneuver,v,jissi,imperative.present.3sg,jissia
maneuver,v,jissi,subjunctive.present.3sg,jissipo
maneuver,v,jissi,conditional.present.3sg,jissid
mango,n,denushi,singular.nominative,denushi
mango,n,denushi,singular.accusative,idenushi
mango,n,denushi,singular.genitive,gadenushi
mango,n,denushi,singular.dative,denushihi
manic,adj,ohyana,positive,ohyana
manic,adj,ohyana,comparative,zon ohyana
manic,adj,ohyana,superlative,yafuntt ohyana
manifest,v,oya,indicative.present.3sg,oya
manifest,v,oya,imperative.present.3sg,oya
manifest,v,oya,subjunctive.present.3sg,oyapo
manifest,v,oya,conditional.present.3sg,oyad
manipulate,v,anchita,indicative.present.3sg,anchita
manipulate,v,anchita,imperative.present.3sg,anchita
manipulate,v,anchita,subjunctive.present.3sg,anchitapo
manipulate,v,anchita,conditional.present.3sg,anchitad
manner,n,chinari,singular.nominative,chinari
manner,n,chinari,singular.accusative,idachinari
manner,n,chinari,singular.genitive,gachinari
manner,n,chinari,singular.dative,chinarihi
manta ray,n,yujimas,singular.nominative,yujimas
manta ray,n,yujimas,singular.accusative,idayujimas
manta ray,n,yujimas,singular.genitive,gayujimas
manta ray,n,yujimas,singular.dative,yujimasahi
manticore,n,wam,singular.nominative,wam
manticore,n,wam,singular.accusative,idawam
manticore,n,wam,singular.genitive,gawam
manticore,n,wam,singular.dative,wamahi
mantis,n,sai,singular.nominative,sai
mantis,n,sai,singular.accusative,idasai
mantis,n,sai,singular.genitive,gasai
mantis,n,sai,singular.dative,saihi
mantling (clothing),n,zuo,singular.nominative,zuo
mantling (clothing),n,zuo,singular.accusative,idazuo
mantling (clothing),n,zuo,singular.genitive,gazuo
mantling (clothing),n,zuo,singular.dative,zuohi
mantra,n,kottand,singular.nominative,kottand
mantra,n,kottand,singular.accusative,idakottand
mantra,n,kottand,singular.genitive,gakottand
mantra,n,kottand,singular.dative,kottandahi
manual,adj,hoshodo,positive,hoshodo
manual,adj,hoshodo,comparative,zon hoshodo
manual,adj,hoshodo,superlative,yafuntt hoshodo
manual,n,dode,singular.nominative,dode
manual,n,dode,singular.accusative,idode
manual,n,dode,singular.genitive,gadode
manual,n,dode,singular.dative,dodehi
manufacture,v,kotteon,indicative.present.3sg,kotteon
manufacture,v,kotteon,imperative.present.3sg,kotteona
manufacture,v,kotteon,subjunctive.present.3sg,kotteonapo
manufacture,v,kotteon,conditional.present.3sg,kotteonad
manufacturing,n,zurudas,singular.nominative,zurudas
manufacturing,n,zurudas,singular.accusative,idazurudas
manufacturing,n,zurudas,singular.genitive,gazurudas
manufacturing,n,zurudas,singular.dative,zurudasahi
map case,n,chomasu,singular.nominative,chomasu
map case,n,chomasu,singular.accusative,idachomasu
map case,n,chomasu,singular.genitive,gachomasu
map case,n,chomasu,singular.dative,chomasuhi
map,n,rotteru,singular.nominative,rotteru
map,n,rotteru,singular.accusative,idarotteru
map,n,rotteru,singular.genitive,garotteru
map,n,rotteru,singular.dative,rotteruhi
maple,n,hochaby,singular.nominative,hochaby
maple,n,hochaby,singular.accusative,idahochaby
maple,n,hochaby,singular.genitive,gahochaby
maple,n,hochaby,singular.dative,hochabyahi
marathon,n,eiso,singular.nominative,eiso
marathon,n,eiso,singular.accusative,ideiso
marathon,n,eiso,singular.genitive,geiso
marathon,n,eiso,singular.dative,eisohi
marble,n,jadara,singular.nominative,jadara
marble,n,jadara,singular.accusative,idajadara
marble,n,jadara,singular.genitive,gajadara
marble,n,jadara,singular.dative,jadarahi
march,v,nyunkot,indicative.present.3sg,nyunkot
march,v,nyunkot,imperative.present.3sg,nyunkota
march,v,nyunkot,subjunctive.present.3sg,nyunkotapo
march,v,nyunkot,conditional.present.3sg,nyunkotad
margin,n,ogoze,singular.nominative,ogoze
margin,n,ogoze,singular.accusative,idogoze
margin,n,ogoze,singular.genitive,gogoze
margin,n,ogoze,singular.dative,ogozehi
marinate,v,opaoja,indicative.present.3sg,opaoja
marinate,v,opaoja,imperative.present.3sg,opaoja
marinate,v,opaoja,subjunctive.present.3sg,opaojapo
marinate,v,opaoja,conditional.present.3sg,opaojad
marine,adj,hazupyo,positive,hazupyo
marine,adj,hazupyo,comparative,zon hazupyo
marine,adj,hazupyo,superlative,yafuntt hazupyo
marital,adj,gohanak,positive,gohanak
marital,adj,gohanak,comparative,zon gohanak
marital,adj,gohanak,superlative,yafuntt gohanak
marjoram,n,areru,singular.nominative,areru
marjoram,n,areru,singular.accusative,idareru
marjoram,n,areru,singular.genitive,gareru
marjoram,n,areru,singular.dative,areruhi
mark,v,byatte,indicative.present.3sg,byatte
mark,v,byatte,imperative.present.3sg,byattea
mark,v,byatte,subjunctive.present.3sg,byattepo
mark,v,byatte,conditional.present.3sg,byatted
market,n,karamyo,singular.nominative,karamyo
market,n,karamyo,singular.accusative,idakaramyo
market,n,karamyo,singular.genitive,gakaramyo
market,n,karamyo,singular.dative,karamyohi
marketing,n,opotte,singular.nominative,opotte
marketing,n,opotte,singular.accusative,idopotte
marketing,n,opotte,singular.genitive,gopotte
marketing,n,opotte,singular.dative,opottehi
maroon,adj,tissi,positive,tissi
maroon,adj,tissi,comparative,zon tissi
maroon,adj,tissi,superlative,yafuntt tissi
marquis,n,yushigo,singular.nominative,yushigo
marquis,n,yushigo,singular.accusative,idayushigo
marquis,n,yushigo,singular.genitive,gayushigo
marquis,n,yushigo,singular.dative,yushigohi
marriage,n,liumasu,singular.nominative,liumasu
marriage,n,liumasu,singular.accusative,idaliumasu
marriage,n,liumasu,singular.genitive,galiumasu
marriage,n,liumasu,singular.dative,liumasuhi
marry,v,onare,indicative.present.3sg,onare
marry,v,onare,imperative.present.3sg,onarea
marry,v,onare,subjunctive.present.3sg,onarepo
marry,v,onare,conditional.present.3sg,onared
marsh,n,kanakin,singular.nominative,kanakin
marsh,n,kanakin,singular.accusative,idakanakin
marsh,n,kanakin,singular.genitive,gakanakin
marsh,n,kanakin,singular.dative,kanakinahi
martial,adj,hyou,positive,hyou
martial,adj,hyou,comparative,zon hyou
martial,adj,hyou,superlative,yafuntt hyou
mask,n,mekyahe,singular.nominative,mekyahe
mask,n,mekyahe,singular.accusative,idamekyahe
mask,n,mekyahe,singular.genitive,gamekyahe
mask,n,mekyahe,singular.dative,mekyahehi
masonry,n,haza,singular.nominative,haza
masonry,n,haza,singular.accusative,idahaza
masonry,n,haza,singular.genitive,gahaza
masonry,n,haza,singular.dative,hazahi
mass,n,soja,singular.nominative,soja
mass,n,soja,singular.accusative,idasoja
mass,n,soja,singular.genitive,gasoja
mass,n,soja,singular.dative,sojahi
massacre,n,graheen,singular.nominative,graheen
massacre,n,graheen,singular.accusative,idagraheen
massacre,n,graheen,singular.genitive,garaheen
massacre,n,graheen,singular.dative,graheenahi
massage,v,dashiru,indicative.present.3sg,dashiru
massage,v,dashiru,imperative.present.3sg,dashirua
massage,v,dashiru,subjunctive.present.3sg,dashirupo
massage,v,dashiru,conditional.present.3sg,dashirud
massive,adj,nyam,positive,nyam
massive,adj,nyam,comparative,zon nyam
massive,adj,nyam,superlative,yafuntt nyam
master,n,lesu,singular.nominative,lesu
master,n,lesu,singular.accusative,idalesu
master,n,lesu,singular.genitive,galesu
master,n,lesu,singular.dative,lesuhi
masturbate,v,gopyok,indicative.present.3sg,gopyok
masturbate,v,gopyok,imperative.present.3sg,gopyoka
masturbate,v,gopyok,subjunctive.present.3sg,gopyokapo
masturbate,v,gopyok,conditional.present.3sg,gopyokad
mat,n,nimase,singular.nominative,nimase
mat,n,nimase,singular.accusative,idanimase
mat,n,nimase,singular.genitive,ganimase
mat,n,nimase,singular.dative,nimasehi
match,n,pyaorya,singular.nominative,pyaorya
match,n,pyaorya,singular.accusative,idapyaorya
match,n,pyaorya,singular.genitive,gapyaorya
match,n,pyaorya,singular.dative,pyaoryahi
material,n,osote,singular.nominative,osote
material,n,osote,singular.accusative,idosote
material,n,osote,singular.genitive,gosote
material,n,osote,singular.dative,osotehi
mathematics,n,isu,singular.nominative,isu
mathematics,n,isu,singular.accusative,idisu
mathematics,n,isu,singular.genitive,gisu
mathematics,n,isu,singular.dative,isuhi
matrix,n,gojiun,singular.nominative,gojiun
matrix,n,gojiun,singular.accusative,idagojiun
matrix,n,gojiun,singular.genitive,gojiun
matrix,n,gojiun,singular.dative,gojiunahi
matter,n,yanai,singular.nominative,yanai
matter,n,yanai,singular.accusative,idayanai
matter,n,yanai,singular.genitive,gayanai
matter,n,yanai,singular.dative,yanaihi
matter,v,jiferim,indicative.present.3sg,jiferim
matter,v,jiferim,imperative.present.3sg,jiferima
matter,v,jiferim,subjunctive.present.3sg,jiferimapo
matter,v,jiferim,conditional.present.3sg,jiferimad
mattock,n,zeshue,singular.nominative,zeshue
mattock,n,zeshue,singular.accusative,idazeshue
mattock,n,zeshue,singular.genitive,gazeshue
mattock,n,zeshue,singular.dative,zeshuehi
mattress,n,myattey,singular.nominative,myattey
mattress,n,myattey,singular.accusative,idamyattey
mattress,n,myattey,singular.genitive,gamyattey
mattress,n,myattey,singular.dative,myatteyahi
mature,adj,zedasha,positive,zedasha
mature,adj,zedasha,comparative,zon zedasha
mature,adj,zedasha,superlative,yafuntt zedasha
maximum,n,izu,singular.nominative,izu
maximum,n,izu,singular.accusative,idizu
maximum,n,izu,singular.genitive,gizu
maximum,n,izu,singular.dative,izuhi
may,v,son,indicative.present.3sg,son
may,v,son,imperative.present.3sg,sona
may,v,son,subjunctive.present.3sg,sonapo
may,v,son,conditional.present.3sg,sonad
maze,n,abisu,singular.nominative,abisu
maze,n,abisu,singular.accusative,idabisu
maze,n,abisu,singular.genitive,gabisu
maze,n,abisu,singular.dative,abisuhi
mead,n,buyazuy,singular.nominative,buyazuy
mead,n,buyazuy,singular.accusative,idabuyazuy
mead,n,buyazuy,singular.genitive,gabuyazuy
mead,n,buyazuy,singular.dative,buyazuyahi
meadow,n,hyono,singular.nominative,hyono
meadow,n,hyono,singular.accusative,idahyono
meadow,n,hyono,singular.genitive,gahyono
meadow,n,hyono,singular.dative,hyonohi
meal,n,enai,singular.nominative,enai
meal,n,enai,singular.accusative,idenai
meal,n,enai,singular.genitive,genai
meal,n,enai,singular.dative,enaihi
mean,adj,nipu,positive,nipu
mean,adj,nipu,comparative,zon nipu
mean,adj,nipu,superlative,yafuntt nipu
mean,v,hepe,indicative.present.3sg,hepe
mean,v,hepe,imperative.present.3sg,hepea
mean,v,hepe,subjunctive.present.3sg,hepepo
mean,v,hepe,conditional.present.3sg,heped
measure,v,hanatan,indicative.present.3sg,hanatan
measure,v,hanatan,imperative.present.3sg,hanatana
measure,v,hanatan,subjunctive.present.3sg,hanatanapo
measure,v,hanatan,conditional.present.3sg,hanatanad
meat,n,jujudar,singular.nominative,jujudar
meat,n,jujudar,singular.accusative,idajujudar
meat,n,jujudar,singular.genitive,gajujudar
meat,n,jujudar,singular.dative,jujudarahi
media,n,shuryut,singular.nominative,shuryut
media,n,shuryut,singular.accusative,idashuryut
media,n,shuryut,singular.genitive,gashuryut
media,n,shuryut,singular.dative,shuryutahi
median,adj,hyanaih,positive,hyanaih
median,adj,hyanaih,comparative,zon hyanaih
median,adj,hyanaih,superlative,yafuntt hyanaih
medicine,n,zote,singular.nominative,zote
medicine,n,zote,singular.accusative,idazote
medicine,n,zote,singular.genitive,gazote
medicine,n,zote,singular.dative,zotehi
meditate,v,fesu,indicative.present.3sg,fesu
meditate,v,fesu,imperative.present.3sg,fesua
meditate,v,fesu,subjunctive.present.3sg,fesupo
meditate,v,fesu,conditional.present.3sg,fesud
medium,adj,liamasu,positive,liamasu
medium,adj,liamasu,comparative,zon liamasu
medium,adj,liamasu,superlative,yafuntt liamasu
medium,n,diimasu,singular.nominative,diimasu
medium,n,diimasu,singular.accusative,idiimasu
medium,n,diimasu,singular.genitive,gadiimasu
medium,n,diimasu,singular.dative,diimasuhi
meet,v,deshush,indicative.present.3sg,deshush
meet,v,deshush,imperative.present.3sg,deshusha
meet,v,deshush,subjunctive.present.3sg,deshushapo
meet,v,deshush,conditional.present.3sg,deshushad
melee,n,gimasu,singular.nominative,gimasu
melee,n,gimasu,singular.accusative,idagimasu
melee,n,gimasu,singular.genitive,gimasu
melee,n,gimasu,singular.dative,gimasuhi
melody,n,dapuema,singular.nominative,dapuema
melody,n,dapuema,singular.accusative,idapuema
melody,n,dapuema,singular.genitive,gadapuema
melody,n,dapuema,singular.dative,dapuemahi
member,n,narachi,singular.nominative,narachi
member,n,narachi,singular.accusative,idanarachi
member,n,narachi,singular.genitive,ganarachi
member,n,narachi,singular.dative,narachihi
membrane,n,hofuru,singular.nominative,hofuru
membrane,n,hofuru,singular.accusative,idahofuru
membrane,n,hofuru,singular.genitive,gahofuru
membrane,n,hofuru,singular.dative,hofuruhi
memento,n,datatte,singular.nominative,datatte
memento,n,datatte,singular.accusative,idatatte
memento,n,datatte,singular.genitive,gadatatte
memento,n,datatte,singular.dative,datattehi
memo,n,ryakina,singular.nominative,ryakina
memo,n,ryakina,singular.accusative,idaryakina
memo,n,ryakina,singular.genitive,garyakina
memo,n,ryakina,singular.dative,ryakinahi
memoir,n,ifichit,singular.nominative,ifichit
memoir,n,ifichit,singular.accusative,idifichit
memoir,n,ifichit,singular.genitive,gifichit
memoir,n,ifichit,singular.dative,ifichitahi
memorial,n,dattete,singular.nominative,dattete
memorial,n,dattete,singular.accusative,idattete
memorial,n,dattete,singular.genitive,gadattete
memorial,n,dattete,singular.dative,dattetehi
mend,v,futsu,indicative.present.3sg,futsu
mend,v,futsu,imperative.present.3sg,futsua
mend,v,futsu,subjunctive.present.3sg,futsupo
mend,v,futsu,conditional.present.3sg,futsud
mental,adj,irimasu,positive,irimasu
mental,adj,irimasu,comparative,zon irimasu
mental,adj,irimasu,superlative,yafuntt irimasu
mention,v,shono,indicative.present.3sg,shono
mention,v,shono,imperative.present.3sg,shonoa
mention,v,shono,subjunctive.present.3sg,shonopo
mention,v,shono,conditional.present.3sg,shonod
menu,n,zupya,singular.nominative,zupya
menu,n,zupya,singular.accusative,idazupya
menu,n,zupya,singular.genitive,gazupya
menu,n,zupya,singular.dative,zupyahi
"mercer, textile merchant",n,naranao,singular.nominative,naranao
"mercer, textile merchant",n,naranao,singular.accusative,idanaranao
"mercer, textile merchant",n,naranao,singular.genitive,ganaranao
"mercer, textile merchant",n,naranao,singular.dative,naranaohi
merchandise,n,geo,singular.nominative,geo
merchandise,n,geo,singular.accusative,idageo
merchandise,n,geo,singular.genitive,geo
merchandise,n,geo,singular.dative,geohi
merchant,n,mizuwo,singular.nominative,mizuwo
merchant,n,mizuwo,singular.accusative,idamizuwo
merchant,n,mizuwo,singular.genitive,gamizuwo
merchant,n,mizuwo,singular.dative,mizuwohi
mercy,n,jimasut,singular.nominative,jimasut
mercy,n,jimasut,singular.accusative,idajimasut
mercy,n,jimasut,singular.genitive,gajimasut
mercy,n,jimasut,singular.dative,jimasutahi
mere,adj,ozomas,positive,ozomas
mere,adj,ozomas,comparative,zon ozomas
mere,adj,ozomas,superlative,yafuntt ozomas
merfolk,n,wamyosu,singular.nominative,wamyosu
merfolk,n,wamyosu,singular.accusative,idawamyosu
merfolk,n,wamyosu,singular.genitive,gawamyosu
merfolk,n,wamyosu,singular.dative,wamyosuhi
merge,v,kyaa,indicative.present.3sg,kyaa
merge,v,kyaa,imperative.present.3sg,kyaa
merge,v,kyaa,subjunctive.present.3sg,kyaapo
merge,v,kyaa,conditional.present.3sg,kyaad
merit,n,sooru,singular.nominative,sooru
merit,n,sooru,singular.accusative,idasooru
merit,n,sooru,singular.genitive,gasooru
merit,n,sooru,singular.dative,sooruhi
merlon,n,gojoha,singular.nominative,gojoha
merlon,n,gojoha,singular.accusative,idagojoha
merlon,n,gojoha,singular.genitive,gojoha
merlon,n,gojoha,singular.dative,gojohahi
mess kit,n,joso,singular.nominative,joso
mess kit,n,joso,singular.accusative,idajoso
mess kit,n,joso,singular.genitive,gajoso
mess kit,n,joso,singular.dative,josohi
mess,n,xiano,singular.nominative,xiano
mess,n,xiano,singular.accusative,idaxiano
mess,n,xiano,singular.genitive,gaxiano
mess,n,xiano,singular.dative,xianohi
message,n,arano,singular.nominative,arano
message,n,arano,singular.accusative,idarano
message,n,arano,singular.genitive,garano
message,n,arano,singular.dative,aranohi
metal,n,datusho,singular.nominative,datusho
metal,n,datusho,singular.accusative,idatusho
metal,n,datusho,singular.genitive,gadatusho
metal,n,datusho,singular.dative,datushohi
metaphysics,n,uwa,singular.nominative,uwa
metaphysics,n,uwa,singular.accusative,iduwa
metaphysics,n,uwa,singular.genitive,guwa
metaphysics,n,uwa,singular.dative,uwahi
meteor,n,bonya,singular.nominative,bonya
meteor,n,bonya,singular.accusative,idabonya
meteor,n,bonya,singular.genitive,gabonya
meteor,n,bonya,singular.dative,bonyahi
metro,n,zuzuyos,singular.nominative,zuzuyos
metro,n,zuzuyos,singular.accusative,idazuzuyos
metro,n,zuzuyos,singular.genitive,gazuzuyos
metro,n,zuzuyos,singular.dative,zuzuyosahi
metropolis,n,zuhyong,singular.nominative,zuhyong
metropolis,n,zuhyong,singular.accusative,idazuhyong
metropolis,n,zuhyong,singular.genitive,gazuhyong
metropolis,n,zuhyong,singular.dative,zuhyongahi
mid,adj,ryude,positive,ryude
mid,adj,ryude,comparative,zon ryude
mid,adj,ryude,superlative,yafuntt ryude
middle class,n,shichi,singular.nominative,shichi
middle class,n,shichi,singular.accusative,idashichi
middle class,n,shichi,singular.genitive,gashichi
middle class,n,shichi,singular.dative,shichihi
middle,adj,kyommo,positive,kyommo
middle,adj,kyommo,comparative,zon kyommo
middle,adj,kyommo,superlative,yafuntt kyommo
midnight,n,kagyutt,singular.nominative,kagyutt
midnight,n,kagyutt,singular.accusative,idakagyutt
midnight,n,kagyutt,singular.genitive,gakagyutt
midnight,n,kagyutt,singular.dative,kagyuttahi
midst,n,wafugya,singular.nominative,wafugya
midst,n,wafugya,singular.accusative,idawafugya
midst,n,wafugya,singular.genitive,gawafugya
midst,n,wafugya,singular.dative,wafugyahi
might,v,watteso,indicative.present.3sg,watteso
might,v,watteso,imperative.present.3sg,wattesoa
might,v,watteso,subjunctive.present.3sg,wattesopo
might,v,watteso,conditional.present.3sg,wattesod
migraine,n,ufuzezu,singular.nominative,ufuzezu
migraine,n,ufuzezu,singular.accusative,idufuzezu
migraine,n,ufuzezu,singular.genitive,gufuzezu
migraine,n,ufuzezu,singular.dative,ufuzezuhi
migrate,v,yoja,indicative.present.3sg,yoja
migrate,v,yoja,imperative.present.3sg,yoja
migrate,v,yoja,subjunctive.present.3sg,yojapo
migrate,v,yoja,conditional.present.3sg,yojad
military,n,piwo,singular.nominative,piwo
military,n,piwo,singular.accusative,idapiwo
military,n,piwo,singular.genitive,gapiwo
military,n,piwo,singular.dative,piwohi
militia,n,zesu,singular.nominative,zesu
militia,n,zesu,singular.accusative,idazesu
militia,n,zesu,singular.genitive,gazesu
militia,n,zesu,singular.dative,zesuhi
milk,n,kopate,singular.nominative,kopate
milk,n,kopate,singular.accusative,idakopate
milk,n,kopate,singular.genitive,gakopate
milk,n,kopate,singular.dative,kopatehi
mill,n,sashima,singular.nominative,sashima
mill,n,sashima,singular.accusative,idasashima
mill,n,sashima,singular.genitive,gasashima
mill,n,sashima,singular.dative,sashimahi
millennium,n,howatte,singular.nominative,howatte
millennium,n,howatte,singular.accusative,idahowatte
millennium,n,howatte,singular.genitive,gahowatte
millennium,n,howatte,singular.dative,howattehi
million,num,datteru,singular.nominative,datteru
million,num,datteru,singular.accusative,idatteru
million,num,datteru,singular.genitive,gadatteru
million,num,datteru,singular.dative,datteruhi
millstone,n,bihedo,singular.nominative,bihedo
millstone,n,bihedo,singular.accusative,idabihedo
millstone,n,bihedo,singular.genitive,gabihedo
millstone,n,bihedo,singular.dative,bihedohi
mimic,v,toji,indicative.present.3sg,toji
mimic,v,toji,imperative.present.3sg,tojia
mimic,v,toji,subjunctive.present.3sg,tojipo
mimic,v,toji,conditional.present.3sg,tojid
mind,n,wamasha,singular.nominative,wamasha
mind,n,wamasha,singular.accusative,idawamasha
mind,n,wamasha,singular.genitive,gawamasha
mind,n,wamasha,singular.dative,wamashahi
mine,n,okyo,singular.nominative,okyo
mine,n,okyo,singular.accusative,idokyo
mine,n,okyo,singular.genitive,gokyo
mine,n,okyo,singular.dative,okyohi
miniature,adj,shituto,positive,shituto
miniature,adj,shituto,comparative,zon shituto
miniature,adj,shituto,superlative,yafuntt shituto
ministry,n,kito,singular.nominative,kito
ministry,n,kito,singular.accusative,idakito
ministry,n,kito,singular.genitive,gakito
ministry,n,kito,singular.dative,kitohi
minor,adj,zodotte,positive,zodotte
minor,adj,zodotte,comparative,zon zodotte
minor,adj,zodotte,superlative,yafuntt zodotte
minotaur,n,nyodoe,singular.nominative,nyodoe
minotaur,n,nyodoe,singular.accusative,idanyodoe
minotaur,n,nyodoe,singular.genitive,ganyodoe
minotaur,n,nyodoe,singular.dative,nyodoehi
minstrel,n,nimuzeh,singular.nominative,nimuzeh
minstrel,n,nimuzeh,singular.accusative,idanimuzeh
minstrel,n,nimuzeh,singular.genitive,ganimuzeh
minstrel,n,nimuzeh,singular.dative,nimuzehi
mint,n,nyanto,singular.nominative,nyanto
mint,n,nyanto,singular.accusative,idanyanto
mint,n,nyanto,singular.genitive,ganyanto
mint,n,nyanto,singular.dative,nyantohi
minute glass,n,ran,singular.nominative,ran
minute glass,n,ran,singular.accusative,idaran
minute glass,n,ran,singular.genitive,garan
minute glass,n,ran,singular.dative,ranahi
minute,n,jujuuma,singular.nominative,jujuuma
minute,n,jujuuma,singular.accusative,idajujuuma
minute,n,jujuuma,singular.genitive,gajujuuma
minute,n,jujuuma,singular.dative,jujuumahi
miracle,n,denadab,singular.nominative,denadab
miracle,n,denadab,singular.accusative,idenadab
miracle,n,denadab,singular.genitive,gadenadab
miracle,n,denadab,singular.dative,denadabahi
mirror,n,jadesu,singular.nominative,jadesu
mirror,n,jadesu,singular.accusative,idajadesu
mirror,n,jadesu,singular.genitive,gajadesu
mirror,n,jadesu,singular.dative,jadesuhi
miscarriage,n,takya,singular.nominative,takya
miscarriage,n,takya,singular.accusative,idatakya
miscarriage,n,takya,singular.genitive,gatakya
miscarriage,n,takya,singular.dative,takyahi
misery,n,somasi,singular.nominative,somasi
misery,n,somasi,singular.accusative,idasomasi
misery,n,somasi,singular.genitive,gasomasi
misery,n,somasi,singular.dative,somasihi
miss (long for),v,dehe,indicative.present.3sg,dehe
miss (long for),v,dehe,imperative.present.3sg,dehea
miss (long for),v,dehe,subjunctive.present.3sg,dehepo
miss (long for),v,dehe,conditional.present.3sg,dehed
miss (not hit),v,oifuita,indicative.present.3sg,oifuita
miss (not hit),v,oifuita,imperative.present.3sg,oifuita
miss (not hit),v,oifuita,subjunctive.present.3sg,oifuitapo
miss (not hit),v,oifuita,conditional.present.3sg,oifuitad
miss (not take advantage of),v,bayude,indicative.present.3sg,bayude
miss (not take advantage of),v,bayude,imperative.present.3sg,bayudea
miss (not take advantage of),v,bayude,subjunctive.present.3sg,bayudepo
miss (not take advantage of),v,bayude,conditional.present.3sg,bayuded
missing,adj,yasumas,positive,yasumas
missing,adj,yasumas,comparative,zon yasumas
missing,adj,yasumas,superlative,yafuntt yasumas
mist,n,kyaze,singular.nominative,kyaze
mist,n,kyaze,singular.accusative,idakyaze
mist,n,kyaze,singular.genitive,gakyaze
mist,n,kyaze,singular.dative,kyazehi
mistake,n,ing,singular.nominative,ing
mistake,n,ing,singular.accusative,iding
mistake,n,ing,singular.genitive,ging
mistake,n,ing,singular.dative,ingahi
mistletoe,n,xianatt,singular.nominative,xianatt
mistletoe,n,xianatt,singular.accusative,idaxianatt
mistletoe,n,xianatt,singular.genitive,gaxianatt
mistletoe,n,xianatt,singular.dative,xianattahi
mistress,n,nata,singular.nominative,nata
mistress,n,nata,singular.accusative,idanata
mistress,n,nata,singular.genitive,ganata
mistress,n,nata,singular.dative,natahi
mitten,n,nakus,singular.nominative,nakus
mitten,n,nakus,singular.accusative,idanakus
mitten,n,nakus,singular.genitive,ganakus
mitten,n,nakus,singular.dative,nakusahi
mix,v,set,indicative.present.3sg,set
mix,v,set,imperative.present.3sg,seta
mix,v,set,subjunctive.present.3sg,setapo
mix,v,set,conditional.present.3sg,setad
moan,v,dekyomy,indicative.present.3sg,dekyomy
moan,v,dekyomy,imperative.present.3sg,dekyomya
moan,v,dekyomy,subjunctive.present.3sg,dekyomyapo
moan,v,dekyomy,conditional.present.3sg,dekyomyad
moat,n,chomaar,singular.nominative,chomaar
moat,n,chomaar,singular.accusative,idachomaar
moat,n,chomaar,singular.genitive,gachomaar
moat,n,chomaar,singular.dative,chomaarahi
mob,n,dabai,singular.nominative,dabai
mob,n,dabai,singular.accusative,idabai
mob,n,dabai,singular.genitive,gadabai
mob,n,dabai,singular.dative,dabaihi
mobile,adj,sanhyu,positive,sanhyu
mobile,adj,sanhyu,comparative,zon sanhyu
mobile,adj,sanhyu,superlative,yafuntt sanhyu
mock,v,conya,indicative.present.3sg,conya
mock,v,conya,imperative.present.3sg,conya
mock,v,conya,subjunctive.present.3sg,conyapo
mock,v,conya,conditional.present.3sg,conyad
model,n,kamyu,singular.nominative,kamyu
model,n,kamyu,singular.accusative,idakamyu
model,n,kamyu,singular.genitive,gakamyu
model,n,kamyu,singular.dative,kamyuhi
modify,n,masuzon,singular.nominative,masuzon
modify,n,masuzon,singular.accusative,idamasuzon
modify,n,masuzon,singular.genitive,gamasuzon
modify,n,masuzon,singular.dative,masuzonahi
module,n,kotosat,singular.nominative,kotosat
module,n,kotosat,singular.accusative,idakotosat
module,n,kotosat,singular.genitive,gakotosat
module,n,kotosat,singular.dative,kotosatahi
moist,adj,gano,positive,gano
moist,adj,gano,comparative,zon gano
moist,adj,gano,superlative,yafuntt gano
moisture,n,hac,singular.nominative,hac
moisture,n,hac,singular.accusative,idahac
moisture,n,hac,singular.genitive,gahac
moisture,n,hac,singular.dative,hacahi
mold,n,ryopaki,singular.nominative,ryopaki
mold,n,ryopaki,singular.accusative,idaryopaki
mold,n,ryopaki,singular.genitive,garyopaki
mold,n,ryopaki,singular.dative,ryopakihi
mold,v,ohemasu,indicative.present.3sg,ohemasu
mold,v,ohemasu,imperative.present.3sg,ohemasua
mold,v,ohemasu,subjunctive.present.3sg,ohemasupo
mold,v,ohemasu,conditional.present.3sg,ohemasud
mole,n,dest,singular.nominative,dest
mole,n,dest,singular.accusative,idest
mole,n,dest,singular.genitive,gadest
mole,n,dest,singular.dative,destahi
molecular,adj,dariryo,positive,dariryo
molecular,adj,dariryo,comparative,zon dariryo
molecular,adj,dariryo,superlative,yafuntt dariryo
molecule,n,yinaru,singular.nominative,yinaru
molecule,n,yinaru,singular.accusative,idayinaru
molecule,n,yinaru,singular.genitive,gayinaru
molecule,n,yinaru,singular.dative,yinaruhi
moment,n,deshu,singular.nominative,deshu
moment,n,deshu,singular.accusative,ideshu
moment,n,deshu,singular.genitive,gadeshu
moment,n,deshu,singular.dative,deshuhi
money,n,hitteru,singular.nominative,hitteru
money,n,hitteru,singular.accusative,idahitteru
money,n,hitteru,singular.genitive,gahitteru
money,n,hitteru,singular.dative,hitteruhi
mongoose,n,gofudi,singular.nominative,gofudi
mongoose,n,gofudi,singular.accusative,idagofudi
mongoose,n,gofudi,singular.genitive,gofudi
mongoose,n,gofudi,singular.dative,gofudihi
monitor,v,gofuns,indicative.present.3sg,gofuns
monitor,v,gofuns,imperative.present.3sg,gofunsa
monitor,v,gofuns,subjunctive.present.3sg,gofunsapo
monitor,v,gofuns,conditional.present.3sg,gofunsad
monk,n,jayohak,singular.nominative,jayohak
monk,n,jayohak,singular.accusative,idajayohak
monk,n,jayohak,singular.genitive,gajayohak
monk,n,jayohak,singular.dative,jayohakahi
monkey,n,desodoy,singular.nominative,desodoy
monkey,n,desodoy,singular.accusative,idesodoy
monkey,n,desodoy,singular.genitive,gadesodoy
monkey,n,desodoy,singular.dative,desodoyahi
monopoly,n,kamashu,singular.nominative,kamashu
monopoly,n,kamashu,singular.accusative,idakamashu
monopoly,n,kamashu,singular.genitive,gakamashu
monopoly,n,kamashu,singular.dative,kamashuhi
monster,n,opyubu,singular.nominative,opyubu
monster,n,opyubu,singular.accusative,idopyubu
monster,n,opyubu,singular.genitive,gopyubu
monster,n,opyubu,singular.dative,opyubuhi
monsters,n,ezudaho,singular.nominative,ezudaho
monsters,n,ezudaho,singular.accusative,idezudaho
monsters,n,ezudaho,singular.genitive,gezudaho
monsters,n,ezudaho,singular.dative,ezudahohi
month,n,auseni,singular.nominative,auseni
month,n,auseni,singular.accusative,idauseni
month,n,auseni,singular.genitive,gauseni
month,n,auseni,singular.dative,ausenihi
mood,n,naruryo,singular.nominative,naruryo
mood,n,naruryo,singular.accusative,idanaruryo
mood,n,naruryo,singular.genitive,ganaruryo
mood,n,naruryo,singular.dative,naruryohi
moon,n,byades,singular.nominative,byades
moon,n,byades,singular.accusative,idabyades
moon,n,byades,singular.genitive,gabyades
moon,n,byades,singular.dative,byadesahi
moral,adj,ryadats,positive,ryadats
moral,adj,ryadats,comparative,zon ryadats
moral,adj,ryadats,superlative,yafuntt ryadats
morale,n,kyohayu,singular.nominative,kyohayu
morale,n,kyohayu,singular.accusative,idakyohayu
morale,n,kyohayu,singular.genitive,gakyohayu
morale,n,kyohayu,singular.dative,kyohayuhi
morning,n,lichito,singular.nominative,lichito
morning,n,lichito,singular.accusative,idalichito
morning,n,lichito,singular.genitive,galichito
morning,n,lichito,singular.dative,lichitohi
morningstar,n,henyo,singular.nominative,henyo
morningstar,n,henyo,singular.accusative,idahenyo
morningstar,n,henyo,singular.genitive,gahenyo
morningstar,n,henyo,singular.dative,henyohi
mosquito netting,n,gohe,singular.nominative,gohe
mosquito netting,n,gohe,singular.accusative,idagohe
mosquito netting,n,gohe,singular.genitive,gohe
mosquito netting,n,gohe,singular.dative,gohehi
mosquito,n,nyumumu,singular.nominative,nyumumu
mosquito,n,nyumumu,singular.accusative,idanyumumu
mosquito,n,nyumumu,singular.genitive,ganyumumu
mosquito,n,nyumumu,singular.dative,nyumumuhi
moss,n,zanbuza,singular.nominative,zanbuza
moss,n,zanbuza,singular.accusative,idazanbuza
moss,n,zanbuza,singular.genitive,gazanbuza
moss,n,zanbuza,singular.dative,zanbuzahi
motel,n,pyuokot,singular.nominative,pyuokot
motel,n,pyuokot,singular.accusative,idapyuokot
motel,n,pyuokot,singular.genitive,gapyuokot
motel,n,pyuokot,singular.dative,pyuokotahi
mother,n,zuan,singular.nominative,zuan
mother,n,zuan,singular.accusative,idazuan
mother,n,zuan,singular.genitive,gazuan
mother,n,zuan,singular.dative,zuanahi
motif,n,yajikyo,singular.nominative,yajikyo
motif,n,yajikyo,singular.accusative,idayajikyo
motif,n,yajikyo,singular.genitive,gayajikyo
motif,n,yajikyo,singular.dative,yajikyohi
motion,n,nohegem,singular.nominative,nohegem
motion,n,nohegem,singular.accusative,idanohegem
motion,n,nohegem,singular.genitive,ganohegem
motion,n,nohegem,singular.dative,nohegemahi
motor,n,zaa,singular.nominative,zaa
motor,n,zaa,singular.accusative,idazaa
motor,n,zaa,singular.genitive,gazaa
motor,n,zaa,singular.dative,zaahi
motte,n,karibyo,singular.nominative,karibyo
motte,n,karibyo,singular.accusative,idakaribyo
motte,n,karibyo,singular.genitive,gakaribyo
motte,n,karibyo,singular.dative,karibyohi
mound,n,ochi,singular.nominative,ochi
mound,n,ochi,singular.accusative,idochi
mound,n,ochi,singular.genitive,gochi
mound,n,ochi,singular.dative,ochihi
mountain,n,fumyogy,singular.nominative,fumyogy
mountain,n,fumyogy,singular.accusative,idafumyogy
mountain,n,fumyogy,singular.genitive,gafumyogy
mountain,n,fumyogy,singular.dative,fumyogyahi
mourn,v,pama,indicative.present.3sg,pama
mourn,v,pama,imperative.present.3sg,pama
mourn,v,pama,subjunctive.present.3sg,pamapo
mourn,v,pama,conditional.present.3sg,pamad
mouse,n,oso,singular.nominative,oso
mouse,n,oso,singular.accusative,idoso
mouse,n,oso,singular.genitive,goso
mouse,n,oso,singular.dative,osohi
mouth,n,kahenar,singular.nominative,kahenar
mouth,n,kahenar,singular.accusative,idakahenar
mouth,n,kahenar,singular.genitive,gakahenar
mouth,n,kahenar,singular.dative,kahenarahi
move,v,had,indicative.present.3sg,had
move,v,had,imperative.present.3sg,hada
move,v,had,subjunctive.present.3sg,hadapo
move,v,had,conditional.present.3sg,had
mud,n,nozoruh,singular.nominative,nozoruh
mud,n,nozoruh,singular.accusative,idanozoruh
mud,n,nozoruh,singular.genitive,ganozoruh
mud,n,nozoruh,singular.dative,nozoruhi
mudra,n,sokamas,singular.nominative,sokamas
mudra,n,sokamas,singular.accusative,idasokamas
mudra,n,sokamas,singular.genitive,gasokamas
mudra,n,sokamas,singular.dative,sokamasahi
muffle,v,hezuji,indicative.present.3sg,hezuji
muffle,v,hezuji,imperative.present.3sg,hezujia
muffle,v,hezuji,subjunctive.present.3sg,hezujipo
muffle,v,hezuji,conditional.present.3sg,hezujid
mug,n,homasho,singular.nominative,homasho
mug,n,homasho,singular.accusative,idahomasho
mug,n,homasho,singular.genitive,gahomasho
mug,n,homasho,singular.dative,homashohi
mule,n,zujidar,singular.nominative,zujidar
mule,n,zujidar,singular.accusative,idazujidar
mule,n,zujidar,singular.genitive,gazujidar
mule,n,zujidar,singular.dative,zujidarahi
multiply,v,gyohomu,indicative.present.3sg,gyohomu
multiply,v,gyohomu,imperative.present.3sg,gyohomua
multiply,v,gyohomu,subjunctive.present.3sg,gyohomupo
multiply,v,gyohomu,conditional.present.3sg,gyohomud
mumble,v,sto,indicative.present.3sg,sto
mumble,v,sto,imperative.present.3sg,stoa
mumble,v,sto,subjunctive.present.3sg,stopo
mumble,v,sto,conditional.present.3sg,stod
mummy,n,kotoshu,singular.nominative,kotoshu
mummy,n,kotoshu,singular.accusative,idakotoshu
mummy,n,kotoshu,singular.genitive,gakotoshu
mummy,n,kotoshu,singular.dative,kotoshuhi
municipal,adj,yamyasu,positive,yamyasu
municipal,adj,yamyasu,comparative,zon yamyasu
municipal,adj,yamyasu,superlative,yafuntt yamyasu
murage (tax),n,nattewo,singular.nominative,nattewo
murage (tax),n,nattewo,singular.accusative,idanattewo
murage (tax),n,nattewo,singular.genitive,ganattewo
murage (tax),n,nattewo,singular.dative,nattewohi
mural chamber,n,caru,singular.nominative,caru
mural chamber,n,caru,singular.accusative,idacaru
mural chamber,n,caru,singular.genitive,gacaru
mural chamber,n,caru,singular.dative,caruhi
mural passage,n,pyuha,singular.nominative,pyuha
mural passage,n,pyuha,singular.accusative,idapyuha
mural passage,n,pyuha,singular.genitive,gapyuha
mural passage,n,pyuha,singular.dative,pyuhahi
mural tower,n,hepyano,singular.nominative,hepyano
mural tower,n,hepyano,singular.accusative,idahepyano
mural tower,n,hepyano,singular.genitive,gahepyano
mural tower,n,hepyano,singular.dative,hepyanohi
mural,n,yatatte,singular.nominative,yatatte
mural,n,yatatte,singular.accusative,idayatatte
mural,n,yatatte,singular.genitive,gayatatte
mural,n,yatatte,singular.dative,yatattehi
murder,v,sozesu,indicative.present.3sg,sozesu
murder,v,sozesu,imperative.present.3sg,sozesua
murder,v,sozesu,subjunctive.present.3sg,sozesupo
murder,v,sozesu,conditional.present.3sg,sozesud
murmur,v,okyute,indicative.present.3sg,okyute
murmur,v,okyute,imperative.present.3sg,okyutea
murmur,v,okyute,subjunctive.present.3sg,okyutepo
murmur,v,okyute,conditional.present.3sg,okyuted
muscle,n,nyuzant,singular.nominative,nyuzant
muscle,n,nyuzant,singular.accusative,idanyuzant
muscle,n,nyuzant,singular.genitive,ganyuzant
muscle,n,nyuzant,singular.dative,nyuzantahi
mushroom,n,hisehod,singular.nominative,hisehod
mushroom,n,hisehod,singular.accusative,idahisehod
mushroom,n,hisehod,singular.genitive,gahisehod
mushroom,n,hisehod,singular.dative,hisehodahi
music,n,inarach,singular.nominative,inarach
music,n,inarach,singular.accusative,idinarach
music,n,inarach,singular.genitive,ginarach
music,n,inarach,singular.dative,inarachi
musk,n,monojir,singular.nominative,monojir
musk,n,monojir,singular.accusative,idamonojir
musk,n,monojir,singular.genitive,gamonojir
musk,n,monojir,singular.dative,monojirahi
must,v,meta,indicative.present.3sg,meta
must,v,meta,imperative.present.3sg,meta
must,v,meta,subjunctive.present.3sg,metapo
must,v,meta,conditional.present.3sg,metad
mustache,n,wayatte,singular.nominative,wayatte
mustache,n,wayatte,singular.accusative,idawayatte
mustache,n,wayatte,singular.genitive,gawayatte
mustache,n,wayatte,singular.dative,wayattehi
mustang,n,natanar,singular.nominative,natanar
mustang,n,natanar,singular.accusative,idanatanar
mustang,n,natanar,singular.genitive,ganatanar
mustang,n,natanar,singular.dative,natanarahi
mustard (spice),n,chihaha,singular.nominative,chihaha
mustard (spice),n,chihaha,singular.accusative,idachihaha
mustard (spice),n,chihaha,singular.genitive,gachihaha
mustard (spice),n,chihaha,singular.dative,chihahahi
mute,adj,muno,positive,muno
mute,adj,muno,comparative,zon muno
mute,adj,muno,superlative,yafuntt muno
mute,v,zamasi,indicative.present.3sg,zamasi
mute,v,zamasi,imperative.present.3sg,zamasia
mute,v,zamasi,subjunctive.present.3sg,zamasipo
mute,v,zamasi,conditional.present.3sg,zamasid
mutton,n,myunchi,singular.nominative,myunchi
mutton,n,myunchi,singular.accusative,idamyunchi
mutton,n,myunchi,singular.genitive,gamyunchi
mutton,n,myunchi,singular.dative,myunchihi
myrrh,n,oheyut,singular.nominative,oheyut
myrrh,n,oheyut,singular.accusative,idoheyut
myrrh,n,oheyut,singular.genitive,goheyut
myrrh,n,oheyut,singular.dative,oheyutahi
myrtle,n,wahogyo,singular.nominative,wahogyo
myrtle,n,wahogyo,singular.accusative,idawahogyo
myrtle,n,wahogyo,singular.genitive,gawahogyo
myrtle,n,wahogyo,singular.dative,wahogyohi
mystery,n,kotsuna,singular.nominative,kotsuna
mystery,n,kotsuna,singular.accusative,idakotsuna
mystery,n,kotsuna,singular.genitive,gakotsuna
mystery,n,kotsuna,singular.dative,kotsunahi
mystic,adj,ryahode,positive,ryahode
mystic,adj,ryahode,comparative,zon ryahode
mystic,adj,ryahode,superlative,yafuntt ryahode
mystic,n,pamasu,singular.nominative,pamasu
mystic,n,pamasu,singular.accusative,idapamasu
mystic,n,pamasu,singular.genitive,gapamasu
mystic,n,pamasu,singular.dative,pamasuhi
mysticism,n,jittena,singular.nominative,jittena
mysticism,n,jittena,singular.accusative,idajittena
mysticism,n,jittena,singular.genitive,gajittena
mysticism,n,jittena,singular.dative,jittenahi
myth,n,otara,singular.nominative,otara
myth,n,otara,singular.accusative,idotara
myth,n,otara,singular.genitive,gotara
myth,n,otara,singular.dative,otarahi
mythos,n,nattali,singular.nominative,nattali
mythos,n,nattali,singular.accusative,idanattali
mythos,n,nattali,singular.genitive,ganattali
mythos,n,nattali,singular.dative,nattalihi
nag,v,shihema,indicative.present.3sg,shihema
nag,v,shihema,imperative.present.3sg,shihema
nag,v,shihema,subjunctive.present.3sg,shihemapo
nag,v,shihema,conditional.present.3sg,shihemad
naga,n,soa,singular.nominative,soa
naga,n,soa,singular.accusative,idasoa
naga,n,soa,singular.genitive,gasoa
naga,n,soa,singular.dative,soahi
nail,n,pupurim,singular.nominative,pupurim
nail,n,pupurim,singular.accusative,idapupurim
nail,n,pupurim,singular.genitive,gapupurim
nail,n,pupurim,singular.dative,pupurimahi
naive,adj,kotenar,positive,kotenar
naive,adj,kotenar,comparative,zon kotenar
naive,adj,kotenar,superlative,yafuntt kotenar
naked,adj,nedade,positive,nedade
naked,adj,nedade,comparative,zon nedade
naked,adj,nedade,superlative,yafuntt nedade
name,n,entaru,singular.nominative,entaru
name,n,entaru,singular.accusative,identaru
name,n,entaru,singular.genitive,gentaru
name,n,entaru,singular.dative,entaruhi
"naming, to name",v,sozutsu,indicative.present.3sg,sozutsu
"naming, to name",v,sozutsu,imperative.present.3sg,sozutsua
"naming, to name",v,sozutsu,subjunctive.present.3sg,sozutsupo
"naming, to name",v,sozutsu,conditional.present.3sg,sozutsud
naming,n,hesu,singular.nominative,hesu
naming,n,hesu,singular.accusative,idahesu
naming,n,hesu,singular.genitive,gahesu
naming,n,hesu,singular.dative,hesuhi
nap,v,byoto,indicative.present.3sg,byoto
nap,v,byoto,imperative.present.3sg,byotoa
nap,v,byoto,subjunctive.present.3sg,byotopo
nap,v,byoto,conditional.present.3sg,byotod
napkin,n,masujiy,singular.nominative,masujiy
napkin,n,masujiy,singular.accusative,idamasujiy
napkin,n,masujiy,singular.genitive,gamasujiy
napkin,n,masujiy,singular.dative,masujiyahi
narrative,adj,jihego,positive,jihego
narrative,adj,jihego,comparative,zon jihego
narrative,adj,jihego,superlative,yafuntt jihego
narrow,adj,dohyamy,positive,dohyamy
narrow,adj,dohyamy,comparative,zon dohyamy
narrow,adj,dohyamy,superlative,yafuntt dohyamy
nasty,adj,sochis,positive,sochis
nasty,adj,sochis,comparative,zon sochis
nasty,adj,sochis,superlative,yafuntt sochis
nation,n,kihiayo,singular.nominative,kihiayo
nation,n,kihiayo,singular.accusative,idakihiayo
nation,n,kihiayo,singular.genitive,gakihiayo
nation,n,kihiayo,singular.dative,kihiayohi
native,adj,zumasat,positive,zumasat
native,adj,zumasat,comparative,zon zumasat
native,adj,zumasat,superlative,yafuntt zumasat
nature,n,kasu,singular.nominative,kasu
nature,n,kasu,singular.accusative,idakasu
nature,n,kasu,singular.genitive,gakasu
nature,n,kasu,singular.dative,kasuhi
naval,adj,zomyayu,positive,zomyayu
naval,adj,zomyayu,comparative,zon zomyayu
naval,adj,zomyayu,superlative,yafuntt zomyayu
navigate,v,yajihe,indicative.present.3sg,yajihe
navigate,v,yajihe,imperative.present.3sg,yajihea
navigate,v,yajihe,subjunctive.present.3sg,yajihepo
navigate,v,yajihe,conditional.present.3sg,yajihed
navigation,n,byosaki,singular.nominative,byosaki
navigation,n,byosaki,singular.accusative,idabyosaki
navigation,n,byosaki,singular.genitive,gabyosaki
navigation,n,byosaki,singular.dative,byosakihi
navy,n,gota,singular.nominative,gota
navy,n,gota,singular.accusative,idagota
navy,n,gota,singular.genitive,gota
navy,n,gota,singular.dative,gotahi
necessary,adj,tumashi,positive,tumashi
necessary,adj,tumashi,comparative,zon tumashi
necessary,adj,tumashi,superlative,yafuntt tumashi
neck,n,wotsu,singular.nominative,wotsu
neck,n,wotsu,singular.accusative,idawotsu
neck,n,wotsu,singular.genitive,gawotsu
neck,n,wotsu,singular.dative,wotsuhi
necklace,n,yagyowo,singular.nominative,yagyowo
necklace,n,yagyowo,singular.accusative,idayagyowo
necklace,n,yagyowo,singular.genitive,gayagyowo
necklace,n,yagyowo,singular.dative,yagyowohi
necromancy,n,darebit,singular.nominative,darebit
necromancy,n,darebit,singular.accusative,idarebit
necromancy,n,darebit,singular.genitive,gadarebit
necromancy,n,darebit,singular.dative,darebitahi
necromantic,adj,doya,positive,doya
necromantic,adj,doya,comparative,zon doya
necromantic,adj,doya,superlative,yafuntt doya
need,v,womasha,indicative.present.3sg,womasha
need,v,womasha,imperative.present.3sg,womasha
need,v,womasha,subjunctive.present.3sg,womashapo
need,v,womasha,conditional.present.3sg,womashad
needle,n,zuzomas,singular.nominative,zuzomas
needle,n,zuzomas,singular.accusative,idazuzomas
needle,n,zuzomas,singular.genitive,gazuzomas
needle,n,zuzomas,singular.dative,zuzomasahi
neglect,v,ojimas,indicative.present.3sg,ojimas
neglect,v,ojimas,imperative.present.3sg,ojimasa
neglect,v,ojimas,subjunctive.present.3sg,ojimasapo
neglect,v,ojimas,conditional.present.3sg,ojimasad
negotiate,v,acliie,indicative.present.3sg,acliie
negotiate,v,acliie,imperative.present.3sg,acliiea
negotiate,v,acliie,subjunctive.present.3sg,acliiepo
negotiate,v,acliie,conditional.present.3sg,acliied
neighbor,n,ryonde,singular.nominative,ryonde
neighbor,n,ryonde,singular.accusative,idaryonde
neighbor,n,ryonde,singular.genitive,garyonde
neighbor,n,ryonde,singular.dative,ryondehi
nephew,n,eyu,singular.nominative,eyu
nephew,n,eyu,singular.accusative,ideyu
nephew,n,eyu,singular.genitive,geyu
nephew,n,eyu,singular.dative,eyuhi
nerve,n,kyoshuc,singular.nominative,kyoshuc
nerve,n,kyoshuc,singular.accusative,idakyoshuc
nerve,n,kyoshuc,singular.genitive,gakyoshuc
nerve,n,kyoshuc,singular.dative,kyoshucahi
nervous,adj,moyumas,positive,moyumas
nervous,adj,moyumas,comparative,zon moyumas
nervous,adj,moyumas,superlative,yafuntt moyumas
nest,n,hozubya,singular.nominative,hozubya
nest,n,hozubya,singular.accusative,idahozubya
nest,n,hozubya,singular.genitive,gahozubya
nest,n,hozubya,singular.dative,hozubyahi
net,n,conemya,singular.nominative,conemya
net,n,conemya,singular.accusative,idaconemya
net,n,conemya,singular.genitive,gaconemya
net,n,conemya,singular.dative,conemyahi
network,n,kyupanh,singular.nominative,kyupanh
network,n,kyupanh,singular.accusative,idakyupanh
network,n,kyupanh,singular.genitive,gakyupanh
network,n,kyupanh,singular.dative,kyupanhi
neutralizing,adj,aruhoma,positive,aruhoma
neutralizing,adj,aruhoma,comparative,zon aruhoma
neutralizing,adj,aruhoma,superlative,yafuntt aruhoma
new,adj,nyu,positive,nyu
new,adj,nyu,comparative,zon nyu
new,adj,nyu,superlative,yafuntt nyu
news,n,kanyo,singular.nominative,kanyo
news,n,kanyo,singular.accusative,idakanyo
news,n,kanyo,singular.genitive,gakanyo
news,n,kanyo,singular.dative,kanyohi
next,adj,harimas,positive,harimas
next,adj,harimas,comparative,zon harimas
next,adj,harimas,superlative,yafuntt harimas
nice,adj,but,positive,but
nice,adj,but,comparative,zon but
nice,adj,but,superlative,yafuntt but
niche,n,cumasun,singular.nominative,cumasun
niche,n,cumasun,singular.accusative,idacumasun
niche,n,cumasun,singular.genitive,gacumasun
niche,n,cumasun,singular.dative,cumasunahi
nickname,n,homilva,singular.nominative,homilva
nickname,n,homilva,singular.accusative,idahomilva
nickname,n,homilva,singular.genitive,gahomilva
nickname,n,homilva,singular.dative,homilvahi
niece,n,mozumyu,singular.nominative,mozumyu
niece,n,mozumyu,singular.accusative,idamozumyu
niece,n,mozumyu,singular.genitive,gamozumyu
niece,n,mozumyu,singular.dative,mozumyuhi
night,n,shidara,singular.nominative,shidara
night,n,shidara,singular.accusative,idashidara
night,n,shidara,singular.genitive,gashidara
night,n,shidara,singular.dative,shidarahi
nine,num,nyobush,singular.nominative,nyobush
nine,num,nyobush,singular.accusative,idanyobush
nine,num,nyobush,singular.genitive,ganyobush
nine,num,nyobush,singular.dative,nyobushi
nineteen,num,monzu,singular.nominative,monzu
nineteen,num,monzu,singular.accusative,idamonzu
nineteen,num,monzu,singular.genitive,gamonzu
nineteen,num,monzu,singular.dative,monzuhi
noble,adj,sochito,positive,sochito
noble,adj,sochito,comparative,zon sochito
noble,adj,sochito,superlative,yafuntt sochito
noble,n,hetsu,singular.nominative,hetsu
noble,n,hetsu,singular.accusative,idahetsu
noble,n,hetsu,singular.genitive,gahetsu
noble,n,hetsu,singular.dative,hetsuhi
nocturnal,adj,dise,positive,dise
nocturnal,adj,dise,comparative,zon dise
nocturnal,adj,dise,superlative,yafuntt dise
nod,v,yun,indicative.present.3sg,yun
nod,v,yun,imperative.present.3sg,yuna
nod,v,yun,subjunctive.present.3sg,yunapo
nod,v,yun,conditional.present.3sg,yunad
noise,n,habunch,singular.nominative,habunch
noise,n,habunch,singular.accusative,idahabunch
noise,n,habunch,singular.genitive,gahabunch
noise,n,habunch,singular.dative,habunchi
nominate,v,zohyao,indicative.present.3sg,zohyao
nominate,v,zohyao,imperative.present.3sg,zohyaoa
nominate,v,zohyao,subjunctive.present.3sg,zohyaopo
nominate,v,zohyao,conditional.present.3sg,zohyaod
nonsense,n,fuasu,singular.nominative,fuasu
nonsense,n,fuasu,singular.accusative,idafuasu
nonsense,n,fuasu,singular.genitive,gafuasu
nonsense,n,fuasu,singular.dative,fuasuhi
noon,n,dattama,singular.nominative,dattama
noon,n,dattama,singular.accusative,idattama
noon,n,dattama,singular.genitive,gadattama
noon,n,dattama,singular.dative,dattamahi
normal,adj,jimasi,positive,jimasi
normal,adj,jimasi,comparative,zon jimasi
normal,adj,jimasi,superlative,yafuntt jimasi
north,n,gochad,singular.nominative,gochad
north,n,gochad,singular.accusative,idagochad
north,n,gochad,singular.genitive,gochad
north,n,gochad,singular.dative,gochadahi
nose,n,gyumash,singular.nominative,gyumash
nose,n,gyumash,singular.accusative,idagyumash
nose,n,gyumash,singular.genitive,gayumash
nose,n,gyumash,singular.dative,gyumashi
nosebag,n,goud,singular.nominative,goud
nosebag,n,goud,singular.accusative,idagoud
nosebag,n,goud,singular.genitive,goud
nosebag,n,goud,singular.dative,goudahi
nostril,n,ettasi,singular.nominative,ettasi
nostril,n,ettasi,singular.accusative,idettasi
nostril,n,ettasi,singular.genitive,gettasi
nostril,n,ettasi,singular.dative,ettasihi
notable,adj,jantaru,positive,jantaru
notable,adj,jantaru,comparative,zon jantaru
notable,adj,jantaru,superlative,yafuntt jantaru
note,n,comeiky,singular.nominative,comeiky
note,n,comeiky,singular.accusative,idacomeiky
note,n,comeiky,singular.genitive,gacomeiky
note,n,comeiky,singular.dative,comeikyahi
notebook,n,primase,singular.nominative,primase
notebook,n,primase,singular.accusative,idaprimase
notebook,n,primase,singular.genitive,gaprimase
notebook,n,primase,singular.dative,primasehi
notify,v,aryomas,indicative.present.3sg,aryomas
notify,v,aryomas,imperative.present.3sg,aryomasa
notify,v,aryomas,subjunctive.present.3sg,aryomasapo
notify,v,aryomas,conditional.present.3sg,aryomasad
notorious,adj,zosede,positive,zosede
notorious,adj,zosede,comparative,zon zosede
notorious,adj,zosede,superlative,yafuntt zosede
novel,n,okinci,singular.nominative,okinci
novel,n,okinci,singular.accusative,idokinci
novel,n,okinci,singular.genitive,gokinci
novel,n,okinci,singular.dative,okincihi
novice,n,murumas,singular.nominative,murumas
novice,n,murumas,singular.accusative,idamurumas
novice,n,murumas,singular.genitive,gamurumas
novice,n,murumas,singular.dative,murumasahi
noxious,adj,futa,positive,futa
noxious,adj,futa,comparative,zon futa
noxious,adj,futa,superlative,yafuntt futa
nucleus,n,samumas,singular.nominative,samumas
nucleus,n,samumas,singular.accusative,idasamumas
nucleus,n,samumas,singular.genitive,gasamumas
nucleus,n,samumas,singular.dative,samumasahi
nude,adj,wan,positive,wan
nude,adj,wan,comparative,zon wan
nude,adj,wan,superlative,yafuntt wan
number,n,itte,singular.nominative,itte
number,n,itte,singular.accusative,iditte
number,n,itte,singular.genitive,gitte
number,n,itte,singular.dative,ittehi
numerology,n,hyukeyu,singular.nominative,hyukeyu
numerology,n,hyukeyu,singular.accusative,idahyukeyu
numerology,n,hyukeyu,singular.genitive,gahyukeyu
numerology,n,hyukeyu,singular.dative,hyukeyuhi
nurse,n,shizoma,singular.nominative,shizoma
nurse,n,shizoma,singular.accusative,idashizoma
nurse,n,shizoma,singular.genitive,gashizoma
nurse,n,shizoma,singular.dative,shizomahi
nursery,n,nyattee,singular.nominative,nyattee
nursery,n,nyattee,singular.accusative,idanyattee
nursery,n,nyattee,singular.genitive,ganyattee
nursery,n,nyattee,singular.dative,nyatteehi
nurture,v,shitasu,indicative.present.3sg,shitasu
nurture,v,shitasu,imperative.present.3sg,shitasua
nurture,v,shitasu,subjunctive.present.3sg,shitasupo
nurture,v,shitasu,conditional.present.3sg,shitasud
nut,n,nikyaut,singular.nominative,nikyaut
nut,n,nikyaut,singular.accusative,idanikyaut
nut,n,nikyaut,singular.genitive,ganikyaut
nut,n,nikyaut,singular.dative,nikyautahi
nutmeg,n,bozekyu,singular.nominative,bozekyu
nutmeg,n,bozekyu,singular.accusative,idabozekyu
nutmeg,n,bozekyu,singular.genitive,gabozekyu
nutmeg,n,bozekyu,singular.dative,bozekyuhi
nutrition,n,osomas,singular.nominative,osomas
nutrition,n,osomas,singular.accusative,idosomas
nutrition,n,osomas,singular.genitive,gosomas
nutrition,n,osomas,singular.dative,osomasahi
oak,n,zumyawo,singular.nominative,zumyawo
oak,n,zumyawo,singular.accusative,idazumyawo
oak,n,zumyawo,singular.genitive,gazumyawo
oak,n,zumyawo,singular.dative,zumyawohi
oar,n,jos,singular.nominative,jos
oar,n,jos,singular.accusative,idajos
oar,n,jos,singular.genitive,gajos
oar,n,jos,singular.dative,josahi
oasis,n,nishici,singular.nominative,nishici
oasis,n,nishici,singular.accusative,idanishici
oasis,n,nishici,singular.genitive,ganishici
oasis,n,nishici,singular.dative,nishicihi
oat,n,jie,singular.nominative,jie
oat,n,jie,singular.accusative,idajie
oat,n,jie,singular.genitive,gajie
oat,n,jie,singular.dative,jiehi
oath,n,desaji,singular.nominative,desaji
oath,n,desaji,singular.accusative,idesaji
oath,n,desaji,singular.genitive,gadesaji
oath,n,desaji,singular.dative,desajihi
oatmeal,n,chueru,singular.nominative,chueru
oatmeal,n,chueru,singular.accusative,idachueru
oatmeal,n,chueru,singular.genitive,gachueru
oatmeal,n,chueru,singular.dative,chueruhi
obese,adj,taku,positive,taku
obese,adj,taku,comparative,zon taku
obese,adj,taku,superlative,yafuntt taku
obey,v,monaroo,indicative.present.3sg,monaroo
obey,v,monaroo,imperative.present.3sg,monarooa
obey,v,monaroo,subjunctive.present.3sg,monaroopo
obey,v,monaroo,conditional.present.3sg,monarood
object,n,itasu,singular.nominative,itasu
object,n,itasu,singular.accusative,iditasu
object,n,itasu,singular.genitive,gitasu
object,n,itasu,singular.dative,itasuhi
objective,adj,katta,positive,katta
objective,adj,katta,comparative,zon katta
objective,adj,katta,superlative,yafuntt katta
oblige,v,mingyom,indicative.present.3sg,mingyom
oblige,v,mingyom,imperative.present.3sg,mingyoma
oblige,v,mingyom,subjunctive.present.3sg,mingyomapo
oblige,v,mingyom,conditional.present.3sg,mingyomad
obscure,adj,yohehya,positive,yohehya
obscure,adj,yohehya,comparative,zon yohehya
obscure,adj,yohehya,superlative,yafuntt yohehya
obscurement,n,chaheto,singular.nominative,chaheto
obscurement,n,chaheto,singular.accusative,idachaheto
obscurement,n,chaheto,singular.genitive,gachaheto
obscurement,n,chaheto,singular.dative,chahetohi
observation,n,nemasha,singular.nominative,nemasha
observation,n,nemasha,singular.accusative,idanemasha
observation,n,nemasha,singular.genitive,ganemasha
observation,n,nemasha,singular.dative,nemashahi
obsess,v,degra,indicative.present.3sg,degra
obsess,v,degra,imperative.present.3sg,degra
obsess,v,degra,subjunctive.present.3sg,degrapo
obsess,v,degra,conditional.present.3sg,degrad
obvious,adj,hyodad,positive,hyodad
obvious,adj,hyodad,comparative,zon hyodad
obvious,adj,hyodad,superlative,yafuntt hyodad
ocarina,n,shibyun,singular.nominative,shibyun
ocarina,n,shibyun,singular.accusative,idashibyun
ocarina,n,shibyun,singular.genitive,gashibyun
ocarina,n,shibyun,singular.dative,shibyunahi
occult,adj,hodokyu,positive,hodokyu
occult,adj,hodokyu,comparative,zon hodokyu
occult,adj,hodokyu,superlative,yafuntt hodokyu
occultist,n,bitasu,singular.nominative,bitasu
occultist,n,bitasu,singular.accusative,idabitasu
occultist,n,bitasu,singular.genitive,gabitasu
occultist,n,bitasu,singular.dative,bitasuhi
occur,v,zuoru,indicative.present.3sg,zuoru
occur,v,zuoru,imperative.present.3sg,zuorua
occur,v,zuoru,subjunctive.present.3sg,zuorupo
occur,v,zuoru,conditional.present.3sg,zuorud
ocean,n,hohomas,singular.nominative,hohomas
ocean,n,hohomas,singular.accusative,idahohomas
ocean,n,hohomas,singular.genitive,gahohomas
ocean,n,hohomas,singular.dative,hohomasahi
ochre,adj,kotopid,positive,kotopid
ochre,adj,kotopid,comparative,zon kotopid
ochre,adj,kotopid,superlative,yafuntt kotopid
octopus,n,nyomasi,singular.nominative,nyomasi
octopus,n,nyomasi,singular.accusative,idanyomasi
octopus,n,nyomasi,singular.genitive,ganyomasi
octopus,n,nyomasi,singular.dative,nyomasihi
offend,v,kyawoky,indicative.present.3sg,kyawoky
offend,v,kyawoky,imperative.present.3sg,kyawokya
offend,v,kyawoky,subjunctive.present.3sg,kyawokyapo
offend,v,kyawoky,conditional.present.3sg,kyawokyad
offense,n,pyoshit,singular.nominative,pyoshit
offense,n,pyoshit,singular.accusative,idapyoshit
offense,n,pyoshit,singular.genitive,gapyoshit
offense,n,pyoshit,singular.dative,pyoshitahi
offer,v,zunpoku,indicative.present.3sg,zunpoku
offer,v,zunpoku,imperative.present.3sg,zunpokua
offer,v,zunpoku,subjunctive.present.3sg,zunpokupo
offer,v,zunpoku,conditional.present.3sg,zunpokud
offering,n,topyopy,singular.nominative,topyopy
offering,n,topyopy,singular.accusative,idatopyopy
offering,n,topyopy,singular.genitive,gatopyopy
offering,n,topyopy,singular.dative,topyopyahi
office,n,yudato,singular.nominative,yudato
office,n,yudato,singular.accusative,idayudato
office,n,yudato,singular.genitive,gayudato
office,n,yudato,singular.dative,yudatohi
officer,n,gatte,singular.nominative,gatte
officer,n,gatte,singular.accusative,idagatte
officer,n,gatte,singular.genitive,gatte
officer,n,gatte,singular.dative,gattehi
official,n,pyuyuya,singular.nominative,pyuyuya
official,n,pyuyuya,singular.accusative,idapyuyuya
official,n,pyuyuya,singular.genitive,gapyuyuya
official,n,pyuyuya,singular.dative,pyuyuyahi
offspring,n,onyurya,singular.nominative,onyurya
offspring,n,onyurya,singular.accusative,idonyurya
offspring,n,onyurya,singular.genitive,gonyurya
offspring,n,onyurya,singular.dative,onyuryahi
ogre,n,tab,singular.nominative,tab
ogre,n,tab,singular.accusative,idatab
ogre,n,tab,singular.genitive,gatab
ogre,n,tab,singular.dative,tabahi
oil,n,eomisen,singular.nominative,eomisen
oil,n,eomisen,singular.accusative,ideomisen
oil,n,eomisen,singular.genitive,geomisen
oil,n,eomisen,singular.dative,eomisenahi
old,adj,chapupy,positive,chapupy
old,adj,chapupy,comparative,zon chapupy
old,adj,chapupy,superlative,yafuntt chapupy
olfactory,adj,zeis,positive,zeis
olfactory,adj,zeis,comparative,zon zeis
olfactory,adj,zeis,superlative,yafuntt zeis
olive oil,n,achayu,singular.nominative,achayu
olive oil,n,achayu,singular.accusative,idachayu
olive oil,n,achayu,singular.genitive,gachayu
olive oil,n,achayu,singular.dative,achayuhi
olive,n,ryudasu,singular.nominative,ryudasu
olive,n,ryudasu,singular.accusative,idaryudasu
olive,n,ryudasu,singular.genitive,garyudasu
olive,n,ryudasu,singular.dative,ryudasuhi
one,num,uchidas,singular.nominative,uchidas
one,num,uchidas,singular.accusative,iduchidas
one,num,uchidas,singular.genitive,guchidas
one,num,uchidas,singular.dative,uchidasahi
onion,n,gufucur,singular.nominative,gufucur
onion,n,gufucur,singular.accusative,idagufucur
onion,n,gufucur,singular.genitive,gufucur
onion,n,gufucur,singular.dative,gufucurahi
only,adj,conara,positive,conara
only,adj,conara,comparative,zon conara
only,adj,conara,superlative,yafuntt conara
opal,n,glichun,singular.nominative,glichun
opal,n,glichun,singular.accusative,idaglichun
opal,n,glichun,singular.genitive,galichun
opal,n,glichun,singular.dative,glichunahi
open,v,monyuzu,indicative.present.3sg,monyuzu
open,v,monyuzu,imperative.present.3sg,monyuzua
open,v,monyuzu,subjunctive.present.3sg,monyuzupo
open,v,monyuzu,conditional.present.3sg,monyuzud
opening,n,myahahe,singular.nominative,myahahe
opening,n,myahahe,singular.accusative,idamyahahe
opening,n,myahahe,singular.genitive,gamyahahe
opening,n,myahahe,singular.dative,myahahehi
operate,v,teta,indicative.present.3sg,teta
operate,v,teta,imperative.present.3sg,teta
operate,v,teta,subjunctive.present.3sg,tetapo
operate,v,teta,conditional.present.3sg,tetad
opinion,n,epida,singular.nominative,epida
opinion,n,epida,singular.accusative,idepida
opinion,n,epida,singular.genitive,gepida
opinion,n,epida,singular.dative,epidahi
opposite,n,gonsu,singular.nominative,gonsu
opposite,n,gonsu,singular.accusative,idagonsu
opposite,n,gonsu,singular.genitive,gonsu
opposite,n,gonsu,singular.dative,gonsuhi
oppress,v,chokimy,indicative.present.3sg,chokimy
oppress,v,chokimy,imperative.present.3sg,chokimya
oppress,v,chokimy,subjunctive.present.3sg,chokimyapo
oppress,v,chokimy,conditional.present.3sg,chokimyad
optical,adj,kanyama,positive,kanyama
optical,adj,kanyama,comparative,zon kanyama
optical,adj,kanyama,superlative,yafuntt kanyama
optimal,adj,vinara,positive,vinara
optimal,adj,vinara,comparative,zon vinara
optimal,adj,vinara,superlative,yafuntt vinara
optimism,n,somasem,singular.nominative,somasem
optimism,n,somasem,singular.accusative,idasomasem
optimism,n,somasem,singular.genitive,gasomasem
optimism,n,somasem,singular.dative,somasemahi
option,n,ihekyoz,singular.nominative,ihekyoz
option,n,ihekyoz,singular.accusative,idihekyoz
option,n,ihekyoz,singular.genitive,gihekyoz
option,n,ihekyoz,singular.dative,ihekyozahi
orange,adj,anakis,positive,anakis
orange,adj,anakis,comparative,zon anakis
orange,adj,anakis,superlative,yafuntt anakis
orange,n,monai,singular.nominative,monai
orange,n,monai,singular.accusative,idamonai
orange,n,monai,singular.genitive,gamonai
orange,n,monai,singular.dative,monaihi
orbit,n,kon,singular.nominative,kon
orbit,n,kon,singular.accusative,idakon
orbit,n,kon,singular.genitive,gakon
orbit,n,kon,singular.dative,konahi
orc,n,gonyay,singular.nominative,gonyay
orc,n,gonyay,singular.accusative,idagonyay
orc,n,gonyay,singular.genitive,gonyay
orc,n,gonyay,singular.dative,gonyayahi
orchard,n,uyadama,singular.nominative,uyadama
orchard,n,uyadama,singular.accusative,iduyadama
orchard,n,uyadama,singular.genitive,guyadama
orchard,n,uyadama,singular.dative,uyadamahi
orchestra,n,sekyodo,singular.nominative,sekyodo
orchestra,n,sekyodo,singular.accusative,idasekyodo
orchestra,n,sekyodo,singular.genitive,gasekyodo
orchestra,n,sekyodo,singular.dative,sekyodohi
orchid,n,tumasu,singular.nominative,tumasu
orchid,n,tumasu,singular.accusative,idatumasu
orchid,n,tumasu,singular.genitive,gatumasu
orchid,n,tumasu,singular.dative,tumasuhi
order,n,fudatad,singular.nominative,fudatad
order,n,fudatad,singular.accusative,idafudatad
order,n,fudatad,singular.genitive,gafudatad
order,n,fudatad,singular.dative,fudatadahi
order,v,nakyunj,indicative.present.3sg,nakyunj
order,v,nakyunj,imperative.present.3sg,nakyunja
order,v,nakyunj,subjunctive.present.3sg,nakyunjapo
order,v,nakyunj,conditional.present.3sg,nakyunjad
oregano,n,zota,singular.nominative,zota
oregano,n,zota,singular.accusative,idazota
oregano,n,zota,singular.genitive,gazota
oregano,n,zota,singular.dative,zotahi
organ,n,hofu,singular.nominative,hofu
organ,n,hofu,singular.accusative,idahofu
organ,n,hofu,singular.genitive,gahofu
organ,n,hofu,singular.dative,hofuhi
organism,n,konarum,singular.nominative,konarum
organism,n,konarum,singular.accusative,idakonarum
organism,n,konarum,singular.genitive,gakonarum
organism,n,konarum,singular.dative,konarumahi
organization,n,zosaja,singular.nominative,zosaja
organization,n,zosaja,singular.accusative,idazosaja
organization,n,zosaja,singular.genitive,gazosaja
organization,n,zosaja,singular.dative,zosajahi
organize,v,ryope,indicative.present.3sg,ryope
organize,v,ryope,imperative.present.3sg,ryopea
organize,v,ryope,subjunctive.present.3sg,ryopepo
organize,v,ryope,conditional.present.3sg,ryoped
orgasm,n,owomas,singular.nominative,owomas
orgasm,n,owomas,singular.accusative,idowomas
orgasm,n,owomas,singular.genitive,gowomas
orgasm,n,owomas,singular.dative,owomasahi
origin,n,bamasur,singular.nominative,bamasur
origin,n,bamasur,singular.accusative,idabamasur
origin,n,bamasur,singular.genitive,gabamasur
origin,n,bamasur,singular.dative,bamasurahi
ornament,n,memasoo,singular.nominative,memasoo
ornament,n,memasoo,singular.accusative,idamemasoo
ornament,n,memasoo,singular.genitive,gamemasoo
ornament,n,memasoo,singular.dative,memasoohi
orphan,n,bokinat,singular.nominative,bokinat
orphan,n,bokinat,singular.accusative,idabokinat
orphan,n,bokinat,singular.genitive,gabokinat
orphan,n,bokinat,singular.dative,bokinatahi
orthodox,adj,odarim,positive,odarim
orthodox,adj,odarim,comparative,zon odarim
orthodox,adj,odarim,superlative,yafuntt odarim
other,adj,gechu,positive,gechu
other,adj,gechu,comparative,zon gechu
other,adj,gechu,superlative,yafuntt gechu
other,n,dic,singular.nominative,dic
other,n,dic,singular.accusative,idic
other,n,dic,singular.genitive,gadic
other,n,dic,singular.dative,dicahi
otter,v,ottasue,indicative.present.3sg,ottasue
otter,v,ottasue,imperative.present.3sg,ottasuea
otter,v,ottasue,subjunctive.present.3sg,ottasuepo
otter,v,ottasue,conditional.present.3sg,ottasued
outbreak,n,funyohe,singular.nominative,funyohe
outbreak,n,funyohe,singular.accusative,idafunyohe
outbreak,n,funyohe,singular.genitive,gafunyohe
outbreak,n,funyohe,singular.dative,funyohehi
outcome,n,hyuru,singular.nominative,hyuru
outcome,n,hyuru,singular.accusative,idahyuru
outcome,n,hyuru,singular.genitive,gahyuru
outcome,n,hyuru,singular.dative,hyuruhi
outline,n,zuanaku,singular.nominative,zuanaku
outline,n,zuanaku,singular.accusative,idazuanaku
outline,n,zuanaku,singular.genitive,gazuanaku
outline,n,zuanaku,singular.dative,zuanakuhi
outrageous,adj,hyofum,positive,hyofum
outrageous,adj,hyofum,comparative,zon hyofum
outrageous,adj,hyofum,superlative,yafuntt hyofum
oval,n,ayukyon,singular.nominative,ayukyon
oval,n,ayukyon,singular.accusative,idayukyon
oval,n,ayukyon,singular.genitive,gayukyon
oval,n,ayukyon,singular.dative,ayukyonahi
ovation,n,deemasu,singular.nominative,deemasu
ovation,n,deemasu,singular.accusative,ideemasu
ovation,n,deemasu,singular.genitive,gadeemasu
ovation,n,deemasu,singular.dative,deemasuhi
oven,n,myum,singular.nominative,myum
oven,n,myum,singular.accusative,idamyum
oven,n,myum,singular.genitive,gamyum
oven,n,myum,singular.dative,myumahi
overdose,n,king,singular.nominative,king
overdose,n,king,singular.accusative,idaking
overdose,n,king,singular.genitive,gaking
overdose,n,king,singular.dative,kingahi
overlook,v,nakyuzu,indicative.present.3sg,nakyuzu
overlook,v,nakyuzu,imperative.present.3sg,nakyuzua
overlook,v,nakyuzu,subjunctive.present.3sg,nakyuzupo
overlook,v,nakyuzu,conditional.present.3sg,nakyuzud
overseas,adj,niukota,positive,niukota
overseas,adj,niukota,comparative,zon niukota
overseas,adj,niukota,superlative,yafuntt niukota
overwhelming,adj,gyurya,positive,gyurya
overwhelming,adj,gyurya,comparative,zon gyurya
overwhelming,adj,gyurya,superlative,yafuntt gyurya
owe,v,chaheji,indicative.present.3sg,chaheji
owe,v,chaheji,imperative.present.3sg,chahejia
owe,v,chaheji,subjunctive.present.3sg,chahejipo
owe,v,chaheji,conditional.present.3sg,chahejid
owl,n,wopyuta,singular.nominative,wopyuta
owl,n,wopyuta,singular.accusative,idawopyuta
owl,n,wopyuta,singular.genitive,gawopyuta
owl,n,wopyuta,singular.dative,wopyutahi
owner,n,fuwaran,singular.nominative,fuwaran
owner,n,fuwaran,singular.accusative,idafuwaran
owner,n,fuwaran,singular.genitive,gafuwaran
owner,n,fuwaran,singular.dative,fuwaranahi
ox yoke,n,sahono,singular.nominative,sahono
ox yoke,n,sahono,singular.accusative,idasahono
ox yoke,n,sahono,singular.genitive,gasahono
ox yoke,n,sahono,singular.dative,sahonohi
ox,n,anara,singular.nominative,anara
ox,n,anara,singular.accusative,idanara
ox,n,anara,singular.genitive,ganara
ox,n,anara,singular.dative,anarahi
oxygen,n,gomyum,singular.nominative,gomyum
oxygen,n,gomyum,singular.accusative,idagomyum
oxygen,n,gomyum,singular.genitive,gomyum
oxygen,n,gomyum,singular.dative,gomyumahi
oyster,n,ninaris,singular.nominative,ninaris
oyster,n,ninaris,singular.accusative,idaninaris
oyster,n,ninaris,singular.genitive,ganinaris
oyster,n,ninaris,singular.dative,ninarisahi
pace,v,ogyude,indicative.present.3sg,ogyude
pace,v,ogyude,imperative.present.3sg,ogyudea
pace,v,ogyude,subjunctive.present.3sg,ogyudepo
pace,v,ogyude,conditional.present.3sg,ogyuded
pack,v,abyo,indicative.present.3sg,abyo
pack,v,abyo,imperative.present.3sg,abyoa
pack,v,abyo,subjunctive.present.3sg,abyopo
pack,v,abyo,conditional.present.3sg,abyod
package,n,zojozut,singular.nominative,zojozut
package,n,zojozut,singular.accusative,idazojozut
package,n,zojozut,singular.genitive,gazojozut
package,n,zojozut,singular.dative,zojozutahi
packet,n,potta,singular.nominative,potta
packet,n,potta,singular.accusative,idapotta
packet,n,potta,singular.genitive,gapotta
packet,n,potta,singular.dative,pottahi
packsaddle,n,ani,singular.nominative,ani
packsaddle,n,ani,singular.accusative,idani
packsaddle,n,ani,singular.genitive,gani
packsaddle,n,ani,singular.dative,anihi
pact,n,shayony,singular.nominative,shayony
pact,n,shayony,singular.accusative,idashayony
pact,n,shayony,singular.genitive,gashayony
pact,n,shayony,singular.dative,shayonyahi
paddle,n,natasu,singular.nominative,natasu
paddle,n,natasu,singular.accusative,idanatasu
paddle,n,natasu,singular.genitive,ganatasu
paddle,n,natasu,singular.dative,natasuhi
pagan,n,darohan,singular.nominative,darohan
pagan,n,darohan,singular.accusative,idarohan
pagan,n,darohan,singular.genitive,gadarohan
pagan,n,darohan,singular.dative,darohanahi
page,n,nemesu,singular.nominative,nemesu
page,n,nemesu,singular.accusative,idanemesu
page,n,nemesu,singular.genitive,ganemesu
page,n,nemesu,singular.dative,nemesuhi
pain,n,hohohod,singular.nominative,hohohod
pain,n,hohohod,singular.accusative,idahohohod
pain,n,hohohod,singular.genitive,gahohohod
pain,n,hohohod,singular.dative,hohohodahi
paint,n,kotarim,singular.nominative,kotarim
paint,n,kotarim,singular.accusative,idakotarim
paint,n,kotarim,singular.genitive,gakotarim
paint,n,kotarim,singular.dative,kotarimahi
pair,n,sanata,singular.nominative,sanata
pair,n,sanata,singular.accusative,idasanata
pair,n,sanata,singular.genitive,gasanata
pair,n,sanata,singular.dative,sanatahi
palace,n,soshupy,singular.nominative,soshupy
palace,n,soshupy,singular.accusative,idasoshupy
palace,n,soshupy,singular.genitive,gasoshupy
palace,n,soshupy,singular.dative,soshupyahi
pale,adj,herahyu,positive,herahyu
pale,adj,herahyu,comparative,zon herahyu
pale,adj,herahyu,superlative,yafuntt herahyu
palette,n,memyoto,singular.nominative,memyoto
palette,n,memyoto,singular.accusative,idamemyoto
palette,n,memyoto,singular.genitive,gamemyoto
palette,n,memyoto,singular.dative,memyotohi
palfrey,n,beataji,singular.nominative,beataji
palfrey,n,beataji,singular.accusative,idabeataji
palfrey,n,beataji,singular.genitive,gabeataji
palfrey,n,beataji,singular.dative,beatajihi
palm (of hand),n,ozanar,singular.nominative,ozanar
palm (of hand),n,ozanar,singular.accusative,idozanar
palm (of hand),n,ozanar,singular.genitive,gozanar
palm (of hand),n,ozanar,singular.dative,ozanarahi
palm tree,n,konaris,singular.nominative,konaris
palm tree,n,konaris,singular.accusative,idakonaris
palm tree,n,konaris,singular.genitive,gakonaris
palm tree,n,konaris,singular.dative,konarisahi
palm,n,myomasu,singular.nominative,myomasu
palm,n,myomasu,singular.accusative,idamyomasu
palm,n,myomasu,singular.genitive,gamyomasu
palm,n,myomasu,singular.dative,myomasuhi
pamper,v,ohyama,indicative.present.3sg,ohyama
pamper,v,ohyama,imperative.present.3sg,ohyama
pamper,v,ohyama,subjunctive.present.3sg,ohyamapo
pamper,v,ohyama,conditional.present.3sg,ohyamad
pan,n,mepyaru,singular.nominative,mepyaru
pan,n,mepyaru,singular.accusative,idamepyaru
pan,n,mepyaru,singular.genitive,gamepyaru
pan,n,mepyaru,singular.dative,mepyaruhi
panic,v,oyuaza,indicative.present.3sg,oyuaza
panic,v,oyuaza,imperative.present.3sg,oyuaza
panic,v,oyuaza,subjunctive.present.3sg,oyuazapo
panic,v,oyuaza,conditional.present.3sg,oyuazad
panorama,n,debeiki,singular.nominative,debeiki
panorama,n,debeiki,singular.accusative,idebeiki
panorama,n,debeiki,singular.genitive,gadebeiki
panorama,n,debeiki,singular.dative,debeikihi
panpipes,n,monyazu,singular.nominative,monyazu
panpipes,n,monyazu,singular.accusative,idamonyazu
panpipes,n,monyazu,singular.genitive,gamonyazu
panpipes,n,monyazu,singular.dative,monyazuhi
pant,v,zanaren,indicative.present.3sg,zanaren
pant,v,zanaren,imperative.present.3sg,zanarena
pant,v,zanaren,subjunctive.present.3sg,zanarenapo
pant,v,zanaren,conditional.present.3sg,zanarenad
pantheon,n,zuyuho,singular.nominative,zuyuho
pantheon,n,zuyuho,singular.accusative,idazuyuho
pantheon,n,zuyuho,singular.genitive,gazuyuho
pantheon,n,zuyuho,singular.dative,zuyuhohi
pantry,n,byunyo,singular.nominative,byunyo
pantry,n,byunyo,singular.accusative,idabyunyo
pantry,n,byunyo,singular.genitive,gabyunyo
pantry,n,byunyo,singular.dative,byunyohi
pants,n,zososu,singular.nominative,zososu
pants,n,zososu,singular.accusative,idazososu
pants,n,zososu,singular.genitive,gazososu
pants,n,zososu,singular.dative,zososuhi
paper,n,mochici,singular.nominative,mochici
paper,n,mochici,singular.accusative,idamochici
paper,n,mochici,singular.genitive,gamochici
paper,n,mochici,singular.dative,mochicihi
paradigm,n,oefunt,singular.nominative,oefunt
paradigm,n,oefunt,singular.accusative,idoefunt
paradigm,n,oefunt,singular.genitive,goefunt
paradigm,n,oefunt,singular.dative,oefuntahi
paradise,n,hiryo,singular.nominative,hiryo
paradise,n,hiryo,singular.accusative,idahiryo
paradise,n,hiryo,singular.genitive,gahiryo
paradise,n,hiryo,singular.dative,hiryohi
paradox,n,ozozuk,singular.nominative,ozozuk
paradox,n,ozozuk,singular.accusative,idozozuk
paradox,n,ozozuk,singular.genitive,gozozuk
paradox,n,ozozuk,singular.dative,ozozukahi
paragon,n,uchi,singular.nominative,uchi
paragon,n,uchi,singular.accusative,iduchi
paragon,n,uchi,singular.genitive,guchi
paragon,n,uchi,singular.dative,uchihi
paragraph,n,hyodo,singular.nominative,hyodo
paragraph,n,hyodo,singular.accusative,idahyodo
paragraph,n,hyodo,singular.genitive,gahyodo
paragraph,n,hyodo,singular.dative,hyodohi
parallel,adj,oyunyo,positive,oyunyo
parallel,adj,oyunyo,comparative,zon oyunyo
parallel,adj,oyunyo,superlative,yafuntt oyunyo
paralyze,v,itatte,indicative.present.3sg,itatte
paralyze,v,itatte,imperative.present.3sg,itattea
paralyze,v,itatte,subjunctive.present.3sg,itattepo
paralyze,v,itatte,conditional.present.3sg,itatted
parapet,n,yazowat,singular.nominative,yazowat
parapet,n,yazowat,singular.accusative,idayazowat
parapet,n,yazowat,singular.genitive,gayazowat
parapet,n,yazowat,singular.dative,yazowatahi
parcel,n,chonatt,singular.nominative,chonatt
parcel,n,chonatt,singular.accusative,idachonatt
parcel,n,chonatt,singular.genitive,gachonatt
parcel,n,chonatt,singular.dative,chonattahi
parchment,n,hyusada,singular.nominative,hyusada
parchment,n,hyusada,singular.accusative,idahyusada
parchment,n,hyusada,singular.genitive,gahyusada
parchment,n,hyusada,singular.dative,hyusadahi
pardon,v,wonru,indicative.present.3sg,wonru
pardon,v,wonru,imperative.present.3sg,wonrua
pardon,v,wonru,subjunctive.present.3sg,wonrupo
pardon,v,wonru,conditional.present.3sg,wonrud
parent,n,hyochua,singular.nominative,hyochua
parent,n,hyochua,singular.accusative,idahyochua
parent,n,hyochua,singular.genitive,gahyochua
parent,n,hyochua,singular.dative,hyochuahi
park,n,aryahes,singular.nominative,aryahes
park,n,aryahes,singular.accusative,idaryahes
park,n,aryahes,singular.genitive,garyahes
park,n,aryahes,singular.dative,aryahesahi
parliament,n,utsu,singular.nominative,utsu
parliament,n,utsu,singular.accusative,idutsu
parliament,n,utsu,singular.genitive,gutsu
parliament,n,utsu,singular.dative,utsuhi
parlor,n,dabyu,singular.nominative,dabyu
parlor,n,dabyu,singular.accusative,idabyu
parlor,n,dabyu,singular.genitive,gadabyu
parlor,n,dabyu,singular.dative,dabyuhi
parrot,n,anhode,singular.nominative,anhode
parrot,n,anhode,singular.accusative,idanhode
parrot,n,anhode,singular.genitive,ganhode
parrot,n,anhode,singular.dative,anhodehi
parry,v,fudasu,indicative.present.3sg,fudasu
parry,v,fudasu,imperative.present.3sg,fudasua
parry,v,fudasu,subjunctive.present.3sg,fudasupo
parry,v,fudasu,conditional.present.3sg,fudasud
parsley,n,onupyay,singular.nominative,onupyay
parsley,n,onupyay,singular.accusative,idonupyay
parsley,n,onupyay,singular.genitive,gonupyay
parsley,n,onupyay,singular.dative,onupyayahi
parsnip,n,pazezez,singular.nominative,pazezez
parsnip,n,pazezez,singular.accusative,idapazezez
parsnip,n,pazezez,singular.genitive,gapazezez
parsnip,n,pazezez,singular.dative,pazezezahi
part,n,byabyam,singular.nominative,byabyam
part,n,byabyam,singular.accusative,idabyabyam
part,n,byabyam,singular.genitive,gabyabyam
part,n,byabyam,singular.dative,byabyamahi
particular,adj,waheeda,positive,waheeda
particular,adj,waheeda,comparative,zon waheeda
particular,adj,waheeda,superlative,yafuntt waheeda
partisan,adj,ryaa,positive,ryaa
partisan,adj,ryaa,comparative,zon ryaa
partisan,adj,ryaa,superlative,yafuntt ryaa
partner,n,nupya,singular.nominative,nupya
partner,n,nupya,singular.accusative,idanupya
partner,n,nupya,singular.genitive,ganupya
partner,n,nupya,singular.dative,nupyahi
party,n,jiciviu,singular.nominative,jiciviu
party,n,jiciviu,singular.accusative,idajiciviu
party,n,jiciviu,singular.genitive,gajiciviu
party,n,jiciviu,singular.dative,jiciviuhi
pass,v,gukyuyo,indicative.present.3sg,gukyuyo
pass,v,gukyuyo,imperative.present.3sg,gukyuyoa
pass,v,gukyuyo,subjunctive.present.3sg,gukyuyopo
pass,v,gukyuyo,conditional.present.3sg,gukyuyod
passion,n,zesam,singular.nominative,zesam
passion,n,zesam,singular.accusative,idazesam
passion,n,zesam,singular.genitive,gazesam
passion,n,zesam,singular.dative,zesamahi
passive,adj,desta,positive,desta
passive,adj,desta,comparative,zon desta
passive,adj,desta,superlative,yafuntt desta
past,adj,zun,positive,zun
past,adj,zun,comparative,zon zun
past,adj,zun,superlative,yafuntt zun
past,n,zeni,singular.nominative,zeni
past,n,zeni,singular.accusative,idazeni
past,n,zeni,singular.genitive,gazeni
past,n,zeni,singular.dative,zenihi
pasta,n,konde,singular.nominative,konde
pasta,n,konde,singular.accusative,idakonde
pasta,n,konde,singular.genitive,gakonde
pasta,n,konde,singular.dative,kondehi
paste,n,monhei,singular.nominative,monhei
paste,n,monhei,singular.accusative,idamonhei
paste,n,monhei,singular.genitive,gamonhei
paste,n,monhei,singular.dative,monheihi
pastoral,adj,dokuru,positive,dokuru
pastoral,adj,dokuru,comparative,zon dokuru
pastoral,adj,dokuru,superlative,yafuntt dokuru
pastry,n,hishiis,singular.nominative,hishiis
pastry,n,hishiis,singular.accusative,idahishiis
pastry,n,hishiis,singular.genitive,gahishiis
pastry,n,hishiis,singular.dative,hishiisahi
pasture,n,karuhoc,singular.nominative,karuhoc
pasture,n,karuhoc,singular.accusative,idakaruhoc
pasture,n,karuhoc,singular.genitive,gakaruhoc
pasture,n,karuhoc,singular.dative,karuhocahi
patent,n,shitonm,singular.nominative,shitonm
patent,n,shitonm,singular.accusative,idashitonm
patent,n,shitonm,singular.genitive,gashitonm
patent,n,shitonm,singular.dative,shitonmahi
path,n,aruheop,singular.nominative,aruheop
path,n,aruheop,singular.accusative,idaruheop
path,n,aruheop,singular.genitive,garuheop
path,n,aruheop,singular.dative,aruheopahi
patient,adj,arimaso,positive,arimaso
patient,adj,arimaso,comparative,zon arimaso
patient,adj,arimaso,superlative,yafuntt arimaso
patient,n,culeboh,singular.nominative,culeboh
patient,n,culeboh,singular.accusative,idaculeboh
patient,n,culeboh,singular.genitive,gaculeboh
patient,n,culeboh,singular.dative,culebohi
patio,n,bojusa,singular.nominative,bojusa
patio,n,bojusa,singular.accusative,idabojusa
patio,n,bojusa,singular.genitive,gabojusa
patio,n,bojusa,singular.dative,bojusahi
patriot,n,araheky,singular.nominative,araheky
patriot,n,araheky,singular.accusative,idaraheky
patriot,n,araheky,singular.genitive,garaheky
patriot,n,araheky,singular.dative,arahekyahi
patrol,v,jozuhey,indicative.present.3sg,jozuhey
patrol,v,jozuhey,imperative.present.3sg,jozuheya
patrol,v,jozuhey,subjunctive.present.3sg,jozuheyapo
patrol,v,jozuhey,conditional.present.3sg,jozuheyad
patron,n,mezoshu,singular.nominative,mezoshu
patron,n,mezoshu,singular.accusative,idamezoshu
patron,n,mezoshu,singular.genitive,gamezoshu
patron,n,mezoshu,singular.dative,mezoshuhi
pause,v,conyama,indicative.present.3sg,conyama
pause,v,conyama,imperative.present.3sg,conyama
pause,v,conyama,subjunctive.present.3sg,conyamapo
pause,v,conyama,conditional.present.3sg,conyamad
pave,v,sohyopa,indicative.present.3sg,sohyopa
pave,v,sohyopa,imperative.present.3sg,sohyopa
pave,v,sohyopa,subjunctive.present.3sg,sohyopapo
pave,v,sohyopa,conditional.present.3sg,sohyopad
pavement,n,dayukyo,singular.nominative,dayukyo
pavement,n,dayukyo,singular.accusative,idayukyo
pavement,n,dayukyo,singular.genitive,gadayukyo
pavement,n,dayukyo,singular.dative,dayukyohi
pavilion,n,myasuru,singular.nominative,myasuru
pavilion,n,myasuru,singular.accusative,idamyasuru
pavilion,n,myasuru,singular.genitive,gamyasuru
pavilion,n,myasuru,singular.dative,myasuruhi
paw,n,chayuau,singular.nominative,chayuau
paw,n,chayuau,singular.accusative,idachayuau
paw,n,chayuau,singular.genitive,gachayuau
paw,n,chayuau,singular.dative,chayuauhi
pay,v,obyo,indicative.present.3sg,obyo
pay,v,obyo,imperative.present.3sg,obyoa
pay,v,obyo,subjunctive.present.3sg,obyopo
pay,v,obyo,conditional.present.3sg,obyod
pea,n,meku,singular.nominative,meku
pea,n,meku,singular.accusative,idameku
pea,n,meku,singular.genitive,gameku
pea,n,meku,singular.dative,mekuhi
peace,n,nare,singular.nominative,nare
peace,n,nare,singular.accusative,idanare
peace,n,nare,singular.genitive,ganare
peace,n,nare,singular.dative,narehi
peach,n,yuhefur,singular.nominative,yuhefur
peach,n,yuhefur,singular.accusative,idayuhefur
peach,n,yuhefur,singular.genitive,gayuhefur
peach,n,yuhefur,singular.dative,yuhefurahi
peak,n,naka,singular.nominative,naka
peak,n,naka,singular.accusative,idanaka
peak,n,naka,singular.genitive,ganaka
peak,n,naka,singular.dative,nakahi
pear,n,otenmy,singular.nominative,otenmy
pear,n,otenmy,singular.accusative,idotenmy
pear,n,otenmy,singular.genitive,gotenmy
pear,n,otenmy,singular.dative,otenmyahi
pearl,n,hajieky,singular.nominative,hajieky
pearl,n,hajieky,singular.accusative,idahajieky
pearl,n,hajieky,singular.genitive,gahajieky
pearl,n,hajieky,singular.dative,hajiekyahi
peasant,n,oogyor,singular.nominative,oogyor
peasant,n,oogyor,singular.accusative,idoogyor
peasant,n,oogyor,singular.genitive,googyor
peasant,n,oogyor,singular.dative,oogyorahi
peculiar,adj,wargusa,positive,wargusa
peculiar,adj,wargusa,comparative,zon wargusa
peculiar,adj,wargusa,superlative,yafuntt wargusa
pedal,n,dogyayo,singular.nominative,dogyayo
pedal,n,dogyayo,singular.accusative,idogyayo
pedal,n,dogyayo,singular.genitive,gadogyayo
pedal,n,dogyayo,singular.dative,dogyayohi
pedestrian,n,ezuno,singular.nominative,ezuno
pedestrian,n,ezuno,singular.accusative,idezuno
pedestrian,n,ezuno,singular.genitive,gezuno
pedestrian,n,ezuno,singular.dative,ezunohi
peek,v,semashi,indicative.present.3sg,semashi
peek,v,semashi,imperative.present.3sg,semashia
peek,v,semashi,subjunctive.present.3sg,semashipo
peek,v,semashi,conditional.present.3sg,semashid
peel,n,ubyogya,singular.nominative,ubyogya
peel,n,ubyogya,singular.accusative,idubyogya
peel,n,ubyogya,singular.genitive,gubyogya
peel,n,ubyogya,singular.dative,ubyogyahi
peer,v,kantte,indicative.present.3sg,kantte
peer,v,kantte,imperative.present.3sg,kanttea
peer,v,kantte,subjunctive.present.3sg,kanttepo
peer,v,kantte,conditional.present.3sg,kantted
pell,n,biru,singular.nominative,biru
pell,n,biru,singular.accusative,idabiru
pell,n,biru,singular.genitive,gabiru
pell,n,biru,singular.dative,biruhi
pen,n,ryowong,singular.nominative,ryowong
pen,n,ryowong,singular.accusative,idaryowong
pen,n,ryowong,singular.genitive,garyowong
pen,n,ryowong,singular.dative,ryowongahi
pencil,n,oyu,singular.nominative,oyu
pencil,n,oyu,singular.accusative,idoyu
pencil,n,oyu,singular.genitive,goyu
pencil,n,oyu,singular.dative,oyuhi
pending,adj,narahej,positive,narahej
pending,adj,narahej,comparative,zon narahej
pending,adj,narahej,superlative,yafuntt narahej
pendulum,n,jibyu,singular.nominative,jibyu
pendulum,n,jibyu,singular.accusative,idajibyu
pendulum,n,jibyu,singular.genitive,gajibyu
pendulum,n,jibyu,singular.dative,jibyuhi
penetrate,v,eyaemas,indicative.present.3sg,eyaemas
penetrate,v,eyaemas,imperative.present.3sg,eyaemasa
penetrate,v,eyaemas,subjunctive.present.3sg,eyaemasapo
penetrate,v,eyaemas,conditional.present.3sg,eyaemasad
peninsula,n,destior,singular.nominative,destior
peninsula,n,destior,singular.accusative,idestior
peninsula,n,destior,singular.genitive,gadestior
peninsula,n,destior,singular.dative,destiorahi
penis,n,aunjogi,singular.nominative,aunjogi
penis,n,aunjogi,singular.accusative,idaunjogi
penis,n,aunjogi,singular.genitive,gaunjogi
penis,n,aunjogi,singular.dative,aunjogihi
penknife,n,myanai,singular.nominative,myanai
penknife,n,myanai,singular.accusative,idamyanai
penknife,n,myanai,singular.genitive,gamyanai
penknife,n,myanai,singular.dative,myanaihi
pentacle,n,gomasu,singular.nominative,gomasu
pentacle,n,gomasu,singular.accusative,idagomasu
pentacle,n,gomasu,singular.genitive,gomasu
pentacle,n,gomasu,singular.dative,gomasuhi
pentagram,n,jiyoyo,singular.nominative,jiyoyo
pentagram,n,jiyoyo,singular.accusative,idajiyoyo
pentagram,n,jiyoyo,singular.genitive,gajiyoyo
pentagram,n,jiyoyo,singular.dative,jiyoyohi
peony,n,fuzo,singular.nominative,fuzo
peony,n,fuzo,singular.accusative,idafuzo
peony,n,fuzo,singular.genitive,gafuzo
peony,n,fuzo,singular.dative,fuzohi
perceive,v,tohamas,indicative.present.3sg,tohamas
perceive,v,tohamas,imperative.present.3sg,tohamasa
perceive,v,tohamas,subjunctive.present.3sg,tohamasapo
perceive,v,tohamas,conditional.present.3sg,tohamasad
percent,n,rekyomm,singular.nominative,rekyomm
percent,n,rekyomm,singular.accusative,idarekyomm
percent,n,rekyomm,singular.genitive,garekyomm
percent,n,rekyomm,singular.dative,rekyommahi
perception,n,infoeru,singular.nominative,infoeru
perception,n,infoeru,singular.accusative,idinfoeru
perception,n,infoeru,singular.genitive,ginfoeru
perception,n,infoeru,singular.dative,infoeruhi
perch,v,haranta,indicative.present.3sg,haranta
perch,v,haranta,imperative.present.3sg,haranta
perch,v,haranta,subjunctive.present.3sg,harantapo
perch,v,haranta,conditional.present.3sg,harantad
perfect,adj,tiatte,positive,tiatte
perfect,adj,tiatte,comparative,zon tiatte
perfect,adj,tiatte,superlative,yafuntt tiatte
perform,v,jahatte,indicative.present.3sg,jahatte
perform,v,jahatte,imperative.present.3sg,jahattea
perform,v,jahatte,subjunctive.present.3sg,jahattepo
perform,v,jahatte,conditional.present.3sg,jahatted
perfume,n,doto,singular.nominative,doto
perfume,n,doto,singular.accusative,idoto
perfume,n,doto,singular.genitive,gadoto
perfume,n,doto,singular.dative,dotohi
peril,n,das,singular.nominative,das
peril,n,das,singular.accusative,idas
peril,n,das,singular.genitive,gadas
peril,n,das,singular.dative,dasahi
perimeter,n,zupyoa,singular.nominative,zupyoa
perimeter,n,zupyoa,singular.accusative,idazupyoa
perimeter,n,zupyoa,singular.genitive,gazupyoa
perimeter,n,zupyoa,singular.dative,zupyoahi
period,n,zagyaha,singular.nominative,zagyaha
period,n,zagyaha,singular.accusative,idazagyaha
period,n,zagyaha,singular.genitive,gazagyaha
period,n,zagyaha,singular.dative,zagyahahi
permanent,adj,sokunwo,positive,sokunwo
permanent,adj,sokunwo,comparative,zon sokunwo
permanent,adj,sokunwo,superlative,yafuntt sokunwo
permission,n,sodosod,singular.nominative,sodosod
permission,n,sodosod,singular.accusative,idasodosod
permission,n,sodosod,singular.genitive,gasodosod
permission,n,sodosod,singular.dative,sodosodahi
permit,v,upi,indicative.present.3sg,upi
permit,v,upi,imperative.present.3sg,upia
permit,v,upi,subjunctive.present.3sg,upipo
permit,v,upi,conditional.present.3sg,upid
persist,v,cet,indicative.present.3sg,cet
persist,v,cet,imperative.present.3sg,ceta
persist,v,cet,subjunctive.present.3sg,cetapo
persist,v,cet,conditional.present.3sg,cetad
person,n,inasu,singular.nominative,inasu
person,n,inasu,singular.accusative,idinasu
person,n,inasu,singular.genitive,ginasu
person,n,inasu,singular.dative,inasuhi
persona,n,zet,singular.nominative,zet
persona,n,zet,singular.accusative,idazet
persona,n,zet,singular.genitive,gazet
persona,n,zet,singular.dative,zetahi
pest,n,dahyum,singular.nominative,dahyum
pest,n,dahyum,singular.accusative,idahyum
pest,n,dahyum,singular.genitive,gadahyum
pest,n,dahyum,singular.dative,dahyumahi
pestilence,n,eyakina,singular.nominative,eyakina
pestilence,n,eyakina,singular.accusative,ideyakina
pestilence,n,eyakina,singular.genitive,geyakina
pestilence,n,eyakina,singular.dative,eyakinahi
petal,n,nareiku,singular.nominative,nareiku
petal,n,nareiku,singular.accusative,idanareiku
petal,n,nareiku,singular.genitive,ganareiku
petal,n,nareiku,singular.dative,nareikuhi
petition,n,damanat,singular.nominative,damanat
petition,n,damanat,singular.accusative,idamanat
petition,n,damanat,singular.genitive,gadamanat
petition,n,damanat,singular.dative,damanatahi
petty,adj,dasede,positive,dasede
petty,adj,dasede,comparative,zon dasede
petty,adj,dasede,superlative,yafuntt dasede
pewter,n,pyuya,singular.nominative,pyuya
pewter,n,pyuya,singular.accusative,idapyuya
pewter,n,pyuya,singular.genitive,gapyuya
pewter,n,pyuya,singular.dative,pyuyahi
phantasm,n,cenbyuf,singular.nominative,cenbyuf
phantasm,n,cenbyuf,singular.accusative,idacenbyuf
phantasm,n,cenbyuf,singular.genitive,gacenbyuf
phantasm,n,cenbyuf,singular.dative,cenbyufahi
pheasant,n,udahasu,singular.nominative,udahasu
pheasant,n,udahasu,singular.accusative,idudahasu
pheasant,n,udahasu,singular.genitive,gudahasu
pheasant,n,udahasu,singular.dative,udahasuhi
phoenix,n,byujiru,singular.nominative,byujiru
phoenix,n,byujiru,singular.accusative,idabyujiru
phoenix,n,byujiru,singular.genitive,gabyujiru
phoenix,n,byujiru,singular.dative,byujiruhi
physical,adj,rimido,positive,rimido
physical,adj,rimido,comparative,zon rimido
physical,adj,rimido,superlative,yafuntt rimido
physiker,n,byome,singular.nominative,byome
physiker,n,byome,singular.accusative,idabyome
physiker,n,byome,singular.genitive,gabyome
physiker,n,byome,singular.dative,byomehi
physiker’s kit,n,hozuare,singular.nominative,hozuare
physiker’s kit,n,hozuare,singular.accusative,idahozuare
physiker’s kit,n,hozuare,singular.genitive,gahozuare
physiker’s kit,n,hozuare,singular.dative,hozuarehi
piano,n,hedesha,singular.nominative,hedesha
piano,n,hedesha,singular.accusative,idahedesha
piano,n,hedesha,singular.genitive,gahedesha
piano,n,hedesha,singular.dative,hedeshahi
pick-axe,n,ohide,singular.nominative,ohide
pick-axe,n,ohide,singular.accusative,idohide
pick-axe,n,ohide,singular.genitive,gohide
pick-axe,n,ohide,singular.dative,ohidehi
pick,n,suwo,singular.nominative,suwo
pick,n,suwo,singular.accusative,idasuwo
pick,n,suwo,singular.genitive,gasuwo
pick,n,suwo,singular.dative,suwohi
pick,v,anmashi,indicative.present.3sg,anmashi
pick,v,anmashi,imperative.present.3sg,anmashia
pick,v,anmashi,subjunctive.present.3sg,anmashipo
pick,v,anmashi,conditional.present.3sg,anmashid
picnic,n,infua,singular.nominative,infua
picnic,n,infua,singular.accusative,idinfua
picnic,n,infua,singular.genitive,ginfua
picnic,n,infua,singular.dative,infuahi
picture,n,gyokots,singular.nominative,gyokots
picture,n,gyokots,singular.accusative,idagyokots
picture,n,gyokots,singular.genitive,gayokots
picture,n,gyokots,singular.dative,gyokotsahi
pie,n,sedataw,singular.nominative,sedataw
pie,n,sedataw,singular.accusative,idasedataw
pie,n,sedataw,singular.genitive,gasedataw
pie,n,sedataw,singular.dative,sedatawahi
piece,n,shong,singular.nominative,shong
piece,n,shong,singular.accusative,idashong
piece,n,shong,singular.genitive,gashong
piece,n,shong,singular.dative,shongahi
pierce,v,xuemase,indicative.present.3sg,xuemase
pierce,v,xuemase,imperative.present.3sg,xuemasea
pierce,v,xuemase,subjunctive.present.3sg,xuemasepo
pierce,v,xuemase,conditional.present.3sg,xuemased
pig,n,habyoma,singular.nominative,habyoma
pig,n,habyoma,singular.accusative,idahabyoma
pig,n,habyoma,singular.genitive,gahabyoma
pig,n,habyoma,singular.dative,habyomahi
pigeon,n,hohe,singular.nominative,hohe
pigeon,n,hohe,singular.accusative,idahohe
pigeon,n,hohe,singular.genitive,gahohe
pigeon,n,hohe,singular.dative,hohehi
pike (fish),n,shidasu,singular.nominative,shidasu
pike (fish),n,shidasu,singular.accusative,idashidasu
pike (fish),n,shidasu,singular.genitive,gashidasu
pike (fish),n,shidasu,singular.dative,shidasuhi
pike,n,alito,singular.nominative,alito
pike,n,alito,singular.accusative,idalito
pike,n,alito,singular.genitive,galito
pike,n,alito,singular.dative,alitohi
pilgrimage,n,tomyash,singular.nominative,tomyash
pilgrimage,n,tomyash,singular.accusative,idatomyash
pilgrimage,n,tomyash,singular.genitive,gatomyash
pilgrimage,n,tomyash,singular.dative,tomyashi
pillage,v,tarano,indicative.present.3sg,tarano
pillage,v,tarano,imperative.present.3sg,taranoa
pillage,v,tarano,subjunctive.present.3sg,taranopo
pillage,v,tarano,conditional.present.3sg,taranod
pillar,n,tejizum,singular.nominative,tejizum
pillar,n,tejizum,singular.accusative,idatejizum
pillar,n,tejizum,singular.genitive,gatejizum
pillar,n,tejizum,singular.dative,tejizumahi
pillow,n,gihyumu,singular.nominative,gihyumu
pillow,n,gihyumu,singular.accusative,idagihyumu
pillow,n,gihyumu,singular.genitive,gihyumu
pillow,n,gihyumu,singular.dative,gihyumuhi
pin,n,pulte,singular.nominative,pulte
pin,n,pulte,singular.accusative,idapulte
pin,n,pulte,singular.genitive,gapulte
pin,n,pulte,singular.dative,pultehi
pinch,v,echuru,indicative.present.3sg,echuru
pinch,v,echuru,imperative.present.3sg,echurua
pinch,v,echuru,subjunctive.present.3sg,echurupo
pinch,v,echuru,conditional.present.3sg,echurud
pine,n,pyara,singular.nominative,pyara
pine,n,pyara,singular.accusative,idapyara
pine,n,pyara,singular.genitive,gapyara
pine,n,pyara,singular.dative,pyarahi
pink,adj,anarima,positive,anarima
pink,adj,anarima,comparative,zon anarima
pink,adj,anarima,superlative,yafuntt anarima
pint,n,wasu,singular.nominative,wasu
pint,n,wasu,singular.accusative,idawasu
pint,n,wasu,singular.genitive,gawasu
pint,n,wasu,singular.dative,wasuhi
pipe organ,n,fru,singular.nominative,fru
pipe organ,n,fru,singular.accusative,idafru
pipe organ,n,fru,singular.genitive,gafru
pipe organ,n,fru,singular.dative,fruhi
pipe,n,nattesu,singular.nominative,nattesu
pipe,n,nattesu,singular.accusative,idanattesu
pipe,n,nattesu,singular.genitive,ganattesu
pipe,n,nattesu,singular.dative,nattesuhi
pirate,n,gofun,singular.nominative,gofun
pirate,n,gofun,singular.accusative,idagofun
pirate,n,gofun,singular.genitive,gofun
pirate,n,gofun,singular.dative,gofunahi
pitchfork,n,datae,singular.nominative,datae
pitchfork,n,datae,singular.accusative,idatae
pitchfork,n,datae,singular.genitive,gadatae
pitchfork,n,datae,singular.dative,dataehi
pity,v,zubyuru,indicative.present.3sg,zubyuru
pity,v,zubyuru,imperative.present.3sg,zubyurua
pity,v,zubyuru,subjunctive.present.3sg,zubyurupo
pity,v,zubyuru,conditional.present.3sg,zubyurud
place,n,soiryoz,singular.nominative,soiryoz
place,n,soiryoz,singular.accusative,idasoiryoz
place,n,soiryoz,singular.genitive,gasoiryoz
place,n,soiryoz,singular.dative,soiryozahi
plague,n,myodo,singular.nominative,myodo
plague,n,myodo,singular.accusative,idamyodo
plague,n,myodo,singular.genitive,gamyodo
plague,n,myodo,singular.dative,myodohi
plain,adj,destran,positive,destran
plain,adj,destran,comparative,zon destran
plain,adj,destran,superlative,yafuntt destran
plain,n,dette,singular.nominative,dette
plain,n,dette,singular.accusative,idette
plain,n,dette,singular.genitive,gadette
plain,n,dette,singular.dative,dettehi
plan,n,yutte,singular.nominative,yutte
plan,n,yutte,singular.accusative,idayutte
plan,n,yutte,singular.genitive,gayutte
plan,n,yutte,singular.dative,yuttehi
plane,n,myakugy,singular.nominative,myakugy
plane,n,myakugy,singular.accusative,idamyakugy
plane,n,myakugy,singular.genitive,gamyakugy
plane,n,myakugy,singular.dative,myakugyahi
planet,n,modozac,singular.nominative,modozac
planet,n,modozac,singular.accusative,idamodozac
planet,n,modozac,singular.genitive,gamodozac
planet,n,modozac,singular.dative,modozacahi
plant,n,pyude,singular.nominative,pyude
plant,n,pyude,singular.accusative,idapyude
plant,n,pyude,singular.genitive,gapyude
plant,n,pyude,singular.dative,pyudehi
plantation,n,shupude,singular.nominative,shupude
plantation,n,shupude,singular.accusative,idashupude
plantation,n,shupude,singular.genitive,gashupude
plantation,n,shupude,singular.dative,shupudehi
plaque,n,henatte,singular.nominative,henatte
plaque,n,henatte,singular.accusative,idahenatte
plaque,n,henatte,singular.genitive,gahenatte
plaque,n,henatte,singular.dative,henattehi
plate,n,myumasu,singular.nominative,myumasu
plate,n,myumasu,singular.accusative,idamyumasu
plate,n,myumasu,singular.genitive,gamyumasu
plate,n,myumasu,singular.dative,myumasuhi
plateau,n,nakinam,singular.nominative,nakinam
plateau,n,nakinam,singular.accusative,idanakinam
plateau,n,nakinam,singular.genitive,ganakinam
plateau,n,nakinam,singular.dative,nakinamahi
platinum,n,karosay,singular.nominative,karosay
platinum,n,karosay,singular.accusative,idakarosay
platinum,n,karosay,singular.genitive,gakarosay
platinum,n,karosay,singular.dative,karosayahi
platter,n,sota,singular.nominative,sota
platter,n,sota,singular.accusative,idasota
platter,n,sota,singular.genitive,gasota
platter,n,sota,singular.dative,sotahi
plausible,adj,honohak,positive,honohak
plausible,adj,honohak,comparative,zon honohak
plausible,adj,honohak,superlative,yafuntt honohak
play (stage play),n,zectuma,singular.nominative,zectuma
play (stage play),n,zectuma,singular.accusative,idazectuma
play (stage play),n,zectuma,singular.genitive,gazectuma
play (stage play),n,zectuma,singular.dative,zectumahi
play,v,tora,indicative.present.3sg,tora
play,v,tora,imperative.present.3sg,tora
play,v,tora,subjunctive.present.3sg,torapo
play,v,tora,conditional.present.3sg,torad
player,n,wayatak,singular.nominative,wayatak
player,n,wayatak,singular.accusative,idawayatak
player,n,wayatak,singular.genitive,gawayatak
player,n,wayatak,singular.dative,wayatakahi
please,v,monjiri,indicative.present.3sg,monjiri
please,v,monjiri,imperative.present.3sg,monjiria
please,v,monjiri,subjunctive.present.3sg,monjiripo
please,v,monjiri,conditional.present.3sg,monjirid
pledge,v,aoja,indicative.present.3sg,aoja
pledge,v,aoja,imperative.present.3sg,aoja
pledge,v,aoja,subjunctive.present.3sg,aojapo
pledge,v,aoja,conditional.present.3sg,aojad
plenty,adj,hipukin,positive,hipukin
plenty,adj,hipukin,comparative,zon hipukin
plenty,adj,hipukin,superlative,yafuntt hipukin
plenty,n,mongeru,singular.nominative,mongeru
plenty,n,mongeru,singular.accusative,idamongeru
plenty,n,mongeru,singular.genitive,gamongeru
plenty,n,mongeru,singular.dative,mongeruhi
pliers,n,okinwa,singular.nominative,okinwa
pliers,n,okinwa,singular.accusative,idokinwa
pliers,n,okinwa,singular.genitive,gokinwa
pliers,n,okinwa,singular.dative,okinwahi
plight,n,troo,singular.nominative,troo
plight,n,troo,singular.accusative,idatroo
plight,n,troo,singular.genitive,gatroo
plight,n,troo,singular.dative,troohi
plot,n,moto,singular.nominative,moto
plot,n,moto,singular.accusative,idamoto
plot,n,moto,singular.genitive,gamoto
plot,n,moto,singular.dative,motohi
plough,n,jigoyuk,singular.nominative,jigoyuk
plough,n,jigoyuk,singular.accusative,idajigoyuk
plough,n,jigoyuk,singular.genitive,gajigoyuk
plough,n,jigoyuk,singular.dative,jigoyukahi
ploughland,n,jizajir,singular.nominative,jizajir
ploughland,n,jizajir,singular.accusative,idajizajir
ploughland,n,jizajir,singular.genitive,gajizajir
ploughland,n,jizajir,singular.dative,jizajirahi
pluck,v,dessema,indicative.present.3sg,dessema
pluck,v,dessema,imperative.present.3sg,dessema
pluck,v,dessema,subjunctive.present.3sg,dessemapo
pluck,v,dessema,conditional.present.3sg,dessemad
plug,n,hiso,singular.nominative,hiso
plug,n,hiso,singular.accusative,idahiso
plug,n,hiso,singular.genitive,gahiso
plug,n,hiso,singular.dative,hisohi
plum,adj,tadorot,positive,tadorot
plum,adj,tadorot,comparative,zon tadorot
plum,adj,tadorot,superlative,yafuntt tadorot
plum,n,bantasu,singular.nominative,bantasu
plum,n,bantasu,singular.accusative,idabantasu
plum,n,bantasu,singular.genitive,gabantasu
plum,n,bantasu,singular.dative,bantasuhi
ply,n,tafumas,singular.nominative,tafumas
ply,n,tafumas,singular.accusative,idatafumas
ply,n,tafumas,singular.genitive,gatafumas
ply,n,tafumas,singular.dative,tafumasahi
pocket,n,karaoji,singular.nominative,karaoji
pocket,n,karaoji,singular.accusative,idakaraoji
pocket,n,karaoji,singular.genitive,gakaraoji
pocket,n,karaoji,singular.dative,karaojihi
poem,n,devinji,singular.nominative,devinji
poem,n,devinji,singular.accusative,idevinji
poem,n,devinji,singular.genitive,gadevinji
poem,n,devinji,singular.dative,devinjihi
point,n,deshuse,singular.nominative,deshuse
point,n,deshuse,singular.accusative,ideshuse
point,n,deshuse,singular.genitive,gadeshuse
point,n,deshuse,singular.dative,deshusehi
poise,v,anya,indicative.present.3sg,anya
poise,v,anya,imperative.present.3sg,anya
poise,v,anya,subjunctive.present.3sg,anyapo
poise,v,anya,conditional.present.3sg,anyad
poison,n,nanmasa,singular.nominative,nanmasa
poison,n,nanmasa,singular.accusative,idananmasa
poison,n,nanmasa,singular.genitive,gananmasa
poison,n,nanmasa,singular.dative,nanmasahi
polar,adj,dede,positive,dede
polar,adj,dede,comparative,zon dede
polar,adj,dede,superlative,yafuntt dede
poleaxe,n,gohano,singular.nominative,gohano
poleaxe,n,gohano,singular.accusative,idagohano
poleaxe,n,gohano,singular.genitive,gohano
poleaxe,n,gohano,singular.dative,gohanohi
police,n,anc,singular.nominative,anc
police,n,anc,singular.accusative,idanc
police,n,anc,singular.genitive,ganc
police,n,anc,singular.dative,ancahi
policy,n,pyuzuta,singular.nominative,pyuzuta
policy,n,pyuzuta,singular.accusative,idapyuzuta
policy,n,pyuzuta,singular.genitive,gapyuzuta
policy,n,pyuzuta,singular.dative,pyuzutahi
polish,v,tojozot,indicative.present.3sg,tojozot
polish,v,tojozot,imperative.present.3sg,tojozota
polish,v,tojozot,subjunctive.present.3sg,tojozotapo
polish,v,tojozot,conditional.present.3sg,tojozotad
polite,adj,kaou,positive,kaou
polite,adj,kaou,comparative,zon kaou
polite,adj,kaou,superlative,yafuntt kaou
politics,n,hisata,singular.nominative,hisata
politics,n,hisata,singular.accusative,idahisata
politics,n,hisata,singular.genitive,gahisata
politics,n,hisata,singular.dative,hisatahi
pollute,v,ryari,indicative.present.3sg,ryari
pollute,v,ryari,imperative.present.3sg,ryaria
pollute,v,ryari,subjunctive.present.3sg,ryaripo
pollute,v,ryari,conditional.present.3sg,ryarid
poltergeist,n,naryote,singular.nominative,naryote
poltergeist,n,naryote,singular.accusative,idanaryote
poltergeist,n,naryote,singular.genitive,ganaryote
poltergeist,n,naryote,singular.dative,naryotehi
pomegranate,n,pyoshiz,singular.nominative,pyoshiz
pomegranate,n,pyoshiz,singular.accusative,idapyoshiz
pomegranate,n,pyoshiz,singular.genitive,gapyoshiz
pomegranate,n,pyoshiz,singular.dative,pyoshizahi
pommel,n,hum,singular.nominative,hum
pommel,n,hum,singular.accusative,idahum
pommel,n,hum,singular.genitive,gahum
pommel,n,hum,singular.dative,humahi
pond,n,veni,singular.nominative,veni
pond,n,veni,singular.accusative,idaveni
pond,n,veni,singular.genitive,gaveni
pond,n,veni,singular.dative,venihi
ponder,v,shitabu,indicative.present.3sg,shitabu
ponder,v,shitabu,imperative.present.3sg,shitabua
ponder,v,shitabu,subjunctive.present.3sg,shitabupo
ponder,v,shitabu,conditional.present.3sg,shitabud
pony,n,echitab,singular.nominative,echitab
pony,n,echitab,singular.accusative,idechitab
pony,n,echitab,singular.genitive,gechitab
pony,n,echitab,singular.dative,echitabahi
poor,adj,soyokyo,positive,soyokyo
poor,adj,soyokyo,comparative,zon soyokyo
poor,adj,soyokyo,superlative,yafuntt soyokyo
poppy,n,nimasi,singular.nominative,nimasi
poppy,n,nimasi,singular.accusative,idanimasi
poppy,n,nimasi,singular.genitive,ganimasi
poppy,n,nimasi,singular.dative,nimasihi
popular,adj,geomonz,positive,geomonz
popular,adj,geomonz,comparative,zon geomonz
popular,adj,geomonz,superlative,yafuntt geomonz
populate,v,shiide,indicative.present.3sg,shiide
populate,v,shiide,imperative.present.3sg,shiidea
populate,v,shiide,subjunctive.present.3sg,shiidepo
populate,v,shiide,conditional.present.3sg,shiided
population,n,hokanny,singular.nominative,hokanny
population,n,hokanny,singular.accusative,idahokanny
population,n,hokanny,singular.genitive,gahokanny
population,n,hokanny,singular.dative,hokannyahi
porcelain,n,hyade,singular.nominative,hyade
porcelain,n,hyade,singular.accusative,idahyade
porcelain,n,hyade,singular.genitive,gahyade
porcelain,n,hyade,singular.dative,hyadehi
pork,n,sodo,singular.nominative,sodo
pork,n,sodo,singular.accusative,idasodo
pork,n,sodo,singular.genitive,gasodo
pork,n,sodo,singular.dative,sodohi
pornography,n,zomyo,singular.nominative,zomyo
pornography,n,zomyo,singular.accusative,idazomyo
pornography,n,zomyo,singular.genitive,gazomyo
pornography,n,zomyo,singular.dative,zomyohi
port,n,mumasu,singular.nominative,mumasu
port,n,mumasu,singular.accusative,idamumasu
port,n,mumasu,singular.genitive,gamumasu
port,n,mumasu,singular.dative,mumasuhi
portable,adj,otohaho,positive,otohaho
portable,adj,otohaho,comparative,zon otohaho
portable,adj,otohaho,superlative,yafuntt otohaho
portal,n,wottere,singular.nominative,wottere
portal,n,wottere,singular.accusative,idawottere
portal,n,wottere,singular.genitive,gawottere
portal,n,wottere,singular.dative,wotterehi
portcullis,n,onai,singular.nominative,onai
portcullis,n,onai,singular.accusative,idonai
portcullis,n,onai,singular.genitive,gonai
portcullis,n,onai,singular.dative,onaihi
porter,n,konchit,singular.nominative,konchit
porter,n,konchit,singular.accusative,idakonchit
porter,n,konchit,singular.genitive,gakonchit
porter,n,konchit,singular.dative,konchitahi
portion,n,shonzus,singular.nominative,shonzus
portion,n,shonzus,singular.accusative,idashonzus
portion,n,shonzus,singular.genitive,gashonzus
portion,n,shonzus,singular.dative,shonzusahi
pose,v,jiushis,indicative.present.3sg,jiushis
pose,v,jiushis,imperative.present.3sg,jiushisa
pose,v,jiushis,subjunctive.present.3sg,jiushisapo
pose,v,jiushis,conditional.present.3sg,jiushisad
position,n,waturu,singular.nominative,waturu
position,n,waturu,singular.accusative,idawaturu
position,n,waturu,singular.genitive,gawaturu
position,n,waturu,singular.dative,waturuhi
possess,v,rimasu,indicative.present.3sg,rimasu
possess,v,rimasu,imperative.present.3sg,rimasua
possess,v,rimasu,subjunctive.present.3sg,rimasupo
possess,v,rimasu,conditional.present.3sg,rimasud
possession,n,sut,singular.nominative,sut
possession,n,sut,singular.accusative,idasut
possession,n,sut,singular.genitive,gasut
possession,n,sut,singular.dative,sutahi
possible,adj,gono,positive,gono
possible,adj,gono,comparative,zon gono
possible,adj,gono,superlative,yafuntt gono
post,n,nique,singular.nominative,nique
post,n,nique,singular.accusative,idanique
post,n,nique,singular.genitive,ganique
post,n,nique,singular.dative,niquehi
post,v,rezewo,indicative.present.3sg,rezewo
post,v,rezewo,imperative.present.3sg,rezewoa
post,v,rezewo,subjunctive.present.3sg,rezewopo
post,v,rezewo,conditional.present.3sg,rezewod
postern,n,sejiyan,singular.nominative,sejiyan
postern,n,sejiyan,singular.accusative,idasejiyan
postern,n,sejiyan,singular.genitive,gasejiyan
postern,n,sejiyan,singular.dative,sejiyanahi
postpone,v,extarah,indicative.present.3sg,extarah
postpone,v,extarah,imperative.present.3sg,extaraha
postpone,v,extarah,subjunctive.present.3sg,extarahapo
postpone,v,extarah,conditional.present.3sg,extarahad
postulate,v,kopyanr,indicative.present.3sg,kopyanr
postulate,v,kopyanr,imperative.present.3sg,kopyanra
postulate,v,kopyanr,subjunctive.present.3sg,kopyanrapo
postulate,v,kopyanr,conditional.present.3sg,kopyanrad
posture,n,chiciru,singular.nominative,chiciru
posture,n,chiciru,singular.accusative,idachiciru
posture,n,chiciru,singular.genitive,gachiciru
posture,n,chiciru,singular.dative,chiciruhi
pot,n,yopoto,singular.nominative,yopoto
pot,n,yopoto,singular.accusative,idayopoto
pot,n,yopoto,singular.genitive,gayopoto
pot,n,yopoto,singular.dative,yopotohi
potato,n,buzuda,singular.nominative,buzuda
potato,n,buzuda,singular.accusative,idabuzuda
potato,n,buzuda,singular.genitive,gabuzuda
potato,n,buzuda,singular.dative,buzudahi
potion,n,dentana,singular.nominative,dentana
potion,n,dentana,singular.accusative,identana
potion,n,dentana,singular.genitive,gadentana
potion,n,dentana,singular.dative,dentanahi
pottery,n,pyahaho,singular.nominative,pyahaho
pottery,n,pyahaho,singular.accusative,idapyahaho
pottery,n,pyahaho,singular.genitive,gapyahaho
pottery,n,pyahaho,singular.dative,pyahahohi
pouch,n,zohera,singular.nominative,zohera
pouch,n,zohera,singular.accusative,idazohera
pouch,n,zohera,singular.genitive,gazohera
pouch,n,zohera,singular.dative,zoherahi
poultry,n,kai,singular.nominative,kai
poultry,n,kai,singular.accusative,idakai
poultry,n,kai,singular.genitive,gakai
poultry,n,kai,singular.dative,kaihi
powder,n,anaryuh,singular.nominative,anaryuh
powder,n,anaryuh,singular.accusative,idanaryuh
powder,n,anaryuh,singular.genitive,ganaryuh
powder,n,anaryuh,singular.dative,anaryuhi
power,n,nakite,singular.nominative,nakite
power,n,nakite,singular.accusative,idanakite
power,n,nakite,singular.genitive,ganakite
power,n,nakite,singular.dative,nakitehi
practical,adj,meamasu,positive,meamasu
practical,adj,meamasu,comparative,zon meamasu
practical,adj,meamasu,superlative,yafuntt meamasu
practice,v,ehazu,indicative.present.3sg,ehazu
practice,v,ehazu,imperative.present.3sg,ehazua
practice,v,ehazu,subjunctive.present.3sg,ehazupo
practice,v,ehazu,conditional.present.3sg,ehazud
practitioner,n,nesu,singular.nominative,nesu
practitioner,n,nesu,singular.accusative,idanesu
practitioner,n,nesu,singular.genitive,ganesu
practitioner,n,nesu,singular.dative,nesuhi
pragmatic,adj,kotodom,positive,kotodom
pragmatic,adj,kotodom,comparative,zon kotodom
pragmatic,adj,kotodom,superlative,yafuntt kotodom
prairie,n,bognai,singular.nominative,bognai
prairie,n,bognai,singular.accusative,idabognai
prairie,n,bognai,singular.genitive,gabognai
prairie,n,bognai,singular.dative,bognaihi
praise,v,senai,indicative.present.3sg,senai
praise,v,senai,imperative.present.3sg,senaia
praise,v,senai,subjunctive.present.3sg,senaipo
praise,v,senai,conditional.present.3sg,senaid
prawn,n,upyanar,singular.nominative,upyanar
prawn,n,upyanar,singular.accusative,idupyanar
prawn,n,upyanar,singular.genitive,gupyanar
prawn,n,upyanar,singular.dative,upyanarahi
pray,v,kyosomy,indicative.present.3sg,kyosomy
pray,v,kyosomy,imperative.present.3sg,kyosomya
pray,v,kyosomy,subjunctive.present.3sg,kyosomyapo
pray,v,kyosomy,conditional.present.3sg,kyosomyad
precede,v,deshoyu,indicative.present.3sg,deshoyu
precede,v,deshoyu,imperative.present.3sg,deshoyua
precede,v,deshoyu,subjunctive.present.3sg,deshoyupo
precede,v,deshoyu,conditional.present.3sg,deshoyud
precedent,n,soe,singular.nominative,soe
precedent,n,soe,singular.accusative,idasoe
precedent,n,soe,singular.genitive,gasoe
precedent,n,soe,singular.dative,soehi
precinct,n,wotono,singular.nominative,wotono
precinct,n,wotono,singular.accusative,idawotono
precinct,n,wotono,singular.genitive,gawotono
precinct,n,wotono,singular.dative,wotonohi
precious,adj,dewo,positive,dewo
precious,adj,dewo,comparative,zon dewo
precious,adj,dewo,superlative,yafuntt dewo
precise,adj,stis,positive,stis
precise,adj,stis,comparative,zon stis
precise,adj,stis,superlative,yafuntt stis
precognition,n,kanzu,singular.nominative,kanzu
precognition,n,kanzu,singular.accusative,idakanzu
precognition,n,kanzu,singular.genitive,gakanzu
precognition,n,kanzu,singular.dative,kanzuhi
predecessor,n,mize,singular.nominative,mize
predecessor,n,mize,singular.accusative,idamize
predecessor,n,mize,singular.genitive,gamize
predecessor,n,mize,singular.dative,mizehi
predict,v,osozoj,indicative.present.3sg,osozoj
predict,v,osozoj,imperative.present.3sg,osozoja
predict,v,osozoj,subjunctive.present.3sg,osozojapo
predict,v,osozoj,conditional.present.3sg,osozojad
pregnant,adj,yodemas,positive,yodemas
pregnant,adj,yodemas,comparative,zon yodemas
pregnant,adj,yodemas,superlative,yafuntt yodemas
prejudice,n,exinaku,singular.nominative,exinaku
prejudice,n,exinaku,singular.accusative,idexinaku
prejudice,n,exinaku,singular.genitive,gexinaku
prejudice,n,exinaku,singular.dative,exinakuhi
premier,adj,renyazo,positive,renyazo
premier,adj,renyazo,comparative,zon renyazo
premier,adj,renyazo,superlative,yafuntt renyazo
premiere,n,kosemas,singular.nominative,kosemas
premiere,n,kosemas,singular.accusative,idakosemas
premiere,n,kosemas,singular.genitive,gakosemas
premiere,n,kosemas,singular.dative,kosemasahi
premise,n,sekaroo,singular.nominative,sekaroo
premise,n,sekaroo,singular.accusative,idasekaroo
premise,n,sekaroo,singular.genitive,gasekaroo
premise,n,sekaroo,singular.dative,sekaroohi
preparation,n,tsuncho,singular.nominative,tsuncho
preparation,n,tsuncho,singular.accusative,idatsuncho
preparation,n,tsuncho,singular.genitive,gatsuncho
preparation,n,tsuncho,singular.dative,tsunchohi
prepare,v,kotodoo,indicative.present.3sg,kotodoo
prepare,v,kotodoo,imperative.present.3sg,kotodooa
prepare,v,kotodoo,subjunctive.present.3sg,kotodoopo
prepare,v,kotodoo,conditional.present.3sg,kotodood
preparing,n,gowaru,singular.nominative,gowaru
preparing,n,gowaru,singular.accusative,idagowaru
preparing,n,gowaru,singular.genitive,gowaru
preparing,n,gowaru,singular.dative,gowaruhi
prescribe,v,ohochu,indicative.present.3sg,ohochu
prescribe,v,ohochu,imperative.present.3sg,ohochua
prescribe,v,ohochu,subjunctive.present.3sg,ohochupo
prescribe,v,ohochu,conditional.present.3sg,ohochud
present (gift),n,aryu,singular.nominative,aryu
present (gift),n,aryu,singular.accusative,idaryu
present (gift),n,aryu,singular.genitive,garyu
present (gift),n,aryu,singular.dative,aryuhi
present (time),n,jiu,singular.nominative,jiu
present (time),n,jiu,singular.accusative,idajiu
present (time),n,jiu,singular.genitive,gajiu
present (time),n,jiu,singular.dative,jiuhi
present,n,okarimy,singular.nominative,okarimy
present,n,okarimy,singular.accusative,idokarimy
present,n,okarimy,singular.genitive,gokarimy
present,n,okarimy,singular.dative,okarimyahi
present,v,liundes,indicative.present.3sg,liundes
present,v,liundes,imperative.present.3sg,liundesa
present,v,liundes,subjunctive.present.3sg,liundesapo
present,v,liundes,conditional.present.3sg,liundesad
presidents,n,konarim,singular.nominative,konarim
presidents,n,konarim,singular.accusative,idakonarim
presidents,n,konarim,singular.genitive,gakonarim
presidents,n,konarim,singular.dative,konarimahi
pressure,n,ukyamas,singular.nominative,ukyamas
pressure,n,ukyamas,singular.accusative,idukyamas
pressure,n,ukyamas,singular.genitive,gukyamas
pressure,n,ukyamas,singular.dative,ukyamasahi
prestige,n,gubi,singular.nominative,gubi
prestige,n,gubi,singular.accusative,idagubi
prestige,n,gubi,singular.genitive,gubi
prestige,n,gubi,singular.dative,gubihi
prestigious,adj,keng,positive,keng
prestigious,adj,keng,comparative,zon keng
prestigious,adj,keng,superlative,yafuntt keng
pretty,adj,otoimas,positive,otoimas
pretty,adj,otoimas,comparative,zon otoimas
pretty,adj,otoimas,superlative,yafuntt otoimas
prevalent,adj,jina,positive,jina
prevalent,adj,jina,comparative,zon jina
prevalent,adj,jina,superlative,yafuntt jina
prevent,v,shunnar,indicative.present.3sg,shunnar
prevent,v,shunnar,imperative.present.3sg,shunnara
prevent,v,shunnar,subjunctive.present.3sg,shunnarapo
prevent,v,shunnar,conditional.present.3sg,shunnarad
prey,n,heishit,singular.nominative,heishit
prey,n,heishit,singular.accusative,idaheishit
prey,n,heishit,singular.genitive,gaheishit
prey,n,heishit,singular.dative,heishitahi
price,n,momyowo,singular.nominative,momyowo
price,n,momyowo,singular.accusative,idamomyowo
price,n,momyowo,singular.genitive,gamomyowo
price,n,momyowo,singular.dative,momyowohi
prick,v,ryatte,indicative.present.3sg,ryatte
prick,v,ryatte,imperative.present.3sg,ryattea
prick,v,ryatte,subjunctive.present.3sg,ryattepo
prick,v,ryatte,conditional.present.3sg,ryatted
pride,n,jihamam,singular.nominative,jihamam
pride,n,jihamam,singular.accusative,idajihamam
pride,n,jihamam,singular.genitive,gajihamam
pride,n,jihamam,singular.dative,jihamamahi
priest,n,moeji,singular.nominative,moeji
priest,n,moeji,singular.accusative,idamoeji
priest,n,moeji,singular.genitive,gamoeji
priest,n,moeji,singular.dative,moejihi
priestess,n,pyuruhe,singular.nominative,pyuruhe
priestess,n,pyuruhe,singular.accusative,idapyuruhe
priestess,n,pyuruhe,singular.genitive,gapyuruhe
priestess,n,pyuruhe,singular.dative,pyuruhehi
primitive,adj,zachozo,positive,zachozo
primitive,adj,zachozo,comparative,zon zachozo
primitive,adj,zachozo,superlative,yafuntt zachozo
prince,n,deshuho,singular.nominative,deshuho
prince,n,deshuho,singular.accusative,ideshuho
prince,n,deshuho,singular.genitive,gadeshuho
prince,n,deshuho,singular.dative,deshuhohi
princes,n,toheyo,singular.nominative,toheyo
princes,n,toheyo,singular.accusative,idatoheyo
princes,n,toheyo,singular.genitive,gatoheyo
princes,n,toheyo,singular.dative,toheyohi
princess,n,degyuyu,singular.nominative,degyuyu
princess,n,degyuyu,singular.accusative,idegyuyu
princess,n,degyuyu,singular.genitive,gadegyuyu
princess,n,degyuyu,singular.dative,degyuyuhi
print,n,choo,singular.nominative,choo
print,n,choo,singular.accusative,idachoo
print,n,choo,singular.genitive,gachoo
print,n,choo,singular.dative,choohi
priority,n,zodosa,singular.nominative,zodosa
priority,n,zodosa,singular.accusative,idazodosa
priority,n,zodosa,singular.genitive,gazodosa
priority,n,zodosa,singular.dative,zodosahi
prism,n,modanro,singular.nominative,modanro
prism,n,modanro,singular.accusative,idamodanro
prism,n,modanro,singular.genitive,gamodanro
prism,n,modanro,singular.dative,modanrohi
prison,n,ozuset,singular.nominative,ozuset
prison,n,ozuset,singular.accusative,idozuset
prison,n,ozuset,singular.genitive,gozuset
prison,n,ozuset,singular.dative,ozusetahi
private,adj,zhemasi,positive,zhemasi
private,adj,zhemasi,comparative,zon zhemasi
private,adj,zhemasi,superlative,yafuntt zhemasi
privilege,n,byujita,singular.nominative,byujita
privilege,n,byujita,singular.accusative,idabyujita
privilege,n,byujita,singular.genitive,gabyujita
privilege,n,byujita,singular.dative,byujitahi
prize,n,hokuzut,singular.nominative,hokuzut
prize,n,hokuzut,singular.accusative,idahokuzut
prize,n,hokuzut,singular.genitive,gahokuzut
prize,n,hokuzut,singular.dative,hokuzutahi
probable,adj,pyamyap,positive,pyamyap
probable,adj,pyamyap,comparative,zon pyamyap
probable,adj,pyamyap,superlative,yafuntt pyamyap
probe,v,goruhy,indicative.present.3sg,goruhy
probe,v,goruhy,imperative.present.3sg,goruhya
probe,v,goruhy,subjunctive.present.3sg,goruhyapo
probe,v,goruhy,conditional.present.3sg,goruhyad
problem,n,totomyu,singular.nominative,totomyu
problem,n,totomyu,singular.accusative,idatotomyu
problem,n,totomyu,singular.genitive,gatotomyu
problem,n,totomyu,singular.dative,totomyuhi
procedure,n,uyoru,singular.nominative,uyoru
procedure,n,uyoru,singular.accusative,iduyoru
procedure,n,uyoru,singular.genitive,guyoru
procedure,n,uyoru,singular.dative,uyoruhi
process,n,hosoo,singular.nominative,hosoo
process,n,hosoo,singular.accusative,idahosoo
process,n,hosoo,singular.genitive,gahosoo
process,n,hosoo,singular.dative,hosoohi
proclaim,v,doshu,indicative.present.3sg,doshu
proclaim,v,doshu,imperative.present.3sg,doshua
proclaim,v,doshu,subjunctive.present.3sg,doshupo
proclaim,v,doshu,conditional.present.3sg,doshud
produce,v,gozunt,indicative.present.3sg,gozunt
produce,v,gozunt,imperative.present.3sg,gozunta
produce,v,gozunt,subjunctive.present.3sg,gozuntapo
produce,v,gozunt,conditional.present.3sg,gozuntad
production,n,quitte,singular.nominative,quitte
production,n,quitte,singular.accusative,idaquitte
production,n,quitte,singular.genitive,gaquitte
production,n,quitte,singular.dative,quittehi
profit,n,odeshod,singular.nominative,odeshod
profit,n,odeshod,singular.accusative,idodeshod
profit,n,odeshod,singular.genitive,godeshod
profit,n,odeshod,singular.dative,odeshodahi
program,n,oda,singular.nominative,oda
program,n,oda,singular.accusative,idoda
program,n,oda,singular.genitive,goda
program,n,oda,singular.dative,odahi
progress,n,pobupyu,singular.nominative,pobupyu
progress,n,pobupyu,singular.accusative,idapobupyu
progress,n,pobupyu,singular.genitive,gapobupyu
progress,n,pobupyu,singular.dative,pobupyuhi
project,n,boshoda,singular.nominative,boshoda
project,n,boshoda,singular.accusative,idaboshoda
project,n,boshoda,singular.genitive,gaboshoda
project,n,boshoda,singular.dative,boshodahi
projected,adj,yachuma,positive,yachuma
projected,adj,yachuma,comparative,zon yachuma
projected,adj,yachuma,superlative,yafuntt yachuma
projectile,n,tsuhema,singular.nominative,tsuhema
projectile,n,tsuhema,singular.accusative,idatsuhema
projectile,n,tsuhema,singular.genitive,gatsuhema
projectile,n,tsuhema,singular.dative,tsuhemahi
projection,n,bozam,singular.nominative,bozam
projection,n,bozam,singular.accusative,idabozam
projection,n,bozam,singular.genitive,gabozam
projection,n,bozam,singular.dative,bozamahi
prolonging,n,karoo,singular.nominative,karoo
prolonging,n,karoo,singular.accusative,idakaroo
prolonging,n,karoo,singular.genitive,gakaroo
prolonging,n,karoo,singular.dative,karoohi
promise,n,gahotat,singular.nominative,gahotat
promise,n,gahotat,singular.accusative,idagahotat
promise,n,gahotat,singular.genitive,gahotat
promise,n,gahotat,singular.dative,gahotatahi
promote,v,reque,indicative.present.3sg,reque
promote,v,reque,imperative.present.3sg,requea
promote,v,reque,subjunctive.present.3sg,requepo
promote,v,reque,conditional.present.3sg,requed
prompt,adj,gujidoz,positive,gujidoz
prompt,adj,gujidoz,comparative,zon gujidoz
prompt,adj,gujidoz,superlative,yafuntt gujidoz
prone,adj,scaling,positive,scaling
prone,adj,scaling,comparative,zon scaling
prone,adj,scaling,superlative,yafuntt scaling
pronounce,v,xinatta,indicative.present.3sg,xinatta
pronounce,v,xinatta,imperative.present.3sg,xinatta
pronounce,v,xinatta,subjunctive.present.3sg,xinattapo
pronounce,v,xinatta,conditional.present.3sg,xinattad
prop,v,yoidatt,indicative.present.3sg,yoidatt
prop,v,yoidatt,imperative.present.3sg,yoidatta
prop,v,yoidatt,subjunctive.present.3sg,yoidattapo
prop,v,yoidatt,conditional.present.3sg,yoidattad
propaganda,n,nyodatt,singular.nominative,nyodatt
propaganda,n,nyodatt,singular.accusative,idanyodatt
propaganda,n,nyodatt,singular.genitive,ganyodatt
propaganda,n,nyodatt,singular.dative,nyodattahi
propel,v,ozunru,indicative.present.3sg,ozunru
propel,v,ozunru,imperative.present.3sg,ozunrua
propel,v,ozunru,subjunctive.present.3sg,ozunrupo
propel,v,ozunru,conditional.present.3sg,ozunrud
property,n,dejija,singular.nominative,dejija
property,n,dejija,singular.accusative,idejija
property,n,dejija,singular.genitive,gadejija
property,n,dejija,singular.dative,dejijahi
prophet,n,meza,singular.nominative,meza
prophet,n,meza,singular.accusative,idameza
prophet,n,meza,singular.genitive,gameza
prophet,n,meza,singular.dative,mezahi
proposed,adj,redasu,positive,redasu
proposed,adj,redasu,comparative,zon redasu
proposed,adj,redasu,superlative,yafuntt redasu
prose,n,oiseru,singular.nominative,oiseru
prose,n,oiseru,singular.accusative,idoiseru
prose,n,oiseru,singular.genitive,goiseru
prose,n,oiseru,singular.dative,oiseruhi
prosecute,v,hiwo,indicative.present.3sg,hiwo
prosecute,v,hiwo,imperative.present.3sg,hiwoa
prosecute,v,hiwo,subjunctive.present.3sg,hiwopo
prosecute,v,hiwo,conditional.present.3sg,hiwod
prospect,n,hayum,singular.nominative,hayum
prospect,n,hayum,singular.accusative,idahayum
prospect,n,hayum,singular.genitive,gahayum
prospect,n,hayum,singular.dative,hayumahi
prostitute,n,arazoru,singular.nominative,arazoru
prostitute,n,arazoru,singular.accusative,idarazoru
prostitute,n,arazoru,singular.genitive,garazoru
prostitute,n,arazoru,singular.dative,arazoruhi
protagonist,n,ryanata,singular.nominative,ryanata
protagonist,n,ryanata,singular.accusative,idaryanata
protagonist,n,ryanata,singular.genitive,garyanata
protagonist,n,ryanata,singular.dative,ryanatahi
protect,v,yuwo,indicative.present.3sg,yuwo
protect,v,yuwo,imperative.present.3sg,yuwoa
protect,v,yuwo,subjunctive.present.3sg,yuwopo
protect,v,yuwo,conditional.present.3sg,yuwod
protection,n,juke,singular.nominative,juke
protection,n,juke,singular.accusative,idajuke
protection,n,juke,singular.genitive,gajuke
protection,n,juke,singular.dative,jukehi
protest,v,niheza,indicative.present.3sg,niheza
protest,v,niheza,imperative.present.3sg,niheza
protest,v,niheza,subjunctive.present.3sg,nihezapo
protest,v,niheza,conditional.present.3sg,nihezad
prototype,n,zururu,singular.nominative,zururu
prototype,n,zururu,singular.accusative,idazururu
prototype,n,zururu,singular.genitive,gazururu
prototype,n,zururu,singular.dative,zururuhi
proud,adj,monakya,positive,monakya
proud,adj,monakya,comparative,zon monakya
proud,adj,monakya,superlative,yafuntt monakya
prove,v,debyaya,indicative.present.3sg,debyaya
prove,v,debyaya,imperative.present.3sg,debyaya
prove,v,debyaya,subjunctive.present.3sg,debyayapo
prove,v,debyaya,conditional.present.3sg,debyayad
proverb,n,heyujir,singular.nominative,heyujir
proverb,n,heyujir,singular.accusative,idaheyujir
proverb,n,heyujir,singular.genitive,gaheyujir
proverb,n,heyujir,singular.dative,heyujirahi
provide,v,desuzar,indicative.present.3sg,desuzar
provide,v,desuzar,imperative.present.3sg,desuzara
provide,v,desuzar,subjunctive.present.3sg,desuzarapo
provide,v,desuzar,conditional.present.3sg,desuzarad
province,n,zabyunt,singular.nominative,zabyunt
province,n,zabyunt,singular.accusative,idazabyunt
province,n,zabyunt,singular.genitive,gazabyunt
province,n,zabyunt,singular.dative,zabyuntahi
provision,n,idiideg,singular.nominative,idiideg
provision,n,idiideg,singular.accusative,ididiideg
provision,n,idiideg,singular.genitive,gidiideg
provision,n,idiideg,singular.dative,idiidegahi
provoke,v,ujozoma,indicative.present.3sg,ujozoma
provoke,v,ujozoma,imperative.present.3sg,ujozoma
provoke,v,ujozoma,subjunctive.present.3sg,ujozomapo
provoke,v,ujozoma,conditional.present.3sg,ujozomad
prowl,v,wajakya,indicative.present.3sg,wajakya
prowl,v,wajakya,imperative.present.3sg,wajakya
prowl,v,wajakya,subjunctive.present.3sg,wajakyapo
prowl,v,wajakya,conditional.present.3sg,wajakyad
psaltery,n,fumas,singular.nominative,fumas
psaltery,n,fumas,singular.accusative,idafumas
psaltery,n,fumas,singular.genitive,gafumas
psaltery,n,fumas,singular.dative,fumasahi
psychology,n,viumyam,singular.nominative,viumyam
psychology,n,viumyam,singular.accusative,idaviumyam
psychology,n,viumyam,singular.genitive,gaviumyam
psychology,n,viumyam,singular.dative,viumyamahi
pub,n,yotsu,singular.nominative,yotsu
pub,n,yotsu,singular.accusative,idayotsu
pub,n,yotsu,singular.genitive,gayotsu
pub,n,yotsu,singular.dative,yotsuhi
pubic hair,n,wahyush,singular.nominative,wahyush
pubic hair,n,wahyush,singular.accusative,idawahyush
pubic hair,n,wahyush,singular.genitive,gawahyush
pubic hair,n,wahyush,singular.dative,wahyushi
public,n,chudesh,singular.nominative,chudesh
public,n,chudesh,singular.accusative,idachudesh
public,n,chudesh,singular.genitive,gachudesh
public,n,chudesh,singular.dative,chudeshi
publicity,n,semo,singular.nominative,semo
publicity,n,semo,singular.accusative,idasemo
publicity,n,semo,singular.genitive,gasemo
publicity,n,semo,singular.dative,semohi
puddle,n,oonaki,singular.nominative,oonaki
puddle,n,oonaki,singular.accusative,idoonaki
puddle,n,oonaki,singular.genitive,goonaki
puddle,n,oonaki,singular.dative,oonakihi
pull,v,ipantar,indicative.present.3sg,ipantar
pull,v,ipantar,imperative.present.3sg,ipantara
pull,v,ipantar,subjunctive.present.3sg,ipantarapo
pull,v,ipantar,conditional.present.3sg,ipantarad
pulley,n,ukyodar,singular.nominative,ukyodar
pulley,n,ukyodar,singular.accusative,idukyodar
pulley,n,ukyodar,singular.genitive,gukyodar
pulley,n,ukyodar,singular.dative,ukyodarahi
pulse,n,gyuhyan,singular.nominative,gyuhyan
pulse,n,gyuhyan,singular.accusative,idagyuhyan
pulse,n,gyuhyan,singular.genitive,gayuhyan
pulse,n,gyuhyan,singular.dative,gyuhyanahi
pump,n,nakipes,singular.nominative,nakipes
pump,n,nakipes,singular.accusative,idanakipes
pump,n,nakipes,singular.genitive,ganakipes
pump,n,nakipes,singular.dative,nakipesahi
pumpkin,n,nyozech,singular.nominative,nyozech
pumpkin,n,nyozech,singular.accusative,idanyozech
pumpkin,n,nyozech,singular.genitive,ganyozech
pumpkin,n,nyozech,singular.dative,nyozechi
pun,n,omeyom,singular.nominative,omeyom
pun,n,omeyom,singular.accusative,idomeyom
pun,n,omeyom,singular.genitive,gomeyom
pun,n,omeyom,singular.dative,omeyomahi
punch,n,zea,singular.nominative,zea
punch,n,zea,singular.accusative,idazea
punch,n,zea,singular.genitive,gazea
punch,n,zea,singular.dative,zeahi
pungent,adj,zuzette,positive,zuzette
pungent,adj,zuzette,comparative,zon zuzette
pungent,adj,zuzette,superlative,yafuntt zuzette
punish,v,pyoru,indicative.present.3sg,pyoru
punish,v,pyoru,imperative.present.3sg,pyorua
punish,v,pyoru,subjunctive.present.3sg,pyorupo
punish,v,pyoru,conditional.present.3sg,pyorud
pupil,n,polenak,singular.nominative,polenak
pupil,n,polenak,singular.accusative,idapolenak
pupil,n,polenak,singular.genitive,gapolenak
pupil,n,polenak,singular.dative,polenakahi
puppet,n,esoo,singular.nominative,esoo
puppet,n,esoo,singular.accusative,idesoo
puppet,n,esoo,singular.genitive,gesoo
puppet,n,esoo,singular.dative,esoohi
pure,adj,daritte,positive,daritte
pure,adj,daritte,comparative,zon daritte
pure,adj,daritte,superlative,yafuntt daritte
purification,n,benbama,singular.nominative,benbama
purification,n,benbama,singular.accusative,idabenbama
purification,n,benbama,singular.genitive,gabenbama
purification,n,benbama,singular.dative,benbamahi
purple,adj,jita,positive,jita
purple,adj,jita,comparative,zon jita
purple,adj,jita,superlative,yafuntt jita
purpose,n,ayobama,singular.nominative,ayobama
purpose,n,ayobama,singular.accusative,idayobama
purpose,n,ayobama,singular.genitive,gayobama
purpose,n,ayobama,singular.dative,ayobamahi
purse,n,gyazoto,singular.nominative,gyazoto
purse,n,gyazoto,singular.accusative,idagyazoto
purse,n,gyazoto,singular.genitive,gayazoto
purse,n,gyazoto,singular.dative,gyazotohi
push,v,zezono,indicative.present.3sg,zezono
push,v,zezono,imperative.present.3sg,zezonoa
push,v,zezono,subjunctive.present.3sg,zezonopo
push,v,zezono,conditional.present.3sg,zezonod
put,v,bimasu,indicative.present.3sg,bimasu
put,v,bimasu,imperative.present.3sg,bimasua
put,v,bimasu,subjunctive.present.3sg,bimasupo
put,v,bimasu,conditional.present.3sg,bimasud
putrescence,n,momyum,singular.nominative,momyum
putrescence,n,momyum,singular.accusative,idamomyum
putrescence,n,momyum,singular.genitive,gamomyum
putrescence,n,momyum,singular.dative,momyumahi
putresence,n,sofuni,singular.nominative,sofuni
putresence,n,sofuni,singular.accusative,idasofuni
putresence,n,sofuni,singular.genitive,gasofuni
putresence,n,sofuni,singular.dative,sofunihi
pyramid,n,kyojide,singular.nominative,kyojide
pyramid,n,kyojide,singular.accusative,idakyojide
pyramid,n,kyojide,singular.genitive,gakyojide
pyramid,n,kyojide,singular.dative,kyojidehi
pyrogenesis,n,yushatu,singular.nominative,yushatu
pyrogenesis,n,yushatu,singular.accusative,idayushatu
pyrogenesis,n,yushatu,singular.genitive,gayushatu
pyrogenesis,n,yushatu,singular.dative,yushatuhi
python,n,byapita,singular.nominative,byapita
python,n,byapita,singular.accusative,idabyapita
python,n,byapita,singular.genitive,gabyapita
python,n,byapita,singular.dative,byapitahi
quail,n,datanar,singular.nominative,datanar
quail,n,datanar,singular.accusative,idatanar
quail,n,datanar,singular.genitive,gadatanar
quail,n,datanar,singular.dative,datanarahi
qualify,v,otorest,indicative.present.3sg,otorest
qualify,v,otorest,imperative.present.3sg,otoresta
qualify,v,otorest,subjunctive.present.3sg,otorestapo
qualify,v,otorest,conditional.present.3sg,otorestad
qualitative,adj,efudesh,positive,efudesh
qualitative,adj,efudesh,comparative,zon efudesh
qualitative,adj,efudesh,superlative,yafuntt efudesh
quality,n,zatquo,singular.nominative,zatquo
quality,n,zatquo,singular.accusative,idazatquo
quality,n,zatquo,singular.genitive,gazatquo
quality,n,zatquo,singular.dative,zatquohi
quantum,n,mochito,singular.nominative,mochito
quantum,n,mochito,singular.accusative,idamochito
quantum,n,mochito,singular.genitive,gamochito
quantum,n,mochito,singular.dative,mochitohi
quarrel,n,womigya,singular.nominative,womigya
quarrel,n,womigya,singular.accusative,idawomigya
quarrel,n,womigya,singular.genitive,gawomigya
quarrel,n,womigya,singular.dative,womigyahi
quart,n,arosewo,singular.nominative,arosewo
quart,n,arosewo,singular.accusative,idarosewo
quart,n,arosewo,singular.genitive,garosewo
quart,n,arosewo,singular.dative,arosewohi
quarter,adj,desanru,positive,desanru
quarter,adj,desanru,comparative,zon desanru
quarter,adj,desanru,superlative,yafuntt desanru
quarterhorse,n,sayayun,singular.nominative,sayayun
quarterhorse,n,sayayun,singular.accusative,idasayayun
quarterhorse,n,sayayun,singular.genitive,gasayayun
quarterhorse,n,sayayun,singular.dative,sayayunahi
quarterstaff,n,oga,singular.nominative,oga
quarterstaff,n,oga,singular.accusative,idoga
quarterstaff,n,oga,singular.genitive,goga
quarterstaff,n,oga,singular.dative,ogahi
queen,n,hyuhai,singular.nominative,hyuhai
queen,n,hyuhai,singular.accusative,idahyuhai
queen,n,hyuhai,singular.genitive,gahyuhai
queen,n,hyuhai,singular.dative,hyuhaihi
question,n,nakarim,singular.nominative,nakarim
question,n,nakarim,singular.accusative,idanakarim
question,n,nakarim,singular.genitive,ganakarim
question,n,nakarim,singular.dative,nakarimahi
quick,adj,iortia,positive,iortia
quick,adj,iortia,comparative,zon iortia
quick,adj,iortia,superlative,yafuntt iortia
quickness,n,zemashu,singular.nominative,zemashu
quickness,n,zemashu,singular.accusative,idazemashu
quickness,n,zemashu,singular.genitive,gazemashu
quickness,n,zemashu,singular.dative,zemashuhi
quiet,adj,shihyu,positive,shihyu
quiet,adj,shihyu,comparative,zon shihyu
quiet,adj,shihyu,superlative,yafuntt shihyu
quill pen,n,eta,singular.nominative,eta
quill pen,n,eta,singular.accusative,ideta
quill pen,n,eta,singular.genitive,geta
quill pen,n,eta,singular.dative,etahi
quill,n,jihyon,singular.nominative,jihyon
quill,n,jihyon,singular.accusative,idajihyon
quill,n,jihyon,singular.genitive,gajihyon
quill,n,jihyon,singular.dative,jihyonahi
quillon,n,womasah,singular.nominative,womasah
quillon,n,womasah,singular.accusative,idawomasah
quillon,n,womasah,singular.genitive,gawomasah
quillon,n,womasah,singular.dative,womasahi
quilt,n,chazuru,singular.nominative,chazuru
quilt,n,chazuru,singular.accusative,idachazuru
quilt,n,chazuru,singular.genitive,gachazuru
quilt,n,chazuru,singular.dative,chazuruhi
quitclaim,n,pasu,singular.nominative,pasu
quitclaim,n,pasu,singular.accusative,idapasu
quitclaim,n,pasu,singular.genitive,gapasu
quitclaim,n,pasu,singular.dative,pasuhi
quiver,n,wabehon,singular.nominative,wabehon
quiver,n,wabehon,singular.accusative,idawabehon
quiver,n,wabehon,singular.genitive,gawabehon
quiver,n,wabehon,singular.dative,wabehonahi
quota,n,kyoshir,singular.nominative,kyoshir
quota,n,kyoshir,singular.accusative,idakyoshir
quota,n,kyoshir,singular.genitive,gakyoshir
quota,n,kyoshir,singular.dative,kyoshirahi
rabbit,n,hitakot,singular.nominative,hitakot
rabbit,n,hitakot,singular.accusative,idahitakot
rabbit,n,hitakot,singular.genitive,gahitakot
rabbit,n,hitakot,singular.dative,hitakotahi
raccoon,n,pyate,singular.nominative,pyate
raccoon,n,pyate,singular.accusative,idapyate
raccoon,n,pyate,singular.genitive,gapyate
raccoon,n,pyate,singular.dative,pyatehi
race (ethnicity),n,gokiny,singular.nominative,gokiny
race (ethnicity),n,gokiny,singular.accusative,idagokiny
race (ethnicity),n,gokiny,singular.genitive,gokiny
race (ethnicity),n,gokiny,singular.dative,gokinyahi
race,n,zakinma,singular.nominative,zakinma
race,n,zakinma,singular.accusative,idazakinma
race,n,zakinma,singular.genitive,gazakinma
race,n,zakinma,singular.dative,zakinmahi
racket,n,ojomas,singular.nominative,ojomas
racket,n,ojomas,singular.accusative,idojomas
racket,n,ojomas,singular.genitive,gojomas
racket,n,ojomas,singular.dative,ojomasahi
radiate,v,yotte,indicative.present.3sg,yotte
radiate,v,yotte,imperative.present.3sg,yottea
radiate,v,yotte,subjunctive.present.3sg,yottepo
radiate,v,yotte,conditional.present.3sg,yotted
radical,adj,sano,positive,sano
radical,adj,sano,comparative,zon sano
radical,adj,sano,superlative,yafuntt sano
radius,n,ioru,singular.nominative,ioru
radius,n,ioru,singular.accusative,idioru
radius,n,ioru,singular.genitive,gioru
radius,n,ioru,singular.dative,ioruhi
raft,n,waga,singular.nominative,waga
raft,n,waga,singular.accusative,idawaga
raft,n,waga,singular.genitive,gawaga
raft,n,waga,singular.dative,wagahi
rag,n,dedo,singular.nominative,dedo
rag,n,dedo,singular.accusative,idedo
rag,n,dedo,singular.genitive,gadedo
rag,n,dedo,singular.dative,dedohi
rage,n,nattezo,singular.nominative,nattezo
rage,n,nattezo,singular.accusative,idanattezo
rage,n,nattezo,singular.genitive,ganattezo
rage,n,nattezo,singular.dative,nattezohi
raid,n,oryum,singular.nominative,oryum
raid,n,oryum,singular.accusative,idoryum
raid,n,oryum,singular.genitive,goryum
raid,n,oryum,singular.dative,oryumahi
rail,n,tomyowo,singular.nominative,tomyowo
rail,n,tomyowo,singular.accusative,idatomyowo
rail,n,tomyowo,singular.genitive,gatomyowo
rail,n,tomyowo,singular.dative,tomyowohi
rain,n,hyoe,singular.nominative,hyoe
rain,n,hyoe,singular.accusative,idahyoe
rain,n,hyoe,singular.genitive,gahyoe
rain,n,hyoe,singular.dative,hyoehi
rainbow,n,desoyu,singular.nominative,desoyu
rainbow,n,desoyu,singular.accusative,idesoyu
rainbow,n,desoyu,singular.genitive,gadesoyu
rainbow,n,desoyu,singular.dative,desoyuhi
raise,v,zoku,indicative.present.3sg,zoku
raise,v,zoku,imperative.present.3sg,zokua
raise,v,zoku,subjunctive.present.3sg,zokupo
raise,v,zoku,conditional.present.3sg,zokud
rake,n,ali,singular.nominative,ali
rake,n,ali,singular.accusative,idali
rake,n,ali,singular.genitive,gali
rake,n,ali,singular.dative,alihi
rally,v,yarane,indicative.present.3sg,yarane
rally,v,yarane,imperative.present.3sg,yaranea
rally,v,yarane,subjunctive.present.3sg,yaranepo
rally,v,yarane,conditional.present.3sg,yaraned
ram,n,emasum,singular.nominative,emasum
ram,n,emasum,singular.accusative,idemasum
ram,n,emasum,singular.genitive,gemasum
ram,n,emasum,singular.dative,emasumahi
ramp,n,luicion,singular.nominative,luicion
ramp,n,luicion,singular.accusative,idaluicion
ramp,n,luicion,singular.genitive,galuicion
ramp,n,luicion,singular.dative,luicionahi
rampart,n,eshita,singular.nominative,eshita
rampart,n,eshita,singular.accusative,ideshita
rampart,n,eshita,singular.genitive,geshita
rampart,n,eshita,singular.dative,eshitahi
random,adj,mondo,positive,mondo
random,adj,mondo,comparative,zon mondo
random,adj,mondo,superlative,yafuntt mondo
range,n,byuyush,singular.nominative,byuyush
range,n,byuyush,singular.accusative,idabyuyush
range,n,byuyush,singular.genitive,gabyuyush
range,n,byuyush,singular.dative,byuyushi
ranger,n,ribinky,singular.nominative,ribinky
ranger,n,ribinky,singular.accusative,idaribinky
ranger,n,ribinky,singular.genitive,garibinky
ranger,n,ribinky,singular.dative,ribinkyahi
rank (military),n,curyoar,singular.nominative,curyoar
rank (military),n,curyoar,singular.accusative,idacuryoar
rank (military),n,curyoar,singular.genitive,gacuryoar
rank (military),n,curyoar,singular.dative,curyoarahi
rank (position),n,daryoze,singular.nominative,daryoze
rank (position),n,daryoze,singular.accusative,idaryoze
rank (position),n,daryoze,singular.genitive,gadaryoze
rank (position),n,daryoze,singular.dative,daryozehi
rape,v,pyaclin,indicative.present.3sg,pyaclin
rape,v,pyaclin,imperative.present.3sg,pyaclina
rape,v,pyaclin,subjunctive.present.3sg,pyaclinapo
rape,v,pyaclin,conditional.present.3sg,pyaclinad
rapier,n,wahedes,singular.nominative,wahedes
rapier,n,wahedes,singular.accusative,idawahedes
rapier,n,wahedes,singular.genitive,gawahedes
rapier,n,wahedes,singular.dative,wahedesahi
rare,adj,opyo,positive,opyo
rare,adj,opyo,comparative,zon opyo
rare,adj,opyo,superlative,yafuntt opyo
rat,n,sopyu,singular.nominative,sopyu
rat,n,sopyu,singular.accusative,idasopyu
rat,n,sopyu,singular.genitive,gasopyu
rat,n,sopyu,singular.dative,sopyuhi
rate,n,oppenya,singular.nominative,oppenya
rate,n,oppenya,singular.accusative,idoppenya
rate,n,oppenya,singular.genitive,goppenya
rate,n,oppenya,singular.dative,oppenyahi
ration,n,arejita,singular.nominative,arejita
ration,n,arejita,singular.accusative,idarejita
ration,n,arejita,singular.genitive,garejita
ration,n,arejita,singular.dative,arejitahi
rational,adj,houmasu,positive,houmasu
rational,adj,houmasu,comparative,zon houmasu
rational,adj,houmasu,superlative,yafuntt houmasu
rationale,n,monkyaj,singular.nominative,monkyaj
rationale,n,monkyaj,singular.accusative,idamonkyaj
rationale,n,monkyaj,singular.genitive,gamonkyaj
rationale,n,monkyaj,singular.dative,monkyajahi
rattle,v,gogyobi,indicative.present.3sg,gogyobi
rattle,v,gogyobi,imperative.present.3sg,gogyobia
rattle,v,gogyobi,subjunctive.present.3sg,gogyobipo
rattle,v,gogyobi,conditional.present.3sg,gogyobid
ravel,v,zatsu,indicative.present.3sg,zatsu
ravel,v,zatsu,imperative.present.3sg,zatsua
ravel,v,zatsu,subjunctive.present.3sg,zatsupo
ravel,v,zatsu,conditional.present.3sg,zatsud
raven,n,hire,singular.nominative,hire
raven,n,hire,singular.accusative,idahire
raven,n,hire,singular.genitive,gahire
raven,n,hire,singular.dative,hirehi
raw,adj,quamasu,positive,quamasu
raw,adj,quamasu,comparative,zon quamasu
raw,adj,quamasu,superlative,yafuntt quamasu
ray,n,kotauza,singular.nominative,kotauza
ray,n,kotauza,singular.accusative,idakotauza
ray,n,kotauza,singular.genitive,gakotauza
ray,n,kotauza,singular.dative,kotauzahi
razor,n,dejito,singular.nominative,dejito
razor,n,dejito,singular.accusative,idejito
razor,n,dejito,singular.genitive,gadejito
razor,n,dejito,singular.dative,dejitohi
reach,v,zeru,indicative.present.3sg,zeru
reach,v,zeru,imperative.present.3sg,zerua
reach,v,zeru,subjunctive.present.3sg,zerupo
reach,v,zeru,conditional.present.3sg,zerud
react,v,monatta,indicative.present.3sg,monatta
react,v,monatta,imperative.present.3sg,monatta
react,v,monatta,subjunctive.present.3sg,monattapo
react,v,monatta,conditional.present.3sg,monattad
read,v,juhoto,indicative.present.3sg,juhoto
read,v,juhoto,imperative.present.3sg,juhotoa
read,v,juhoto,subjunctive.present.3sg,juhotopo
read,v,juhoto,conditional.present.3sg,juhotod
reading,n,momases,singular.nominative,momases
reading,n,momases,singular.accusative,idamomases
reading,n,momases,singular.genitive,gamomases
reading,n,momases,singular.dative,momasesahi
ready,adj,ite,positive,ite
ready,adj,ite,comparative,zon ite
ready,adj,ite,superlative,yafuntt ite
real,adj,xiciema,positive,xiciema
real,adj,xiciema,comparative,zon xiciema
real,adj,xiciema,superlative,yafuntt xiciema
realize,v,soyomas,indicative.present.3sg,soyomas
realize,v,soyomas,imperative.present.3sg,soyomasa
realize,v,soyomas,subjunctive.present.3sg,soyomasapo
realize,v,soyomas,conditional.present.3sg,soyomasad
realm,n,monomas,singular.nominative,monomas
realm,n,monomas,singular.accusative,idamonomas
realm,n,monomas,singular.genitive,gamonomas
realm,n,monomas,singular.dative,monomasahi
reap,v,shiru,indicative.present.3sg,shiru
reap,v,shiru,imperative.present.3sg,shirua
reap,v,shiru,subjunctive.present.3sg,shirupo
reap,v,shiru,conditional.present.3sg,shirud
rear,n,zahasu,singular.nominative,zahasu
rear,n,zahasu,singular.accusative,idazahasu
rear,n,zahasu,singular.genitive,gazahasu
rear,n,zahasu,singular.dative,zahasuhi
rearrangement,n,gofuru,singular.nominative,gofuru
rearrangement,n,gofuru,singular.accusative,idagofuru
rearrangement,n,gofuru,singular.genitive,gofuru
rearrangement,n,gofuru,singular.dative,gofuruhi
reason,n,meu,singular.nominative,meu
reason,n,meu,singular.accusative,idameu
reason,n,meu,singular.genitive,gameu
reason,n,meu,singular.dative,meuhi
reasonable,adj,ohegyu,positive,ohegyu
reasonable,adj,ohegyu,comparative,zon ohegyu
reasonable,adj,ohegyu,superlative,yafuntt ohegyu
rebec,n,zejozon,singular.nominative,zejozon
rebec,n,zejozon,singular.accusative,idazejozon
rebec,n,zejozon,singular.genitive,gazejozon
rebec,n,zejozon,singular.dative,zejozonahi
rebel,n,oizuke,singular.nominative,oizuke
rebel,n,oizuke,singular.accusative,idoizuke
rebel,n,oizuke,singular.genitive,goizuke
rebel,n,oizuke,singular.dative,oizukehi
receipt,n,jibuomy,singular.nominative,jibuomy
receipt,n,jibuomy,singular.accusative,idajibuomy
receipt,n,jibuomy,singular.genitive,gajibuomy
receipt,n,jibuomy,singular.dative,jibuomyahi
receive,v,minakin,indicative.present.3sg,minakin
receive,v,minakin,imperative.present.3sg,minakina
receive,v,minakin,subjunctive.present.3sg,minakinapo
receive,v,minakin,conditional.present.3sg,minakinad
recent,adj,seku,positive,seku
recent,adj,seku,comparative,zon seku
recent,adj,seku,superlative,yafuntt seku
reception (of office or hotel),n,byanmas,singular.nominative,byanmas
reception (of office or hotel),n,byanmas,singular.accusative,idabyanmas
reception (of office or hotel),n,byanmas,singular.genitive,gabyanmas
reception (of office or hotel),n,byanmas,singular.dative,byanmasahi
recession,n,chingya,singular.nominative,chingya
recession,n,chingya,singular.accusative,idachingya
recession,n,chingya,singular.genitive,gachingya
recession,n,chingya,singular.dative,chingyahi
recipe,n,mochi,singular.nominative,mochi
recipe,n,mochi,singular.accusative,idamochi
recipe,n,mochi,singular.genitive,gamochi
recipe,n,mochi,singular.dative,mochihi
recite,v,hoho,indicative.present.3sg,hoho
recite,v,hoho,imperative.present.3sg,hohoa
recite,v,hoho,subjunctive.present.3sg,hohopo
recite,v,hoho,conditional.present.3sg,hohod
recognize,v,pebya,indicative.present.3sg,pebya
recognize,v,pebya,imperative.present.3sg,pebya
recognize,v,pebya,subjunctive.present.3sg,pebyapo
recognize,v,pebya,conditional.present.3sg,pebyad
recommend,v,sodohay,indicative.present.3sg,sodohay
recommend,v,sodohay,imperative.present.3sg,sodohaya
recommend,v,sodohay,subjunctive.present.3sg,sodohayapo
recommend,v,sodohay,conditional.present.3sg,sodohayad
reconcile,v,mezewo,indicative.present.3sg,mezewo
reconcile,v,mezewo,imperative.present.3sg,mezewoa
reconcile,v,mezewo,subjunctive.present.3sg,mezewopo
reconcile,v,mezewo,conditional.present.3sg,mezewod
record,n,more,singular.nominative,more
record,n,more,singular.accusative,idamore
record,n,more,singular.genitive,gamore
record,n,more,singular.dative,morehi
recorder,n,jinmasu,singular.nominative,jinmasu
recorder,n,jinmasu,singular.accusative,idajinmasu
recorder,n,jinmasu,singular.genitive,gajinmasu
recorder,n,jinmasu,singular.dative,jinmasuhi
recover,v,daji,indicative.present.3sg,daji
recover,v,daji,imperative.present.3sg,dajia
recover,v,daji,subjunctive.present.3sg,dajipo
recover,v,daji,conditional.present.3sg,dajid
recreation,n,yura,singular.nominative,yura
recreation,n,yura,singular.accusative,idayura
recreation,n,yura,singular.genitive,gayura
recreation,n,yura,singular.dative,yurahi
recruit,v,nyoyujo,indicative.present.3sg,nyoyujo
recruit,v,nyoyujo,imperative.present.3sg,nyoyujoa
recruit,v,nyoyujo,subjunctive.present.3sg,nyoyujopo
recruit,v,nyoyujo,conditional.present.3sg,nyoyujod
recycle,v,damasem,indicative.present.3sg,damasem
recycle,v,damasem,imperative.present.3sg,damasema
recycle,v,damasem,subjunctive.present.3sg,damasemapo
recycle,v,damasem,conditional.present.3sg,damasemad
red,adj,jachu,positive,jachu
red,adj,jachu,comparative,zon jachu
red,adj,jachu,superlative,yafuntt jachu
reduce,v,hemonpe,indicative.present.3sg,hemonpe
reduce,v,hemonpe,imperative.present.3sg,hemonpea
reduce,v,hemonpe,subjunctive.present.3sg,hemonpepo
reduce,v,hemonpe,conditional.present.3sg,hemonped
redundant,adj,ikyo,positive,ikyo
redundant,adj,ikyo,comparative,zon ikyo
redundant,adj,ikyo,superlative,yafuntt ikyo
reef,n,dearima,singular.nominative,dearima
reef,n,dearima,singular.accusative,idearima
reef,n,dearima,singular.genitive,gadearima
reef,n,dearima,singular.dative,dearimahi
refer,v,goheni,indicative.present.3sg,goheni
refer,v,goheni,imperative.present.3sg,gohenia
refer,v,goheni,subjunctive.present.3sg,gohenipo
refer,v,goheni,conditional.present.3sg,gohenid
reference,n,banyo,singular.nominative,banyo
reference,n,banyo,singular.accusative,idabanyo
reference,n,banyo,singular.genitive,gabanyo
reference,n,banyo,singular.dative,banyohi
referendum,n,ximyaki,singular.nominative,ximyaki
referendum,n,ximyaki,singular.accusative,idaximyaki
referendum,n,ximyaki,singular.genitive,gaximyaki
referendum,n,ximyaki,singular.dative,ximyakihi
refine,v,boketum,indicative.present.3sg,boketum
refine,v,boketum,imperative.present.3sg,boketuma
refine,v,boketum,subjunctive.present.3sg,boketumapo
refine,v,boketum,conditional.present.3sg,boketumad
reflect,v,iwoyude,indicative.present.3sg,iwoyude
reflect,v,iwoyude,imperative.present.3sg,iwoyudea
reflect,v,iwoyude,subjunctive.present.3sg,iwoyudepo
reflect,v,iwoyude,conditional.present.3sg,iwoyuded
reform,v,bissett,indicative.present.3sg,bissett
reform,v,bissett,imperative.present.3sg,bissetta
reform,v,bissett,subjunctive.present.3sg,bissettapo
reform,v,bissett,conditional.present.3sg,bissettad
refuse,v,heo,indicative.present.3sg,heo
refuse,v,heo,imperative.present.3sg,heoa
refuse,v,heo,subjunctive.present.3sg,heopo
refuse,v,heo,conditional.present.3sg,heod
region,n,fuzoku,singular.nominative,fuzoku
region,n,fuzoku,singular.accusative,idafuzoku
region,n,fuzoku,singular.genitive,gafuzoku
region,n,fuzoku,singular.dative,fuzokuhi
register,v,tomasut,indicative.present.3sg,tomasut
register,v,tomasut,imperative.present.3sg,tomasuta
register,v,tomasut,subjunctive.present.3sg,tomasutapo
register,v,tomasut,conditional.present.3sg,tomasutad
regression,n,wotaran,singular.nominative,wotaran
regression,n,wotaran,singular.accusative,idawotaran
regression,n,wotaran,singular.genitive,gawotaran
regression,n,wotaran,singular.dative,wotaranahi
regret,v,myonaig,indicative.present.3sg,myonaig
regret,v,myonaig,imperative.present.3sg,myonaiga
regret,v,myonaig,subjunctive.present.3sg,myonaigapo
regret,v,myonaig,conditional.present.3sg,myonaigad
regular,adj,pyusa,positive,pyusa
regular,adj,pyusa,comparative,zon pyusa
regular,adj,pyusa,superlative,yafuntt pyusa
regulate,v,kowo,indicative.present.3sg,kowo
regulate,v,kowo,imperative.present.3sg,kowoa
regulate,v,kowo,subjunctive.present.3sg,kowopo
regulate,v,kowo,conditional.present.3sg,kowod
rehearse,v,zezumas,indicative.present.3sg,zezumas
rehearse,v,zezumas,imperative.present.3sg,zezumasa
rehearse,v,zezumas,subjunctive.present.3sg,zezumasapo
rehearse,v,zezumas,conditional.present.3sg,zezumasad
reign. rule,n,huzu,singular.nominative,huzu
reign. rule,n,huzu,singular.accusative,idahuzu
reign. rule,n,huzu,singular.genitive,gahuzu
reign. rule,n,huzu,singular.dative,huzuhi
reincarnation,n,umasu,singular.nominative,umasu
reincarnation,n,umasu,singular.accusative,idumasu
reincarnation,n,umasu,singular.genitive,gumasu
reincarnation,n,umasu,singular.dative,umasuhi
reinforce,v,sofu,indicative.present.3sg,sofu
reinforce,v,sofu,imperative.present.3sg,sofua
reinforce,v,sofu,subjunctive.present.3sg,sofupo
reinforce,v,sofu,conditional.present.3sg,sofud
reject,v,eshutsu,indicative.present.3sg,eshutsu
reject,v,eshutsu,imperative.present.3sg,eshutsua
reject,v,eshutsu,subjunctive.present.3sg,eshutsupo
reject,v,eshutsu,conditional.present.3sg,eshutsud
relate,v,gonoapy,indicative.present.3sg,gonoapy
relate,v,gonoapy,imperative.present.3sg,gonoapya
relate,v,gonoapy,subjunctive.present.3sg,gonoapyapo
relate,v,gonoapy,conditional.present.3sg,gonoapyad
relationship,n,sekarim,singular.nominative,sekarim
relationship,n,sekarim,singular.accusative,idasekarim
relationship,n,sekarim,singular.genitive,gasekarim
relationship,n,sekarim,singular.dative,sekarimahi
relax,v,gazujo,indicative.present.3sg,gazujo
relax,v,gazujo,imperative.present.3sg,gazujoa
relax,v,gazujo,subjunctive.present.3sg,gazujopo
relax,v,gazujo,conditional.present.3sg,gazujod
release,v,desuji,indicative.present.3sg,desuji
release,v,desuji,imperative.present.3sg,desujia
release,v,desuji,subjunctive.present.3sg,desujipo
release,v,desuji,conditional.present.3sg,desujid
relevant,adj,jijiruh,positive,jijiruh
relevant,adj,jijiruh,comparative,zon jijiruh
relevant,adj,jijiruh,superlative,yafuntt jijiruh
relic,n,afuzoma,singular.nominative,afuzoma
relic,n,afuzoma,singular.accusative,idafuzoma
relic,n,afuzoma,singular.genitive,gafuzoma
relic,n,afuzoma,singular.dative,afuzomahi
relieve,v,zuzum,indicative.present.3sg,zuzum
relieve,v,zuzum,imperative.present.3sg,zuzuma
relieve,v,zuzum,subjunctive.present.3sg,zuzumapo
relieve,v,zuzum,conditional.present.3sg,zuzumad
religion,n,ohomas,singular.nominative,ohomas
religion,n,ohomas,singular.accusative,idohomas
religion,n,ohomas,singular.genitive,gohomas
religion,n,ohomas,singular.dative,ohomasahi
reliquary,n,uheru,singular.nominative,uheru
reliquary,n,uheru,singular.accusative,iduheru
reliquary,n,uheru,singular.genitive,guheru
reliquary,n,uheru,singular.dative,uheruhi
reluctant,adj,sanakar,positive,sanakar
reluctant,adj,sanakar,comparative,zon sanakar
reluctant,adj,sanakar,superlative,yafuntt sanakar
rely,v,waechim,indicative.present.3sg,waechim
rely,v,waechim,imperative.present.3sg,waechima
rely,v,waechim,subjunctive.present.3sg,waechimapo
rely,v,waechim,conditional.present.3sg,waechimad
remain,v,nezomas,indicative.present.3sg,nezomas
remain,v,nezomas,imperative.present.3sg,nezomasa
remain,v,nezomas,subjunctive.present.3sg,nezomasapo
remain,v,nezomas,conditional.present.3sg,nezomasad
remains,n,jutsu,singular.nominative,jutsu
remains,n,jutsu,singular.accusative,idajutsu
remains,n,jutsu,singular.genitive,gajutsu
remains,n,jutsu,singular.dative,jutsuhi
remark,v,yum,indicative.present.3sg,yum
remark,v,yum,imperative.present.3sg,yuma
remark,v,yum,subjunctive.present.3sg,yumapo
remark,v,yum,conditional.present.3sg,yumad
remarkable,adj,uhozegl,positive,uhozegl
remarkable,adj,uhozegl,comparative,zon uhozegl
remarkable,adj,uhozegl,superlative,yafuntt uhozegl
remedy,n,henyu,singular.nominative,henyu
remedy,n,henyu,singular.accusative,idahenyu
remedy,n,henyu,singular.genitive,gahenyu
remedy,n,henyu,singular.dative,henyuhi
remember,v,itakinm,indicative.present.3sg,itakinm
remember,v,itakinm,imperative.present.3sg,itakinma
remember,v,itakinm,subjunctive.present.3sg,itakinmapo
remember,v,itakinm,conditional.present.3sg,itakinmad
remind,v,waa,indicative.present.3sg,waa
remind,v,waa,imperative.present.3sg,waa
remind,v,waa,subjunctive.present.3sg,waapo
remind,v,waa,conditional.present.3sg,waad
remnant,n,zuyuun,singular.nominative,zuyuun
remnant,n,zuyuun,singular.accusative,idazuyuun
remnant,n,zuyuun,singular.genitive,gazuyuun
remnant,n,zuyuun,singular.dative,zuyuunahi
remove,v,emu,indicative.present.3sg,emu
remove,v,emu,imperative.present.3sg,emua
remove,v,emu,subjunctive.present.3sg,emupo
remove,v,emu,conditional.present.3sg,emud
render,v,degeiji,indicative.present.3sg,degeiji
render,v,degeiji,imperative.present.3sg,degeijia
render,v,degeiji,subjunctive.present.3sg,degeijipo
render,v,degeiji,conditional.present.3sg,degeijid
renegade,n,numyopi,singular.nominative,numyopi
renegade,n,numyopi,singular.accusative,idanumyopi
renegade,n,numyopi,singular.genitive,ganumyopi
renegade,n,numyopi,singular.dative,numyopihi
renowned,adj,byadatt,positive,byadatt
renowned,adj,byadatt,comparative,zon byadatt
renowned,adj,byadatt,superlative,yafuntt byadatt
rent,v,jisazo,indicative.present.3sg,jisazo
rent,v,jisazo,imperative.present.3sg,jisazoa
rent,v,jisazo,subjunctive.present.3sg,jisazopo
rent,v,jisazo,conditional.present.3sg,jisazod
rep,n,namasuu,singular.nominative,namasuu
rep,n,namasuu,singular.accusative,idanamasuu
rep,n,namasuu,singular.genitive,ganamasuu
rep,n,namasuu,singular.dative,namasuuhi
repeat,v,naryade,indicative.present.3sg,naryade
repeat,v,naryade,imperative.present.3sg,naryadea
repeat,v,naryade,subjunctive.present.3sg,naryadepo
repeat,v,naryade,conditional.present.3sg,naryaded
repertoire,n,honaima,singular.nominative,honaima
repertoire,n,honaima,singular.accusative,idahonaima
repertoire,n,honaima,singular.genitive,gahonaima
repertoire,n,honaima,singular.dative,honaimahi
repetition,n,aji,singular.nominative,aji
repetition,n,aji,singular.accusative,idaji
repetition,n,aji,singular.genitive,gaji
repetition,n,aji,singular.dative,ajihi
replace,v,gyuu,indicative.present.3sg,gyuu
replace,v,gyuu,imperative.present.3sg,gyuua
replace,v,gyuu,subjunctive.present.3sg,gyuupo
replace,v,gyuu,conditional.present.3sg,gyuud
replicate,v,outte,indicative.present.3sg,outte
replicate,v,outte,imperative.present.3sg,outtea
replicate,v,outte,subjunctive.present.3sg,outtepo
replicate,v,outte,conditional.present.3sg,outted
reply,v,monshod,indicative.present.3sg,monshod
reply,v,monshod,imperative.present.3sg,monshoda
reply,v,monshod,subjunctive.present.3sg,monshodapo
reply,v,monshod,conditional.present.3sg,monshod
report,v,hohabih,indicative.present.3sg,hohabih
report,v,hohabih,imperative.present.3sg,hohabiha
report,v,hohabih,subjunctive.present.3sg,hohabihapo
report,v,hohabih,conditional.present.3sg,hohabihad
reproduce,v,pomasuk,indicative.present.3sg,pomasuk
reproduce,v,pomasuk,imperative.present.3sg,pomasuka
reproduce,v,pomasuk,subjunctive.present.3sg,pomasukapo
reproduce,v,pomasuk,conditional.present.3sg,pomasukad
reptile,n,hemyaki,singular.nominative,hemyaki
reptile,n,hemyaki,singular.accusative,idahemyaki
reptile,n,hemyaki,singular.genitive,gahemyaki
reptile,n,hemyaki,singular.dative,hemyakihi
request,v,toi,indicative.present.3sg,toi
request,v,toi,imperative.present.3sg,toia
request,v,toi,subjunctive.present.3sg,toipo
request,v,toi,conditional.present.3sg,toid
require,v,sodesu,indicative.present.3sg,sodesu
require,v,sodesu,imperative.present.3sg,sodesua
require,v,sodesu,subjunctive.present.3sg,sodesupo
require,v,sodesu,conditional.present.3sg,sodesud
rescue,v,byutte,indicative.present.3sg,byutte
rescue,v,byutte,imperative.present.3sg,byuttea
rescue,v,byutte,subjunctive.present.3sg,byuttepo
rescue,v,byutte,conditional.present.3sg,byutted
research,n,aranatt,singular.nominative,aranatt
research,n,aranatt,singular.accusative,idaranatt
research,n,aranatt,singular.genitive,garanatt
research,n,aranatt,singular.dative,aranattahi
resemblance,n,arimai,singular.nominative,arimai
resemblance,n,arimai,singular.accusative,idarimai
resemblance,n,arimai,singular.genitive,garimai
resemblance,n,arimai,singular.dative,arimaihi
resent,v,kiru,indicative.present.3sg,kiru
resent,v,kiru,imperative.present.3sg,kirua
resent,v,kiru,subjunctive.present.3sg,kirupo
resent,v,kiru,conditional.present.3sg,kirud
reservation,n,quidema,singular.nominative,quidema
reservation,n,quidema,singular.accusative,idaquidema
reservation,n,quidema,singular.genitive,gaquidema
reservation,n,quidema,singular.dative,quidemahi
reserve,v,okuwa,indicative.present.3sg,okuwa
reserve,v,okuwa,imperative.present.3sg,okuwa
reserve,v,okuwa,subjunctive.present.3sg,okuwapo
reserve,v,okuwa,conditional.present.3sg,okuwad
reservoir,n,attasup,singular.nominative,attasup
reservoir,n,attasup,singular.accusative,idattasup
reservoir,n,attasup,singular.genitive,gattasup
reservoir,n,attasup,singular.dative,attasupahi
resident,n,zuto,singular.nominative,zuto
resident,n,zuto,singular.accusative,idazuto
resident,n,zuto,singular.genitive,gazuto
resident,n,zuto,singular.dative,zutohi
residue,n,ozezok,singular.nominative,ozezok
residue,n,ozezok,singular.accusative,idozezok
residue,n,ozezok,singular.genitive,gozezok
residue,n,ozezok,singular.dative,ozezokahi
resist,v,kotoyun,indicative.present.3sg,kotoyun
resist,v,kotoyun,imperative.present.3sg,kotoyuna
resist,v,kotoyun,subjunctive.present.3sg,kotoyunapo
resist,v,kotoyun,conditional.present.3sg,kotoyunad
resistance,n,yarimas,singular.nominative,yarimas
resistance,n,yarimas,singular.accusative,idayarimas
resistance,n,yarimas,singular.genitive,gayarimas
resistance,n,yarimas,singular.dative,yarimasahi
resolution,n,quaette,singular.nominative,quaette
resolution,n,quaette,singular.accusative,idaquaette
resolution,n,quaette,singular.genitive,gaquaette
resolution,n,quaette,singular.dative,quaettehi
resort,n,myatorm,singular.nominative,myatorm
resort,n,myatorm,singular.accusative,idamyatorm
resort,n,myatorm,singular.genitive,gamyatorm
resort,n,myatorm,singular.dative,myatormahi
resource,n,inichow,singular.nominative,inichow
resource,n,inichow,singular.accusative,idinichow
resource,n,inichow,singular.genitive,ginichow
resource,n,inichow,singular.dative,inichowahi
respect,v,dedesta,indicative.present.3sg,dedesta
respect,v,dedesta,imperative.present.3sg,dedesta
respect,v,dedesta,subjunctive.present.3sg,dedestapo
respect,v,dedesta,conditional.present.3sg,dedestad
respond,v,sowamas,indicative.present.3sg,sowamas
respond,v,sowamas,imperative.present.3sg,sowamasa
respond,v,sowamas,subjunctive.present.3sg,sowamasapo
respond,v,sowamas,conditional.present.3sg,sowamasad
rest,v,kochi,indicative.present.3sg,kochi
rest,v,kochi,imperative.present.3sg,kochia
rest,v,kochi,subjunctive.present.3sg,kochipo
rest,v,kochi,conditional.present.3sg,kochid
restaurant,n,degowo,singular.nominative,degowo
restaurant,n,degowo,singular.accusative,idegowo
restaurant,n,degowo,singular.genitive,gadegowo
restaurant,n,degowo,singular.dative,degowohi
restoration,n,soha,singular.nominative,soha
restoration,n,soha,singular.accusative,idasoha
restoration,n,soha,singular.genitive,gasoha
restoration,n,soha,singular.dative,sohahi
restorative,adj,oara,positive,oara
restorative,adj,oara,comparative,zon oara
restorative,adj,oara,superlative,yafuntt oara
restrain,v,jamashu,indicative.present.3sg,jamashu
restrain,v,jamashu,imperative.present.3sg,jamashua
restrain,v,jamashu,subjunctive.present.3sg,jamashupo
restrain,v,jamashu,conditional.present.3sg,jamashud
result,n,denmasu,singular.nominative,denmasu
result,n,denmasu,singular.accusative,idenmasu
result,n,denmasu,singular.genitive,gadenmasu
result,n,denmasu,singular.dative,denmasuhi
retain,v,ryamasu,indicative.present.3sg,ryamasu
retain,v,ryamasu,imperative.present.3sg,ryamasua
retain,v,ryamasu,subjunctive.present.3sg,ryamasupo
retain,v,ryamasu,conditional.present.3sg,ryamasud
retention,n,byadata,singular.nominative,byadata
retention,n,byadata,singular.accusative,idabyadata
retention,n,byadata,singular.genitive,gabyadata
retention,n,byadata,singular.dative,byadatahi
retire,v,jautte,indicative.present.3sg,jautte
retire,v,jautte,imperative.present.3sg,jauttea
retire,v,jautte,subjunctive.present.3sg,jauttepo
retire,v,jautte,conditional.present.3sg,jautted
retreat,v,ezoru,indicative.present.3sg,ezoru
retreat,v,ezoru,imperative.present.3sg,ezorua
retreat,v,ezoru,subjunctive.present.3sg,ezorupo
retreat,v,ezoru,conditional.present.3sg,ezorud
retrieve,v,gut,indicative.present.3sg,gut
retrieve,v,gut,imperative.present.3sg,guta
retrieve,v,gut,subjunctive.present.3sg,gutapo
retrieve,v,gut,conditional.present.3sg,gutad
return,v,gozuna,indicative.present.3sg,gozuna
return,v,gozuna,imperative.present.3sg,gozuna
return,v,gozuna,subjunctive.present.3sg,gozunapo
return,v,gozuna,conditional.present.3sg,gozunad
reveal,v,wate,indicative.present.3sg,wate
reveal,v,wate,imperative.present.3sg,watea
reveal,v,wate,subjunctive.present.3sg,watepo
reveal,v,wate,conditional.present.3sg,wated
revenge,n,esozozu,singular.nominative,esozozu
revenge,n,esozozu,singular.accusative,idesozozu
revenge,n,esozozu,singular.genitive,gesozozu
revenge,n,esozozu,singular.dative,esozozuhi
reversal,n,jisu,singular.nominative,jisu
reversal,n,jisu,singular.accusative,idajisu
reversal,n,jisu,singular.genitive,gajisu
reversal,n,jisu,singular.dative,jisuhi
reverse,adj,arita,positive,arita
reverse,adj,arita,comparative,zon arita
reverse,adj,arita,superlative,yafuntt arita
review,v,zuheida,indicative.present.3sg,zuheida
review,v,zuheida,imperative.present.3sg,zuheida
review,v,zuheida,subjunctive.present.3sg,zuheidapo
review,v,zuheida,conditional.present.3sg,zuheidad
revise,v,usarise,indicative.present.3sg,usarise
revise,v,usarise,imperative.present.3sg,usarisea
revise,v,usarise,subjunctive.present.3sg,usarisepo
revise,v,usarise,conditional.present.3sg,usarised
revolution,n,monoutt,singular.nominative,monoutt
revolution,n,monoutt,singular.accusative,idamonoutt
revolution,n,monoutt,singular.genitive,gamonoutt
revolution,n,monoutt,singular.dative,monouttahi
revolve,v,modo,indicative.present.3sg,modo
revolve,v,modo,imperative.present.3sg,modoa
revolve,v,modo,subjunctive.present.3sg,modopo
revolve,v,modo,conditional.present.3sg,modod
reward,n,delligy,singular.nominative,delligy
reward,n,delligy,singular.accusative,idelligy
reward,n,delligy,singular.genitive,gadelligy
reward,n,delligy,singular.dative,delligyahi
rhetoric,n,deyo,singular.nominative,deyo
rhetoric,n,deyo,singular.accusative,ideyo
rhetoric,n,deyo,singular.genitive,gadeyo
rhetoric,n,deyo,singular.dative,deyohi
rhythm,n,gatasu,singular.nominative,gatasu
rhythm,n,gatasu,singular.accusative,idagatasu
rhythm,n,gatasu,singular.genitive,gatasu
rhythm,n,gatasu,singular.dative,gatasuhi
rib,n,nino,singular.nominative,nino
rib,n,nino,singular.accusative,idanino
rib,n,nino,singular.genitive,ganino
rib,n,nino,singular.dative,ninohi
ribbon,n,hehyuji,singular.nominative,hehyuji
ribbon,n,hehyuji,singular.accusative,idahehyuji
ribbon,n,hehyuji,singular.genitive,gahehyuji
ribbon,n,hehyuji,singular.dative,hehyujihi
rice,n,chumasu,singular.nominative,chumasu
rice,n,chumasu,singular.accusative,idachumasu
rice,n,chumasu,singular.genitive,gachumasu
rice,n,chumasu,singular.dative,chumasuhi
ride,v,ryapama,indicative.present.3sg,ryapama
ride,v,ryapama,imperative.present.3sg,ryapama
ride,v,ryapama,subjunctive.present.3sg,ryapamapo
ride,v,ryapama,conditional.present.3sg,ryapamad
riding crop,n,onaroo,singular.nominative,onaroo
riding crop,n,onaroo,singular.accusative,idonaroo
riding crop,n,onaroo,singular.genitive,gonaroo
riding crop,n,onaroo,singular.dative,onaroohi
right (correct),adj,kyono,positive,kyono
right (correct),adj,kyono,comparative,zon kyono
right (correct),adj,kyono,superlative,yafuntt kyono
right (direction),adj,towiku,positive,towiku
right (direction),adj,towiku,comparative,zon towiku
right (direction),adj,towiku,superlative,yafuntt towiku
right,n,kotares,singular.nominative,kotares
right,n,kotares,singular.accusative,idakotares
right,n,kotares,singular.genitive,gakotares
right,n,kotares,singular.dative,kotaresahi
rigid,adj,alutte,positive,alutte
rigid,adj,alutte,comparative,zon alutte
rigid,adj,alutte,superlative,yafuntt alutte
rigorous,adj,ryoyane,positive,ryoyane
rigorous,adj,ryoyane,comparative,zon ryoyane
rigorous,adj,ryoyane,superlative,yafuntt ryoyane
ring,n,dahaats,singular.nominative,dahaats
ring,n,dahaats,singular.accusative,idahaats
ring,n,dahaats,singular.genitive,gadahaats
ring,n,dahaats,singular.dative,dahaatsahi
ring,v,koshuri,indicative.present.3sg,koshuri
ring,v,koshuri,imperative.present.3sg,koshuria
ring,v,koshuri,subjunctive.present.3sg,koshuripo
ring,v,koshuri,conditional.present.3sg,koshurid
rinse,v,tachito,indicative.present.3sg,tachito
rinse,v,tachito,imperative.present.3sg,tachitoa
rinse,v,tachito,subjunctive.present.3sg,tachitopo
rinse,v,tachito,conditional.present.3sg,tachitod
riot,n,yadodor,singular.nominative,yadodor
riot,n,yadodor,singular.accusative,idayadodor
riot,n,yadodor,singular.genitive,gayadodor
riot,n,yadodor,singular.dative,yadodorahi
ripe,adj,jizumas,positive,jizumas
ripe,adj,jizumas,comparative,zon jizumas
ripe,adj,jizumas,superlative,yafuntt jizumas
rise,v,ozemom,indicative.present.3sg,ozemom
rise,v,ozemom,imperative.present.3sg,ozemoma
rise,v,ozemom,subjunctive.present.3sg,ozemomapo
rise,v,ozemom,conditional.present.3sg,ozemomad
risk,n,nohoto,singular.nominative,nohoto
risk,n,nohoto,singular.accusative,idanohoto
risk,n,nohoto,singular.genitive,ganohoto
risk,n,nohoto,singular.dative,nohotohi
"ritual, rite",n,tsunequ,singular.nominative,tsunequ
"ritual, rite",n,tsunequ,singular.accusative,idatsunequ
"ritual, rite",n,tsunequ,singular.genitive,gatsunequ
"ritual, rite",n,tsunequ,singular.dative,tsunequhi
ritual,n,jiesect,singular.nominative,jiesect
ritual,n,jiesect,singular.accusative,idajiesect
ritual,n,jiesect,singular.genitive,gajiesect
ritual,n,jiesect,singular.dative,jiesectahi
rival,n,tozose,singular.nominative,tozose
rival,n,tozose,singular.accusative,idatozose
rival,n,tozose,singular.genitive,gatozose
rival,n,tozose,singular.dative,tozosehi
river,n,myoru,singular.nominative,myoru
river,n,myoru,singular.accusative,idamyoru
river,n,myoru,singular.genitive,gamyoru
river,n,myoru,singular.dative,myoruhi
road,n,oshono,singular.nominative,oshono
road,n,oshono,singular.accusative,idoshono
road,n,oshono,singular.genitive,goshono
road,n,oshono,singular.dative,oshonohi
roam,v,posenua,indicative.present.3sg,posenua
roam,v,posenua,imperative.present.3sg,posenua
roam,v,posenua,subjunctive.present.3sg,posenuapo
roam,v,posenua,conditional.present.3sg,posenuad
roar,v,hodeso,indicative.present.3sg,hodeso
roar,v,hodeso,imperative.present.3sg,hodesoa
roar,v,hodeso,subjunctive.present.3sg,hodesopo
roar,v,hodeso,conditional.present.3sg,hodesod
roast,v,jiyono,indicative.present.3sg,jiyono
roast,v,jiyono,imperative.present.3sg,jiyonoa
roast,v,jiyono,subjunctive.present.3sg,jiyonopo
roast,v,jiyono,conditional.present.3sg,jiyonod
rob,v,zuttasu,indicative.present.3sg,zuttasu
rob,v,zuttasu,imperative.present.3sg,zuttasua
rob,v,zuttasu,subjunctive.present.3sg,zuttasupo
rob,v,zuttasu,conditional.present.3sg,zuttasud
robe,n,fujiro,singular.nominative,fujiro
robe,n,fujiro,singular.accusative,idafujiro
robe,n,fujiro,singular.genitive,gafujiro
robe,n,fujiro,singular.dative,fujirohi
robust,adj,godajon,positive,godajon
robust,adj,godajon,comparative,zon godajon
robust,adj,godajon,superlative,yafuntt godajon
rock (move back and forth),v,wojioch,indicative.present.3sg,wojioch
rock (move back and forth),v,wojioch,imperative.present.3sg,wojiocha
rock (move back and forth),v,wojioch,subjunctive.present.3sg,wojiochapo
rock (move back and forth),v,wojioch,conditional.present.3sg,wojiochad
rock drill,n,sewapyu,singular.nominative,sewapyu
rock drill,n,sewapyu,singular.accusative,idasewapyu
rock drill,n,sewapyu,singular.genitive,gasewapyu
rock drill,n,sewapyu,singular.dative,sewapyuhi
rock,n,ajo,singular.nominative,ajo
rock,n,ajo,singular.accusative,idajo
rock,n,ajo,singular.genitive,gajo
rock,n,ajo,singular.dative,ajohi
rod,n,ceryosh,singular.nominative,ceryosh
rod,n,ceryosh,singular.accusative,idaceryosh
rod,n,ceryosh,singular.genitive,gaceryosh
rod,n,ceryosh,singular.dative,ceryoshi
rodent,n,tegya,singular.nominative,tegya
rodent,n,tegya,singular.accusative,idategya
rodent,n,tegya,singular.genitive,gategya
rodent,n,tegya,singular.dative,tegyahi
role,n,obansu,singular.nominative,obansu
role,n,obansu,singular.accusative,idobansu
role,n,obansu,singular.genitive,gobansu
role,n,obansu,singular.dative,obansuhi
roll,n,bayuyos,singular.nominative,bayuyos
roll,n,bayuyos,singular.accusative,idabayuyos
roll,n,bayuyos,singular.genitive,gabayuyos
roll,n,bayuyos,singular.dative,bayuyosahi
roll,v,nesojud,indicative.present.3sg,nesojud
roll,v,nesojud,imperative.present.3sg,nesojuda
roll,v,nesojud,subjunctive.present.3sg,nesojudapo
roll,v,nesojud,conditional.present.3sg,nesojud
romance,n,nieng,singular.nominative,nieng
romance,n,nieng,singular.accusative,idanieng
romance,n,nieng,singular.genitive,ganieng
romance,n,nieng,singular.dative,niengahi
roof,n,meamoto,singular.nominative,meamoto
roof,n,meamoto,singular.accusative,idameamoto
roof,n,meamoto,singular.genitive,gameamoto
roof,n,meamoto,singular.dative,meamotohi
rookie,n,pyo,singular.nominative,pyo
rookie,n,pyo,singular.accusative,idapyo
rookie,n,pyo,singular.genitive,gapyo
rookie,n,pyo,singular.dative,pyohi
room (of house),n,doyoma,singular.nominative,doyoma
room (of house),n,doyoma,singular.accusative,idoyoma
room (of house),n,doyoma,singular.genitive,gadoyoma
room (of house),n,doyoma,singular.dative,doyomahi
room (space),n,kaga,singular.nominative,kaga
room (space),n,kaga,singular.accusative,idakaga
room (space),n,kaga,singular.genitive,gakaga
room (space),n,kaga,singular.dative,kagahi
rooster,n,achua,singular.nominative,achua
rooster,n,achua,singular.accusative,idachua
rooster,n,achua,singular.genitive,gachua
rooster,n,achua,singular.dative,achuahi
root,n,pyunyon,singular.nominative,pyunyon
root,n,pyunyon,singular.accusative,idapyunyon
root,n,pyunyon,singular.genitive,gapyunyon
root,n,pyunyon,singular.dative,pyunyonahi
rope,n,mochu,singular.nominative,mochu
rope,n,mochu,singular.accusative,idamochu
rope,n,mochu,singular.genitive,gamochu
rope,n,mochu,singular.dative,mochuhi
rose,n,sazoyoz,singular.nominative,sazoyoz
rose,n,sazoyoz,singular.accusative,idasazoyoz
rose,n,sazoyoz,singular.genitive,gasazoyoz
rose,n,sazoyoz,singular.dative,sazoyozahi
rosemary,n,hirujir,singular.nominative,hirujir
rosemary,n,hirujir,singular.accusative,idahirujir
rosemary,n,hirujir,singular.genitive,gahirujir
rosemary,n,hirujir,singular.dative,hirujirahi
roster,n,tase,singular.nominative,tase
roster,n,tase,singular.accusative,idatase
roster,n,tase,singular.genitive,gatase
roster,n,tase,singular.dative,tasehi
rotate,v,pakiha,indicative.present.3sg,pakiha
rotate,v,pakiha,imperative.present.3sg,pakiha
rotate,v,pakiha,subjunctive.present.3sg,pakihapo
rotate,v,pakiha,conditional.present.3sg,pakihad
rough,adj,derruar,positive,derruar
rough,adj,derruar,comparative,zon derruar
rough,adj,derruar,superlative,yafuntt derruar
round,adj,yuju,positive,yuju
round,adj,yuju,comparative,zon yuju
round,adj,yuju,superlative,yafuntt yuju
row,n,gochat,singular.nominative,gochat
row,n,gochat,singular.accusative,idagochat
row,n,gochat,singular.genitive,gochat
row,n,gochat,singular.dative,gochatahi
row,v,senyo,indicative.present.3sg,senyo
row,v,senyo,imperative.present.3sg,senyoa
row,v,senyo,subjunctive.present.3sg,senyopo
row,v,senyo,conditional.present.3sg,senyod
rowboat,n,aomasu,singular.nominative,aomasu
rowboat,n,aomasu,singular.accusative,idaomasu
rowboat,n,aomasu,singular.genitive,gaomasu
rowboat,n,aomasu,singular.dative,aomasuhi
rub,v,karumas,indicative.present.3sg,karumas
rub,v,karumas,imperative.present.3sg,karumasa
rub,v,karumas,subjunctive.present.3sg,karumasapo
rub,v,karumas,conditional.present.3sg,karumasad
rubber,n,ropyo,singular.nominative,ropyo
rubber,n,ropyo,singular.accusative,idaropyo
rubber,n,ropyo,singular.genitive,garopyo
rubber,n,ropyo,singular.dative,ropyohi
rubbish,n,sohorim,singular.nominative,sohorim
rubbish,n,sohorim,singular.accusative,idasohorim
rubbish,n,sohorim,singular.genitive,gasohorim
rubbish,n,sohorim,singular.dative,sohorimahi
rubble,n,hogyose,singular.nominative,hogyose
rubble,n,hogyose,singular.accusative,idahogyose
rubble,n,hogyose,singular.genitive,gahogyose
rubble,n,hogyose,singular.dative,hogyosehi
ruby,n,oujiciv,singular.nominative,oujiciv
ruby,n,oujiciv,singular.accusative,idoujiciv
ruby,n,oujiciv,singular.genitive,goujiciv
ruby,n,oujiciv,singular.dative,oujicivahi
rude,adj,attasui,positive,attasui
rude,adj,attasui,comparative,zon attasui
rude,adj,attasui,superlative,yafuntt attasui
rue,n,icisu,singular.nominative,icisu
rue,n,icisu,singular.accusative,idicisu
rue,n,icisu,singular.genitive,gicisu
rue,n,icisu,singular.dative,icisuhi
ruffle,v,ottasu,indicative.present.3sg,ottasu
ruffle,v,ottasu,imperative.present.3sg,ottasua
ruffle,v,ottasu,subjunctive.present.3sg,ottasupo
ruffle,v,ottasu,conditional.present.3sg,ottasud
rug,n,jisse,singular.nominative,jisse
rug,n,jisse,singular.accusative,idajisse
rug,n,jisse,singular.genitive,gajisse
rug,n,jisse,singular.dative,jissehi
rugged,adj,attesu,positive,attesu
rugged,adj,attesu,comparative,zon attesu
rugged,adj,attesu,superlative,yafuntt attesu
ruin,n,fenyazu,singular.nominative,fenyazu
ruin,n,fenyazu,singular.accusative,idafenyazu
ruin,n,fenyazu,singular.genitive,gafenyazu
ruin,n,fenyazu,singular.dative,fenyazuhi
ruin,v,arapifu,indicative.present.3sg,arapifu
ruin,v,arapifu,imperative.present.3sg,arapifua
ruin,v,arapifu,subjunctive.present.3sg,arapifupo
ruin,v,arapifu,conditional.present.3sg,arapifud
rule,n,naruhoh,singular.nominative,naruhoh
rule,n,naruhoh,singular.accusative,idanaruhoh
rule,n,naruhoh,singular.genitive,ganaruhoh
rule,n,naruhoh,singular.dative,naruhohi
rumor,n,uttamas,singular.nominative,uttamas
rumor,n,uttamas,singular.accusative,iduttamas
rumor,n,uttamas,singular.genitive,guttamas
rumor,n,uttamas,singular.dative,uttamasahi
run,v,sekono,indicative.present.3sg,sekono
run,v,sekono,imperative.present.3sg,sekonoa
run,v,sekono,subjunctive.present.3sg,sekonopo
run,v,sekono,conditional.present.3sg,sekonod
rune,n,muyarim,singular.nominative,muyarim
rune,n,muyarim,singular.accusative,idamuyarim
rune,n,muyarim,singular.genitive,gamuyarim
rune,n,muyarim,singular.dative,muyarimahi
runic,adj,neja,positive,neja
runic,adj,neja,comparative,zon neja
runic,adj,neja,superlative,yafuntt neja
runway,n,gudo,singular.nominative,gudo
runway,n,gudo,singular.accusative,idagudo
runway,n,gudo,singular.genitive,gudo
runway,n,gudo,singular.dative,gudohi
rush-light,n,gogidaz,singular.nominative,gogidaz
rush-light,n,gogidaz,singular.accusative,idagogidaz
rush-light,n,gogidaz,singular.genitive,gogidaz
rush-light,n,gogidaz,singular.dative,gogidazahi
rust,n,ohyuam,singular.nominative,ohyuam
rust,n,ohyuam,singular.accusative,idohyuam
rust,n,ohyuam,singular.genitive,gohyuam
rust,n,ohyuam,singular.dative,ohyuamahi
rye,n,chono,singular.nominative,chono
rye,n,chono,singular.accusative,idachono
rye,n,chono,singular.genitive,gachono
rye,n,chono,singular.dative,chonohi
sabre,n,sozupan,singular.nominative,sozupan
sabre,n,sozupan,singular.accusative,idasozupan
sabre,n,sozupan,singular.genitive,gasozupan
sabre,n,sozupan,singular.dative,sozupanahi
sack,n,jaryusu,singular.nominative,jaryusu
sack,n,jaryusu,singular.accusative,idajaryusu
sack,n,jaryusu,singular.genitive,gajaryusu
sack,n,jaryusu,singular.dative,jaryusuhi
sacred,adj,goshum,positive,goshum
sacred,adj,goshum,comparative,zon goshum
sacred,adj,goshum,superlative,yafuntt goshum
sacrifice,n,wogyuud,singular.nominative,wogyuud
sacrifice,n,wogyuud,singular.accusative,idawogyuud
sacrifice,n,wogyuud,singular.genitive,gawogyuud
sacrifice,n,wogyuud,singular.dative,wogyuudahi
sad,adj,nienhad,positive,nienhad
sad,adj,nienhad,comparative,zon nienhad
sad,adj,nienhad,superlative,yafuntt nienhad
saddle bag,n,hitenyu,singular.nominative,hitenyu
saddle bag,n,hitenyu,singular.accusative,idahitenyu
saddle bag,n,hitenyu,singular.genitive,gahitenyu
saddle bag,n,hitenyu,singular.dative,hitenyuhi
saddle blanket,n,bemija,singular.nominative,bemija
saddle blanket,n,bemija,singular.accusative,idabemija
saddle blanket,n,bemija,singular.genitive,gabemija
saddle blanket,n,bemija,singular.dative,bemijahi
saddle,n,henuzuk,singular.nominative,henuzuk
saddle,n,henuzuk,singular.accusative,idahenuzuk
saddle,n,henuzuk,singular.genitive,gahenuzuk
saddle,n,henuzuk,singular.dative,henuzukahi
safe,adj,fuku,positive,fuku
safe,adj,fuku,comparative,zon fuku
safe,adj,fuku,superlative,yafuntt fuku
saffron,n,goheyo,singular.nominative,goheyo
saffron,n,goheyo,singular.accusative,idagoheyo
saffron,n,goheyo,singular.genitive,goheyo
saffron,n,goheyo,singular.dative,goheyohi
sage,n,otofuma,singular.nominative,otofuma
sage,n,otofuma,singular.accusative,idotofuma
sage,n,otofuma,singular.genitive,gotofuma
sage,n,otofuma,singular.dative,otofumahi
sail,n,mumeru,singular.nominative,mumeru
sail,n,mumeru,singular.accusative,idamumeru
sail,n,mumeru,singular.genitive,gamumeru
sail,n,mumeru,singular.dative,mumeruhi
sail,v,tosee,indicative.present.3sg,tosee
sail,v,tosee,imperative.present.3sg,toseea
sail,v,tosee,subjunctive.present.3sg,toseepo
sail,v,tosee,conditional.present.3sg,toseed
saint,n,zunmudo,singular.nominative,zunmudo
saint,n,zunmudo,singular.accusative,idazunmudo
saint,n,zunmudo,singular.genitive,gazunmudo
saint,n,zunmudo,singular.dative,zunmudohi
salamander,n,gagyohe,singular.nominative,gagyohe
salamander,n,gagyohe,singular.accusative,idagagyohe
salamander,n,gagyohe,singular.genitive,gagyohe
salamander,n,gagyohe,singular.dative,gagyohehi
salami,n,aranai,singular.nominative,aranai
salami,n,aranai,singular.accusative,idaranai
salami,n,aranai,singular.genitive,garanai
salami,n,aranai,singular.dative,aranaihi
sale,n,epya,singular.nominative,epya
sale,n,epya,singular.accusative,idepya
sale,n,epya,singular.genitive,gepya
sale,n,epya,singular.dative,epyahi
salmon,n,hizuune,singular.nominative,hizuune
salmon,n,hizuune,singular.accusative,idahizuune
salmon,n,hizuune,singular.genitive,gahizuune
salmon,n,hizuune,singular.dative,hizuunehi
salon,n,demudic,singular.nominative,demudic
salon,n,demudic,singular.accusative,idemudic
salon,n,demudic,singular.genitive,gademudic
salon,n,demudic,singular.dative,demudicahi
salt cellar,n,yohozej,singular.nominative,yohozej
salt cellar,n,yohozej,singular.accusative,idayohozej
salt cellar,n,yohozej,singular.genitive,gayohozej
salt cellar,n,yohozej,singular.dative,yohozejahi
salt,n,dashohe,singular.nominative,dashohe
salt,n,dashohe,singular.accusative,idashohe
salt,n,dashohe,singular.genitive,gadashohe
salt,n,dashohe,singular.dative,dashohehi
salve,n,omyunm,singular.nominative,omyunm
salve,n,omyunm,singular.accusative,idomyunm
salve,n,omyunm,singular.genitive,gomyunm
salve,n,omyunm,singular.dative,omyunmahi
sample,n,baraeby,singular.nominative,baraeby
sample,n,baraeby,singular.accusative,idabaraeby
sample,n,baraeby,singular.genitive,gabaraeby
sample,n,baraeby,singular.dative,baraebyahi
sanctuary,n,ateesum,singular.nominative,ateesum
sanctuary,n,ateesum,singular.accusative,idateesum
sanctuary,n,ateesum,singular.genitive,gateesum
sanctuary,n,ateesum,singular.dative,ateesumahi
sand,n,chidama,singular.nominative,chidama
sand,n,chidama,singular.accusative,idachidama
sand,n,chidama,singular.genitive,gachidama
sand,n,chidama,singular.dative,chidamahi
sandal,n,zenyazu,singular.nominative,zenyazu
sandal,n,zenyazu,singular.accusative,idazenyazu
sandal,n,zenyazu,singular.genitive,gazenyazu
sandal,n,zenyazu,singular.dative,zenyazuhi
sap (tree),n,dessezu,singular.nominative,dessezu
sap (tree),n,dessezu,singular.accusative,idessezu
sap (tree),n,dessezu,singular.genitive,gadessezu
sap (tree),n,dessezu,singular.dative,dessezuhi
sap (weapon),n,wohyo,singular.nominative,wohyo
sap (weapon),n,wohyo,singular.accusative,idawohyo
sap (weapon),n,wohyo,singular.genitive,gawohyo
sap (weapon),n,wohyo,singular.dative,wohyohi
sapphire,n,zohedaw,singular.nominative,zohedaw
sapphire,n,zohedaw,singular.accusative,idazohedaw
sapphire,n,zohedaw,singular.genitive,gazohedaw
sapphire,n,zohedaw,singular.dative,zohedawahi
sarcastic,adj,cio,positive,cio
sarcastic,adj,cio,comparative,zon cio
sarcastic,adj,cio,superlative,yafuntt cio
satin,n,sharaes,singular.nominative,sharaes
satin,n,sharaes,singular.accusative,idasharaes
satin,n,sharaes,singular.genitive,gasharaes
satin,n,sharaes,singular.dative,sharaesahi
satisfy,v,jibuchi,indicative.present.3sg,jibuchi
satisfy,v,jibuchi,imperative.present.3sg,jibuchia
satisfy,v,jibuchi,subjunctive.present.3sg,jibuchipo
satisfy,v,jibuchi,conditional.present.3sg,jibuchid
saturate,v,byumash,indicative.present.3sg,byumash
saturate,v,byumash,imperative.present.3sg,byumasha
saturate,v,byumash,subjunctive.present.3sg,byumashapo
saturate,v,byumash,conditional.present.3sg,byumashad
saucepan,n,yugyafu,singular.nominative,yugyafu
saucepan,n,yugyafu,singular.accusative,idayugyafu
saucepan,n,yugyafu,singular.genitive,gayugyafu
saucepan,n,yugyafu,singular.dative,yugyafuhi
sausage,n,konoyum,singular.nominative,konoyum
sausage,n,konoyum,singular.accusative,idakonoyum
sausage,n,konoyum,singular.genitive,gakonoyum
sausage,n,konoyum,singular.dative,konoyumahi
save (put aside),v,yuryahe,indicative.present.3sg,yuryahe
save (put aside),v,yuryahe,imperative.present.3sg,yuryahea
save (put aside),v,yuryahe,subjunctive.present.3sg,yuryahepo
save (put aside),v,yuryahe,conditional.present.3sg,yuryahed
savvy,adj,byunai,positive,byunai
savvy,adj,byunai,comparative,zon byunai
savvy,adj,byunai,superlative,yafuntt byunai
saw,n,dezautt,singular.nominative,dezautt
saw,n,dezautt,singular.accusative,idezautt
saw,n,dezautt,singular.genitive,gadezautt
saw,n,dezautt,singular.dative,dezauttahi
say,v,monga,indicative.present.3sg,monga
say,v,monga,imperative.present.3sg,monga
say,v,monga,subjunctive.present.3sg,mongapo
say,v,monga,conditional.present.3sg,mongad
scabbard,n,fuaeru,singular.nominative,fuaeru
scabbard,n,fuaeru,singular.accusative,idafuaeru
scabbard,n,fuaeru,singular.genitive,gafuaeru
scabbard,n,fuaeru,singular.dative,fuaeruhi
scale,n,dicetta,singular.nominative,dicetta
scale,n,dicetta,singular.accusative,idicetta
scale,n,dicetta,singular.genitive,gadicetta
scale,n,dicetta,singular.dative,dicettahi
scallions,n,kyaputa,singular.nominative,kyaputa
scallions,n,kyaputa,singular.accusative,idakyaputa
scallions,n,kyaputa,singular.genitive,gakyaputa
scallions,n,kyaputa,singular.dative,kyaputahi
scapegoat,n,pyumash,singular.nominative,pyumash
scapegoat,n,pyumash,singular.accusative,idapyumash
scapegoat,n,pyumash,singular.genitive,gapyumash
scapegoat,n,pyumash,singular.dative,pyumashi
scar,n,hegyasu,singular.nominative,hegyasu
scar,n,hegyasu,singular.accusative,idahegyasu
scar,n,hegyasu,singular.genitive,gahegyasu
scar,n,hegyasu,singular.dative,hegyasuhi
scarce,adj,nakis,positive,nakis
scarce,adj,nakis,comparative,zon nakis
scarce,adj,nakis,superlative,yafuntt nakis
scared,adj,arankyo,positive,arankyo
scared,adj,arankyo,comparative,zon arankyo
scared,adj,arankyo,superlative,yafuntt arankyo
scarf,n,kyokyan,singular.nominative,kyokyan
scarf,n,kyokyan,singular.accusative,idakyokyan
scarf,n,kyokyan,singular.genitive,gakyokyan
scarf,n,kyokyan,singular.dative,kyokyanahi
scarlet,adj,okekyum,positive,okekyum
scarlet,adj,okekyum,comparative,zon okekyum
scarlet,adj,okekyum,superlative,yafuntt okekyum
scarring,n,chis,singular.nominative,chis
scarring,n,chis,singular.accusative,idachis
scarring,n,chis,singular.genitive,gachis
scarring,n,chis,singular.dative,chisahi
scene,n,qiant,singular.nominative,qiant
scene,n,qiant,singular.accusative,idaqiant
scene,n,qiant,singular.genitive,gaqiant
scene,n,qiant,singular.dative,qiantahi
secnt,n,ryumyun,singular.nominative,ryumyun
secnt,n,ryumyun,singular.accusative,idaryumyun
secnt,n,ryumyun,singular.genitive,garyumyun
secnt,n,ryumyun,singular.dative,ryumyunahi
schedule,n,naroru,singular.nominative,naroru
schedule,n,naroru,singular.accusative,idanaroru
schedule,n,naroru,singular.genitive,ganaroru
schedule,n,naroru,singular.dative,naroruhi
scholar,n,omyuda,singular.nominative,omyuda
scholar,n,omyuda,singular.accusative,idomyuda
scholar,n,omyuda,singular.genitive,gomyuda
scholar,n,omyuda,singular.dative,omyudahi
school,n,hyurano,singular.nominative,hyurano
school,n,hyurano,singular.accusative,idahyurano
school,n,hyurano,singular.genitive,gahyurano
school,n,hyurano,singular.dative,hyuranohi
science,n,nansi,singular.nominative,nansi
science,n,nansi,singular.accusative,idanansi
science,n,nansi,singular.genitive,ganansi
science,n,nansi,singular.dative,nansihi
scimitar,n,gyugyoy,singular.nominative,gyugyoy
scimitar,n,gyugyoy,singular.accusative,idagyugyoy
scimitar,n,gyugyoy,singular.genitive,gayugyoy
scimitar,n,gyugyoy,singular.dative,gyugyoyahi
scissors,n,heglise,singular.nominative,heglise
scissors,n,heglise,singular.accusative,idaheglise
scissors,n,heglise,singular.genitive,gaheglise
scissors,n,heglise,singular.dative,heglisehi
scone,n,kyamasu,singular.nominative,kyamasu
scone,n,kyamasu,singular.accusative,idakyamasu
scone,n,kyamasu,singular.genitive,gakyamasu
scone,n,kyamasu,singular.dative,kyamasuhi
scoop,n,datasu,singular.nominative,datasu
scoop,n,datasu,singular.accusative,idatasu
scoop,n,datasu,singular.genitive,gadatasu
scoop,n,datasu,singular.dative,datasuhi
scoop,v,zegisu,indicative.present.3sg,zegisu
scoop,v,zegisu,imperative.present.3sg,zegisua
scoop,v,zegisu,subjunctive.present.3sg,zegisupo
scoop,v,zegisu,conditional.present.3sg,zegisud
scope,n,fuchubi,singular.nominative,fuchubi
scope,n,fuchubi,singular.accusative,idafuchubi
scope,n,fuchubi,singular.genitive,gafuchubi
scope,n,fuchubi,singular.dative,fuchubihi
scorpion,n,mumasho,singular.nominative,mumasho
scorpion,n,mumasho,singular.accusative,idamumasho
scorpion,n,mumasho,singular.genitive,gamumasho
scorpion,n,mumasho,singular.dative,mumashohi
scout,n,hahozez,singular.nominative,hahozez
scout,n,hahozez,singular.accusative,idahahozez
scout,n,hahozez,singular.genitive,gahahozez
scout,n,hahozez,singular.dative,hahozezahi
scout,v,niho,indicative.present.3sg,niho
scout,v,niho,imperative.present.3sg,nihoa
scout,v,niho,subjunctive.present.3sg,nihopo
scout,v,niho,conditional.present.3sg,nihod
scramble,v,tarooma,indicative.present.3sg,tarooma
scramble,v,tarooma,imperative.present.3sg,tarooma
scramble,v,tarooma,subjunctive.present.3sg,taroomapo
scramble,v,tarooma,conditional.present.3sg,taroomad
scrap,n,izushi,singular.nominative,izushi
scrap,n,izushi,singular.accusative,idizushi
scrap,n,izushi,singular.genitive,gizushi
scrap,n,izushi,singular.dative,izushihi
scrape,v,kyogyu,indicative.present.3sg,kyogyu
scrape,v,kyogyu,imperative.present.3sg,kyogyua
scrape,v,kyogyu,subjunctive.present.3sg,kyogyupo
scrape,v,kyogyu,conditional.present.3sg,kyogyud
scratch,v,nefu,indicative.present.3sg,nefu
scratch,v,nefu,imperative.present.3sg,nefua
scratch,v,nefu,subjunctive.present.3sg,nefupo
scratch,v,nefu,conditional.present.3sg,nefud
scream,v,shoheky,indicative.present.3sg,shoheky
scream,v,shoheky,imperative.present.3sg,shohekya
scream,v,shoheky,subjunctive.present.3sg,shohekyapo
scream,v,shoheky,conditional.present.3sg,shohekyad
screw,n,tozen,singular.nominative,tozen
screw,n,tozen,singular.accusative,idatozen
screw,n,tozen,singular.genitive,gatozen
screw,n,tozen,singular.dative,tozenahi
"scribe, scrivener",n,dajade,singular.nominative,dajade
"scribe, scrivener",n,dajade,singular.accusative,idajade
"scribe, scrivener",n,dajade,singular.genitive,gadajade
"scribe, scrivener",n,dajade,singular.dative,dajadehi
scriptorium,n,wanhewa,singular.nominative,wanhewa
scriptorium,n,wanhewa,singular.accusative,idawanhewa
scriptorium,n,wanhewa,singular.genitive,gawanhewa
scriptorium,n,wanhewa,singular.dative,wanhewahi
scroll,n,ryonyuz,singular.nominative,ryonyuz
scroll,n,ryonyuz,singular.accusative,idaryonyuz
scroll,n,ryonyuz,singular.genitive,garyonyuz
scroll,n,ryonyuz,singular.dative,ryonyuzahi
scrub,v,jubyuda,indicative.present.3sg,jubyuda
scrub,v,jubyuda,imperative.present.3sg,jubyuda
scrub,v,jubyuda,subjunctive.present.3sg,jubyudapo
scrub,v,jubyuda,conditional.present.3sg,jubyudad
scrutiny,n,gojima,singular.nominative,gojima
scrutiny,n,gojima,singular.accusative,idagojima
scrutiny,n,gojima,singular.genitive,gojima
scrutiny,n,gojima,singular.dative,gojimahi
scutage (military tax),n,yublia,singular.nominative,yublia
scutage (military tax),n,yublia,singular.accusative,idayublia
scutage (military tax),n,yublia,singular.genitive,gayublia
scutage (military tax),n,yublia,singular.dative,yubliahi
scythe,n,jienta,singular.nominative,jienta
scythe,n,jienta,singular.accusative,idajienta
scythe,n,jienta,singular.genitive,gajienta
scythe,n,jienta,singular.dative,jientahi
sea,n,aryo,singular.nominative,aryo
sea,n,aryo,singular.accusative,idaryo
sea,n,aryo,singular.genitive,garyo
sea,n,aryo,singular.dative,aryohi
seabird,n,daro,singular.nominative,daro
seabird,n,daro,singular.accusative,idaro
seabird,n,daro,singular.genitive,gadaro
seabird,n,daro,singular.dative,darohi
seafood,n,hitou,singular.nominative,hitou
seafood,n,hitou,singular.accusative,idahitou
seafood,n,hitou,singular.genitive,gahitou
seafood,n,hitou,singular.dative,hitouhi
seal,n,kotehar,singular.nominative,kotehar
seal,n,kotehar,singular.accusative,idakotehar
seal,n,kotehar,singular.genitive,gakotehar
seal,n,kotehar,singular.dative,koteharahi
seal,v,zemasut,indicative.present.3sg,zemasut
seal,v,zemasut,imperative.present.3sg,zemasuta
seal,v,zemasut,subjunctive.present.3sg,zemasutapo
seal,v,zemasut,conditional.present.3sg,zemasutad
sealing wax,n,myuua,singular.nominative,myuua
sealing wax,n,myuua,singular.accusative,idamyuua
sealing wax,n,myuua,singular.genitive,gamyuua
sealing wax,n,myuua,singular.dative,myuuahi
search,v,tonsu,indicative.present.3sg,tonsu
search,v,tonsu,imperative.present.3sg,tonsua
search,v,tonsu,subjunctive.present.3sg,tonsupo
search,v,tonsu,conditional.present.3sg,tonsud
season,n,kotis,singular.nominative,kotis
season,n,kotis,singular.accusative,idakotis
season,n,kotis,singular.genitive,gakotis
season,n,kotis,singular.dative,kotisahi
seasoning,n,qinta,singular.nominative,qinta
seasoning,n,qinta,singular.accusative,idaqinta
seasoning,n,qinta,singular.genitive,gaqinta
seasoning,n,qinta,singular.dative,qintahi
seat,n,pyuchu,singular.nominative,pyuchu
seat,n,pyuchu,singular.accusative,idapyuchu
seat,n,pyuchu,singular.genitive,gapyuchu
seat,n,pyuchu,singular.dative,pyuchuhi
seaweed,n,yuzon,singular.nominative,yuzon
seaweed,n,yuzon,singular.accusative,idayuzon
seaweed,n,yuzon,singular.genitive,gayuzon
seaweed,n,yuzon,singular.dative,yuzonahi
second,n,atru,singular.nominative,atru
second,n,atru,singular.accusative,idatru
second,n,atru,singular.genitive,gatru
second,n,atru,singular.dative,atruhi
secret,n,yuryuku,singular.nominative,yuryuku
secret,n,yuryuku,singular.accusative,idayuryuku
secret,n,yuryuku,singular.genitive,gayuryuku
secret,n,yuryuku,singular.dative,yuryukuhi
section,n,wapenya,singular.nominative,wapenya
section,n,wapenya,singular.accusative,idawapenya
section,n,wapenya,singular.genitive,gawapenya
section,n,wapenya,singular.dative,wapenyahi
security,n,chodasu,singular.nominative,chodasu
security,n,chodasu,singular.accusative,idachodasu
security,n,chodasu,singular.genitive,gachodasu
security,n,chodasu,singular.dative,chodasuhi
sediment,n,oshuru,singular.nominative,oshuru
sediment,n,oshuru,singular.accusative,idoshuru
sediment,n,oshuru,singular.genitive,goshuru
sediment,n,oshuru,singular.dative,oshuruhi
see,v,stumasu,indicative.present.3sg,stumasu
see,v,stumasu,imperative.present.3sg,stumasua
see,v,stumasu,subjunctive.present.3sg,stumasupo
see,v,stumasu,conditional.present.3sg,stumasud
seed,n,zahoku,singular.nominative,zahoku
seed,n,zahoku,singular.accusative,idazahoku
seed,n,zahoku,singular.genitive,gazahoku
seed,n,zahoku,singular.dative,zahokuhi
seek,v,goshid,indicative.present.3sg,goshid
seek,v,goshid,imperative.present.3sg,goshida
seek,v,goshid,subjunctive.present.3sg,goshidapo
seek,v,goshid,conditional.present.3sg,goshid
seem,v,fuhyaso,indicative.present.3sg,fuhyaso
seem,v,fuhyaso,imperative.present.3sg,fuhyasoa
seem,v,fuhyaso,subjunctive.present.3sg,fuhyasopo
seem,v,fuhyaso,conditional.present.3sg,fuhyasod
segment,n,wosomas,singular.nominative,wosomas
segment,n,wosomas,singular.accusative,idawosomas
segment,n,wosomas,singular.genitive,gawosomas
segment,n,wosomas,singular.dative,wosomasahi
segregate,v,oze,indicative.present.3sg,oze
segregate,v,oze,imperative.present.3sg,ozea
segregate,v,oze,subjunctive.present.3sg,ozepo
segregate,v,oze,conditional.present.3sg,ozed
seizure,n,zutawo,singular.nominative,zutawo
seizure,n,zutawo,singular.accusative,idazutawo
seizure,n,zutawo,singular.genitive,gazutawo
seizure,n,zutawo,singular.dative,zutawohi
select,adj,pyono,positive,pyono
select,adj,pyono,comparative,zon pyono
select,adj,pyono,superlative,yafuntt pyono
selected,adj,wagya,positive,wagya
selected,adj,wagya,comparative,zon wagya
selected,adj,wagya,superlative,yafuntt wagya
self,n,sohandu,singular.nominative,sohandu
self,n,sohandu,singular.accusative,idasohandu
self,n,sohandu,singular.genitive,gasohandu
self,n,sohandu,singular.dative,sohanduhi
selfbow (weapon),n,wotasus,singular.nominative,wotasus
selfbow (weapon),n,wotasus,singular.accusative,idawotasus
selfbow (weapon),n,wotasus,singular.genitive,gawotasus
selfbow (weapon),n,wotasus,singular.dative,wotasusahi
selfish,adj,sezofun,positive,sezofun
selfish,adj,sezofun,comparative,zon sezofun
selfish,adj,sezofun,superlative,yafuntt sezofun
sell,v,coruyo,indicative.present.3sg,coruyo
sell,v,coruyo,imperative.present.3sg,coruyoa
sell,v,coruyo,subjunctive.present.3sg,coruyopo
sell,v,coruyo,conditional.present.3sg,coruyod
semen,n,ihe,singular.nominative,ihe
semen,n,ihe,singular.accusative,idihe
semen,n,ihe,singular.genitive,gihe
semen,n,ihe,singular.dative,ihehi
semester,n,sometta,singular.nominative,sometta
semester,n,sometta,singular.accusative,idasometta
semester,n,sometta,singular.genitive,gasometta
semester,n,sometta,singular.dative,somettahi
semiprecious,adj,aranony,positive,aranony
semiprecious,adj,aranony,comparative,zon aranony
semiprecious,adj,aranony,superlative,yafuntt aranony
send,v,karinta,indicative.present.3sg,karinta
send,v,karinta,imperative.present.3sg,karinta
send,v,karinta,subjunctive.present.3sg,karintapo
send,v,karinta,conditional.present.3sg,karintad
sending,n,geheika,singular.nominative,geheika
sending,n,geheika,singular.accusative,idageheika
sending,n,geheika,singular.genitive,geheika
sending,n,geheika,singular.dative,geheikahi
sensation,n,deshi,singular.nominative,deshi
sensation,n,deshi,singular.accusative,ideshi
sensation,n,deshi,singular.genitive,gadeshi
sensation,n,deshi,singular.dative,deshihi
sense,n,anmasuy,singular.nominative,anmasuy
sense,n,anmasuy,singular.accusative,idanmasuy
sense,n,anmasuy,singular.genitive,ganmasuy
sense,n,anmasuy,singular.dative,anmasuyahi
senses,n,destiu,singular.nominative,destiu
senses,n,destiu,singular.accusative,idestiu
senses,n,destiu,singular.genitive,gadestiu
senses,n,destiu,singular.dative,destiuhi
sensible,adj,quidatt,positive,quidatt
sensible,adj,quidatt,comparative,zon quidatt
sensible,adj,quidatt,superlative,yafuntt quidatt
sensitivity,n,wojizun,singular.nominative,wojizun
sensitivity,n,wojizun,singular.accusative,idawojizun
sensitivity,n,wojizun,singular.genitive,gawojizun
sensitivity,n,wojizun,singular.dative,wojizunahi
sentence,v,hoamasu,indicative.present.3sg,hoamasu
sentence,v,hoamasu,imperative.present.3sg,hoamasua
sentence,v,hoamasu,subjunctive.present.3sg,hoamasupo
sentence,v,hoamasu,conditional.present.3sg,hoamasud
sentients,n,shawa,singular.nominative,shawa
sentients,n,shawa,singular.accusative,idashawa
sentients,n,shawa,singular.genitive,gashawa
sentients,n,shawa,singular.dative,shawahi
separate,v,daoru,indicative.present.3sg,daoru
separate,v,daoru,imperative.present.3sg,daorua
separate,v,daoru,subjunctive.present.3sg,daorupo
separate,v,daoru,conditional.present.3sg,daorud
sequence,n,anonfu,singular.nominative,anonfu
sequence,n,anonfu,singular.accusative,idanonfu
sequence,n,anonfu,singular.genitive,ganonfu
sequence,n,anonfu,singular.dative,anonfuhi
serf,n,wanarit,singular.nominative,wanarit
serf,n,wanarit,singular.accusative,idawanarit
serf,n,wanarit,singular.genitive,gawanarit
serf,n,wanarit,singular.dative,wanaritahi
sergeant,n,onyosh,singular.nominative,onyosh
sergeant,n,onyosh,singular.accusative,idonyosh
sergeant,n,onyosh,singular.genitive,gonyosh
sergeant,n,onyosh,singular.dative,onyoshi
serial,adj,pyokino,positive,pyokino
serial,adj,pyokino,comparative,zon pyokino
serial,adj,pyokino,superlative,yafuntt pyokino
series,n,arotohe,singular.nominative,arotohe
series,n,arotohe,singular.accusative,idarotohe
series,n,arotohe,singular.genitive,garotohe
series,n,arotohe,singular.dative,arotohehi
serious,adj,hyadoam,positive,hyadoam
serious,adj,hyadoam,comparative,zon hyadoam
serious,adj,hyadoam,superlative,yafuntt hyadoam
sermon,n,imi,singular.nominative,imi
sermon,n,imi,singular.accusative,idimi
sermon,n,imi,singular.genitive,gimi
sermon,n,imi,singular.dative,imihi
serpent,n,gopame,singular.nominative,gopame
serpent,n,gopame,singular.accusative,idagopame
serpent,n,gopame,singular.genitive,gopame
serpent,n,gopame,singular.dative,gopamehi
servant,n,zumasuy,singular.nominative,zumasuy
servant,n,zumasuy,singular.accusative,idazumasuy
servant,n,zumasuy,singular.genitive,gazumasuy
servant,n,zumasuy,singular.dative,zumasuyahi
serve,v,tehofum,indicative.present.3sg,tehofum
serve,v,tehofum,imperative.present.3sg,tehofuma
serve,v,tehofum,subjunctive.present.3sg,tehofumapo
serve,v,tehofum,conditional.present.3sg,tehofumad
set,n,kendogy,singular.nominative,kendogy
set,n,kendogy,singular.accusative,idakendogy
set,n,kendogy,singular.genitive,gakendogy
set,n,kendogy,singular.dative,kendogyahi
set,v,karizad,indicative.present.3sg,karizad
set,v,karizad,imperative.present.3sg,karizada
set,v,karizad,subjunctive.present.3sg,karizadapo
set,v,karizad,conditional.present.3sg,karizad
settle (land),v,zhefunh,indicative.present.3sg,zhefunh
settle (land),v,zhefunh,imperative.present.3sg,zhefunha
settle (land),v,zhefunh,subjunctive.present.3sg,zhefunhapo
settle (land),v,zhefunh,conditional.present.3sg,zhefunhad
seven,num,yutteni,singular.nominative,yutteni
seven,num,yutteni,singular.accusative,idayutteni
seven,num,yutteni,singular.genitive,gayutteni
seven,num,yutteni,singular.dative,yuttenihi
seventeen,num,myo,singular.nominative,myo
seventeen,num,myo,singular.accusative,idamyo
seventeen,num,myo,singular.genitive,gamyo
seventeen,num,myo,singular.dative,myohi
severe,adj,too,positive,too
severe,adj,too,comparative,zon too
severe,adj,too,superlative,yafuntt too
sew,v,jipus,indicative.present.3sg,jipus
sew,v,jipus,imperative.present.3sg,jipusa
sew,v,jipus,subjunctive.present.3sg,jipusapo
sew,v,jipus,conditional.present.3sg,jipusad
sewage,n,ojidam,singular.nominative,ojidam
sewage,n,ojidam,singular.accusative,idojidam
sewage,n,ojidam,singular.genitive,gojidam
sewage,n,ojidam,singular.dative,ojidamahi
sewer,n,nyodo,singular.nominative,nyodo
sewer,n,nyodo,singular.accusative,idanyodo
sewer,n,nyodo,singular.genitive,ganyodo
sewer,n,nyodo,singular.dative,nyodohi
sex,n,ohezusa,singular.nominative,ohezusa
sex,n,ohezusa,singular.accusative,idohezusa
sex,n,ohezusa,singular.genitive,gohezusa
sex,n,ohezusa,singular.dative,ohezusahi
shack,n,furu,singular.nominative,furu
shack,n,furu,singular.accusative,idafuru
shack,n,furu,singular.genitive,gafuru
shack,n,furu,singular.dative,furuhi
shade,n,monyutt,singular.nominative,monyutt
shade,n,monyutt,singular.accusative,idamonyutt
shade,n,monyutt,singular.genitive,gamonyutt
shade,n,monyutt,singular.dative,monyuttahi
shadow,n,nattema,singular.nominative,nattema
shadow,n,nattema,singular.accusative,idanattema
shadow,n,nattema,singular.genitive,ganattema
shadow,n,nattema,singular.dative,nattemahi
shadowed,adj,hozuena,positive,hozuena
shadowed,adj,hozuena,comparative,zon hozuena
shadowed,adj,hozuena,superlative,yafuntt hozuena
shaft,n,gerimas,singular.nominative,gerimas
shaft,n,gerimas,singular.accusative,idagerimas
shaft,n,gerimas,singular.genitive,gerimas
shaft,n,gerimas,singular.dative,gerimasahi
shake,v,otasu,indicative.present.3sg,otasu
shake,v,otasu,imperative.present.3sg,otasua
shake,v,otasu,subjunctive.present.3sg,otasupo
shake,v,otasu,conditional.present.3sg,otasud
shaman,n,natomas,singular.nominative,natomas
shaman,n,natomas,singular.accusative,idanatomas
shaman,n,natomas,singular.genitive,ganatomas
shaman,n,natomas,singular.dative,natomasahi
shame,n,hohetsu,singular.nominative,hohetsu
shame,n,hohetsu,singular.accusative,idahohetsu
shame,n,hohetsu,singular.genitive,gahohetsu
shame,n,hohetsu,singular.dative,hohetsuhi
shape,n,watakik,singular.nominative,watakik
shape,n,watakik,singular.accusative,idawatakik
shape,n,watakik,singular.genitive,gawatakik
shape,n,watakik,singular.dative,watakikahi
share,v,colegya,indicative.present.3sg,colegya
share,v,colegya,imperative.present.3sg,colegya
share,v,colegya,subjunctive.present.3sg,colegyapo
share,v,colegya,conditional.present.3sg,colegyad
shark,n,chitaaz,singular.nominative,chitaaz
shark,n,chitaaz,singular.accusative,idachitaaz
shark,n,chitaaz,singular.genitive,gachitaaz
shark,n,chitaaz,singular.dative,chitaazahi
sharp,adj,wayoto,positive,wayoto
sharp,adj,wayoto,comparative,zon wayoto
sharp,adj,wayoto,superlative,yafuntt wayoto
shatter,v,bode,indicative.present.3sg,bode
shatter,v,bode,imperative.present.3sg,bodea
shatter,v,bode,subjunctive.present.3sg,bodepo
shatter,v,bode,conditional.present.3sg,boded
shave,v,rerimyo,indicative.present.3sg,rerimyo
shave,v,rerimyo,imperative.present.3sg,rerimyoa
shave,v,rerimyo,subjunctive.present.3sg,rerimyopo
shave,v,rerimyo,conditional.present.3sg,rerimyod
"shawm, oboe",n,daudasi,singular.nominative,daudasi
"shawm, oboe",n,daudasi,singular.accusative,idaudasi
"shawm, oboe",n,daudasi,singular.genitive,gadaudasi
"shawm, oboe",n,daudasi,singular.dative,daudasihi
shears,n,byuden,singular.nominative,byuden
shears,n,byuden,singular.accusative,idabyuden
shears,n,byuden,singular.genitive,gabyuden
shears,n,byuden,singular.dative,byudenahi
shed,n,lichoza,singular.nominative,lichoza
shed,n,lichoza,singular.accusative,idalichoza
shed,n,lichoza,singular.genitive,galichoza
shed,n,lichoza,singular.dative,lichozahi
sheep,n,zucturu,singular.nominative,zucturu
sheep,n,zucturu,singular.accusative,idazucturu
sheep,n,zucturu,singular.genitive,gazucturu
sheep,n,zucturu,singular.dative,zucturuhi
sheet,n,izuru,singular.nominative,izuru
sheet,n,izuru,singular.accusative,idizuru
sheet,n,izuru,singular.genitive,gizuru
sheet,n,izuru,singular.dative,izuruhi
shelf,n,dafupim,singular.nominative,dafupim
shelf,n,dafupim,singular.accusative,idafupim
shelf,n,dafupim,singular.genitive,gadafupim
shelf,n,dafupim,singular.dative,dafupimahi
shell,n,notarim,singular.nominative,notarim
shell,n,notarim,singular.accusative,idanotarim
shell,n,notarim,singular.genitive,ganotarim
shell,n,notarim,singular.dative,notarimahi
shellfish,n,mashoda,singular.nominative,mashoda
shellfish,n,mashoda,singular.accusative,idamashoda
shellfish,n,mashoda,singular.genitive,gamashoda
shellfish,n,mashoda,singular.dative,mashodahi
shelter,n,soharim,singular.nominative,soharim
shelter,n,soharim,singular.accusative,idasoharim
shelter,n,soharim,singular.genitive,gasoharim
shelter,n,soharim,singular.dative,soharimahi
shield,n,ozuwod,singular.nominative,ozuwod
shield,n,ozuwod,singular.accusative,idozuwod
shield,n,ozuwod,singular.genitive,gozuwod
shield,n,ozuwod,singular.dative,ozuwodahi
shine,v,jitiosa,indicative.present.3sg,jitiosa
shine,v,jitiosa,imperative.present.3sg,jitiosa
shine,v,jitiosa,subjunctive.present.3sg,jitiosapo
shine,v,jitiosa,conditional.present.3sg,jitiosad
shiny,adj,beumash,positive,beumash
shiny,adj,beumash,comparative,zon beumash
shiny,adj,beumash,superlative,yafuntt beumash
ship,n,morum,singular.nominative,morum
ship,n,morum,singular.accusative,idamorum
ship,n,morum,singular.genitive,gamorum
ship,n,morum,singular.dative,morumahi
shirt,n,chio,singular.nominative,chio
shirt,n,chio,singular.accusative,idachio
shirt,n,chio,singular.genitive,gachio
shirt,n,chio,singular.dative,chiohi
shit,n,watiso,singular.nominative,watiso
shit,n,watiso,singular.accusative,idawatiso
shit,n,watiso,singular.genitive,gawatiso
shit,n,watiso,singular.dative,watisohi
shiver,v,dosaro,indicative.present.3sg,dosaro
shiver,v,dosaro,imperative.present.3sg,dosaroa
shiver,v,dosaro,subjunctive.present.3sg,dosaropo
shiver,v,dosaro,conditional.present.3sg,dosarod
shock,v,hende,indicative.present.3sg,hende
shock,v,hende,imperative.present.3sg,hendea
shock,v,hende,subjunctive.present.3sg,hendepo
shock,v,hende,conditional.present.3sg,hended
shoe,n,gozara,singular.nominative,gozara
shoe,n,gozara,singular.accusative,idagozara
shoe,n,gozara,singular.genitive,gozara
shoe,n,gozara,singular.dative,gozarahi
shoot,v,zasu,indicative.present.3sg,zasu
shoot,v,zasu,imperative.present.3sg,zasua
shoot,v,zasu,subjunctive.present.3sg,zasupo
shoot,v,zasu,conditional.present.3sg,zasud
shooting star,n,dichuma,singular.nominative,dichuma
shooting star,n,dichuma,singular.accusative,idichuma
shooting star,n,dichuma,singular.genitive,gadichuma
shooting star,n,dichuma,singular.dative,dichumahi
shooting,n,deshodo,singular.nominative,deshodo
shooting,n,deshodo,singular.accusative,ideshodo
shooting,n,deshodo,singular.genitive,gadeshodo
shooting,n,deshodo,singular.dative,deshodohi
shop,v,tsuntar,indicative.present.3sg,tsuntar
shop,v,tsuntar,imperative.present.3sg,tsuntara
shop,v,tsuntar,subjunctive.present.3sg,tsuntarapo
shop,v,tsuntar,conditional.present.3sg,tsuntarad
shore,n,cenyawo,singular.nominative,cenyawo
shore,n,cenyawo,singular.accusative,idacenyawo
shore,n,cenyawo,singular.genitive,gacenyawo
shore,n,cenyawo,singular.dative,cenyawohi
short,adj,piga,positive,piga
short,adj,piga,comparative,zon piga
short,adj,piga,superlative,yafuntt piga
shortage,n,sadaso,singular.nominative,sadaso
shortage,n,sadaso,singular.accusative,idasadaso
shortage,n,sadaso,singular.genitive,gasadaso
shortage,n,sadaso,singular.dative,sadasohi
shortsword,n,vobokyu,singular.nominative,vobokyu
shortsword,n,vobokyu,singular.accusative,idavobokyu
shortsword,n,vobokyu,singular.genitive,gavobokyu
shortsword,n,vobokyu,singular.dative,vobokyuhi
shot,n,tochi,singular.nominative,tochi
shot,n,tochi,singular.accusative,idatochi
shot,n,tochi,singular.genitive,gatochi
shot,n,tochi,singular.dative,tochihi
should,v,dehode,indicative.present.3sg,dehode
should,v,dehode,imperative.present.3sg,dehodea
should,v,dehode,subjunctive.present.3sg,dehodepo
should,v,dehode,conditional.present.3sg,dehoded
shoulder,n,chowodo,singular.nominative,chowodo
shoulder,n,chowodo,singular.accusative,idachowodo
shoulder,n,chowodo,singular.genitive,gachowodo
shoulder,n,chowodo,singular.dative,chowodohi
shout,v,satisoo,indicative.present.3sg,satisoo
shout,v,satisoo,imperative.present.3sg,satisooa
shout,v,satisoo,subjunctive.present.3sg,satisoopo
shout,v,satisoo,conditional.present.3sg,satisood
shove,v,renakus,indicative.present.3sg,renakus
shove,v,renakus,imperative.present.3sg,renakusa
shove,v,renakus,subjunctive.present.3sg,renakusapo
shove,v,renakus,conditional.present.3sg,renakusad
shovel,n,kansatt,singular.nominative,kansatt
shovel,n,kansatt,singular.accusative,idakansatt
shovel,n,kansatt,singular.genitive,gakansatt
shovel,n,kansatt,singular.dative,kansattahi
show,n,wojirma,singular.nominative,wojirma
show,n,wojirma,singular.accusative,idawojirma
show,n,wojirma,singular.genitive,gawojirma
show,n,wojirma,singular.dative,wojirmahi
show,v,byono,indicative.present.3sg,byono
show,v,byono,imperative.present.3sg,byonoa
show,v,byono,subjunctive.present.3sg,byonopo
show,v,byono,conditional.present.3sg,byonod
showcase,n,detatte,singular.nominative,detatte
showcase,n,detatte,singular.accusative,idetatte
showcase,n,detatte,singular.genitive,gadetatte
showcase,n,detatte,singular.dative,detattehi
shower,n,kotashi,singular.nominative,kotashi
shower,n,kotashi,singular.accusative,idakotashi
shower,n,kotashi,singular.genitive,gakotashi
shower,n,kotashi,singular.dative,kotashihi
shrimp,n,tatatte,singular.nominative,tatatte
shrimp,n,tatatte,singular.accusative,idatatatte
shrimp,n,tatatte,singular.genitive,gatatatte
shrimp,n,tatatte,singular.dative,tatattehi
shrine,n,nitara,singular.nominative,nitara
shrine,n,nitara,singular.accusative,idanitara
shrine,n,nitara,singular.genitive,ganitara
shrine,n,nitara,singular.dative,nitarahi
shrink,v,oyorya,indicative.present.3sg,oyorya
shrink,v,oyorya,imperative.present.3sg,oyorya
shrink,v,oyorya,subjunctive.present.3sg,oyoryapo
shrink,v,oyorya,conditional.present.3sg,oyoryad
shrub,n,gihench,singular.nominative,gihench
shrub,n,gihench,singular.accusative,idagihench
shrub,n,gihench,singular.genitive,gihench
shrub,n,gihench,singular.dative,gihenchi
shudder,v,nihodo,indicative.present.3sg,nihodo
shudder,v,nihodo,imperative.present.3sg,nihodoa
shudder,v,nihodo,subjunctive.present.3sg,nihodopo
shudder,v,nihodo,conditional.present.3sg,nihodod
shuffle,v,johade,indicative.present.3sg,johade
shuffle,v,johade,imperative.present.3sg,johadea
shuffle,v,johade,subjunctive.present.3sg,johadepo
shuffle,v,johade,conditional.present.3sg,johaded
shut/close,v,konwo,indicative.present.3sg,konwo
shut/close,v,konwo,imperative.present.3sg,konwoa
shut/close,v,konwo,subjunctive.present.3sg,konwopo
shut/close,v,konwo,conditional.present.3sg,konwod
shuttered,adj,pro,positive,pro
shuttered,adj,pro,comparative,zon pro
shuttered,adj,pro,superlative,yafuntt pro
sibling,n,shoto,singular.nominative,shoto
sibling,n,shoto,singular.accusative,idashoto
sibling,n,shoto,singular.genitive,gashoto
sibling,n,shoto,singular.dative,shotohi
sick,adj,hituru,positive,hituru
sick,adj,hituru,comparative,zon hituru
sick,adj,hituru,superlative,yafuntt hituru
sickle,n,quodasu,singular.nominative,quodasu
sickle,n,quodasu,singular.accusative,idaquodasu
sickle,n,quodasu,singular.genitive,gaquodasu
sickle,n,quodasu,singular.dative,quodasuhi
side-saddle,n,chitatt,singular.nominative,chitatt
side-saddle,n,chitatt,singular.accusative,idachitatt
side-saddle,n,chitatt,singular.genitive,gachitatt
side-saddle,n,chitatt,singular.dative,chitattahi
side,n,myaa,singular.nominative,myaa
side,n,myaa,singular.accusative,idamyaa
side,n,myaa,singular.genitive,gamyaa
side,n,myaa,singular.dative,myaahi
sidewalk,n,gatta,singular.nominative,gatta
sidewalk,n,gatta,singular.accusative,idagatta
sidewalk,n,gatta,singular.genitive,gatta
sidewalk,n,gatta,singular.dative,gattahi
siege,n,zakinfu,singular.nominative,zakinfu
siege,n,zakinfu,singular.accusative,idazakinfu
siege,n,zakinfu,singular.genitive,gazakinfu
siege,n,zakinfu,singular.dative,zakinfuhi
sigh,v,anzuzam,indicative.present.3sg,anzuzam
sigh,v,anzuzam,imperative.present.3sg,anzuzama
sigh,v,anzuzam,subjunctive.present.3sg,anzuzamapo
sigh,v,anzuzam,conditional.present.3sg,anzuzamad
sight,n,dabedat,singular.nominative,dabedat
sight,n,dabedat,singular.accusative,idabedat
sight,n,dabedat,singular.genitive,gadabedat
sight,n,dabedat,singular.dative,dabedatahi
sigil,n,arogyac,singular.nominative,arogyac
sigil,n,arogyac,singular.accusative,idarogyac
sigil,n,arogyac,singular.genitive,garogyac
sigil,n,arogyac,singular.dative,arogyacahi
sign,n,byaru,singular.nominative,byaru
sign,n,byaru,singular.accusative,idabyaru
sign,n,byaru,singular.genitive,gabyaru
sign,n,byaru,singular.dative,byaruhi
significant,adj,hacligy,positive,hacligy
significant,adj,hacligy,comparative,zon hacligy
significant,adj,hacligy,superlative,yafuntt hacligy
silent,adj,nat,positive,nat
silent,adj,nat,comparative,zon nat
silent,adj,nat,superlative,yafuntt nat
silk,n,hishi,singular.nominative,hishi
silk,n,hishi,singular.accusative,idahishi
silk,n,hishi,singular.genitive,gahishi
silk,n,hishi,singular.dative,hishihi
silver,n,perimas,singular.nominative,perimas
silver,n,perimas,singular.accusative,idaperimas
silver,n,perimas,singular.genitive,gaperimas
silver,n,perimas,singular.dative,perimasahi
similar,adj,mudaran,positive,mudaran
similar,adj,mudaran,comparative,zon mudaran
similar,adj,mudaran,superlative,yafuntt mudaran
simmer,v,juo,indicative.present.3sg,juo
simmer,v,juo,imperative.present.3sg,juoa
simmer,v,juo,subjunctive.present.3sg,juopo
simmer,v,juo,conditional.present.3sg,juod
simple,adj,shitoru,positive,shitoru
simple,adj,shitoru,comparative,zon shitoru
simple,adj,shitoru,superlative,yafuntt shitoru
simulacrum,n,wachitt,singular.nominative,wachitt
simulacrum,n,wachitt,singular.accusative,idawachitt
simulacrum,n,wachitt,singular.genitive,gawachitt
simulacrum,n,wachitt,singular.dative,wachittahi
simultaneous,adj,byoshis,positive,byoshis
simultaneous,adj,byoshis,comparative,zon byoshis
simultaneous,adj,byoshis,superlative,yafuntt byoshis
sin,n,estum,singular.nominative,estum
sin,n,estum,singular.accusative,idestum
sin,n,estum,singular.genitive,gestum
sin,n,estum,singular.dative,estumahi
sincere,adj,excenya,positive,excenya
sincere,adj,excenya,comparative,zon excenya
sincere,adj,excenya,superlative,yafuntt excenya
single,adj,nochobe,positive,nochobe
single,adj,nochobe,comparative,zon nochobe
single,adj,nochobe,superlative,yafuntt nochobe
sink,v,goyohe,indicative.present.3sg,goyohe
sink,v,goyohe,imperative.present.3sg,goyohea
sink,v,goyohe,subjunctive.present.3sg,goyohepo
sink,v,goyohe,conditional.present.3sg,goyohed
sinking,n,zhacte,singular.nominative,zhacte
sinking,n,zhacte,singular.accusative,idazhacte
sinking,n,zhacte,singular.genitive,gazhacte
sinking,n,zhacte,singular.dative,zhactehi
sip,v,ehoa,indicative.present.3sg,ehoa
sip,v,ehoa,imperative.present.3sg,ehoa
sip,v,ehoa,subjunctive.present.3sg,ehoapo
sip,v,ehoa,conditional.present.3sg,ehoad
siren,n,separu,singular.nominative,separu
siren,n,separu,singular.accusative,idaseparu
siren,n,separu,singular.genitive,gaseparu
siren,n,separu,singular.dative,separuhi
sister,n,okyada,singular.nominative,okyada
sister,n,okyada,singular.accusative,idokyada
sister,n,okyada,singular.genitive,gokyada
sister,n,okyada,singular.dative,okyadahi
sit,v,konzonj,indicative.present.3sg,konzonj
sit,v,konzonj,imperative.present.3sg,konzonja
sit,v,konzonj,subjunctive.present.3sg,konzonjapo
sit,v,konzonj,conditional.present.3sg,konzonjad
site,n,byobyut,singular.nominative,byobyut
site,n,byobyut,singular.accusative,idabyobyut
site,n,byobyut,singular.genitive,gabyobyut
site,n,byobyut,singular.dative,byobyutahi
situate,v,nakizu,indicative.present.3sg,nakizu
situate,v,nakizu,imperative.present.3sg,nakizua
situate,v,nakizu,subjunctive.present.3sg,nakizupo
situate,v,nakizu,conditional.present.3sg,nakizud
situation,n,hyukari,singular.nominative,hyukari
situation,n,hyukari,singular.accusative,idahyukari
situation,n,hyukari,singular.genitive,gahyukari
situation,n,hyukari,singular.dative,hyukarihi
six,num,anakisa,singular.nominative,anakisa
six,num,anakisa,singular.accusative,idanakisa
six,num,anakisa,singular.genitive,ganakisa
six,num,anakisa,singular.dative,anakisahi
sixteen,num,gochit,singular.nominative,gochit
sixteen,num,gochit,singular.accusative,idagochit
sixteen,num,gochit,singular.genitive,gochit
sixteen,num,gochit,singular.dative,gochitahi
size,n,juyunma,singular.nominative,juyunma
size,n,juyunma,singular.accusative,idajuyunma
size,n,juyunma,singular.genitive,gajuyunma
size,n,juyunma,singular.dative,juyunmahi
skate,v,yosoo,indicative.present.3sg,yosoo
skate,v,yosoo,imperative.present.3sg,yosooa
skate,v,yosoo,subjunctive.present.3sg,yosoopo
skate,v,yosoo,conditional.present.3sg,yosood
skeleton,n,naryari,singular.nominative,naryari
skeleton,n,naryari,singular.accusative,idanaryari
skeleton,n,naryari,singular.genitive,ganaryari
skeleton,n,naryari,singular.dative,naryarihi
skeptic,n,destrim,singular.nominative,destrim
skeptic,n,destrim,singular.accusative,idestrim
skeptic,n,destrim,singular.genitive,gadestrim
skeptic,n,destrim,singular.dative,destrimahi
sketch,n,ranmyuf,singular.nominative,ranmyuf
sketch,n,ranmyuf,singular.accusative,idaranmyuf
sketch,n,ranmyuf,singular.genitive,garanmyuf
sketch,n,ranmyuf,singular.dative,ranmyufahi
skid,v,ozabeda,indicative.present.3sg,ozabeda
skid,v,ozabeda,imperative.present.3sg,ozabeda
skid,v,ozabeda,subjunctive.present.3sg,ozabedapo
skid,v,ozabeda,conditional.present.3sg,ozabedad
skill,n,arumuse,singular.nominative,arumuse
skill,n,arumuse,singular.accusative,idarumuse
skill,n,arumuse,singular.genitive,garumuse
skill,n,arumuse,singular.dative,arumusehi
skillet,n,granamo,singular.nominative,granamo
skillet,n,granamo,singular.accusative,idagranamo
skillet,n,granamo,singular.genitive,garanamo
skillet,n,granamo,singular.dative,granamohi
skin/hide,n,zazoru,singular.nominative,zazoru
skin/hide,n,zazoru,singular.accusative,idazazoru
skin/hide,n,zazoru,singular.genitive,gazazoru
skin/hide,n,zazoru,singular.dative,zazoruhi
skin,n,ohyohe,singular.nominative,ohyohe
skin,n,ohyohe,singular.accusative,idohyohe
skin,n,ohyohe,singular.genitive,gohyohe
skin,n,ohyohe,singular.dative,ohyohehi
skin,v,jietema,indicative.present.3sg,jietema
skin,v,jietema,imperative.present.3sg,jietema
skin,v,jietema,subjunctive.present.3sg,jietemapo
skin,v,jietema,conditional.present.3sg,jietemad
skinny,adj,ojipsi,positive,ojipsi
skinny,adj,ojipsi,comparative,zon ojipsi
skinny,adj,ojipsi,superlative,yafuntt ojipsi
skirmish,n,yawomat,singular.nominative,yawomat
skirmish,n,yawomat,singular.accusative,idayawomat
skirmish,n,yawomat,singular.genitive,gayawomat
skirmish,n,yawomat,singular.dative,yawomatahi
skirt,n,fumasum,singular.nominative,fumasum
skirt,n,fumasum,singular.accusative,idafumasum
skirt,n,fumasum,singular.genitive,gafumasum
skirt,n,fumasum,singular.dative,fumasumahi
skull,n,uda,singular.nominative,uda
skull,n,uda,singular.accusative,iduda
skull,n,uda,singular.genitive,guda
skull,n,uda,singular.dative,udahi
sky,n,cum,singular.nominative,cum
sky,n,cum,singular.accusative,idacum
sky,n,cum,singular.genitive,gacum
sky,n,cum,singular.dative,cumahi
slab,n,wataki,singular.nominative,wataki
slab,n,wataki,singular.accusative,idawataki
slab,n,wataki,singular.genitive,gawataki
slab,n,wataki,singular.dative,watakihi
slack,n,hohyuda,singular.nominative,hohyuda
slack,n,hohyuda,singular.accusative,idahohyuda
slack,n,hohyuda,singular.genitive,gahohyuda
slack,n,hohyuda,singular.dative,hohyudahi
slant,n,nasupyu,singular.nominative,nasupyu
slant,n,nasupyu,singular.accusative,idanasupyu
slant,n,nasupyu,singular.genitive,ganasupyu
slant,n,nasupyu,singular.dative,nasupyuhi
slash,v,tazuseg,indicative.present.3sg,tazuseg
slash,v,tazuseg,imperative.present.3sg,tazusega
slash,v,tazuseg,subjunctive.present.3sg,tazusegapo
slash,v,tazuseg,conditional.present.3sg,tazusegad
slate,n,futtech,singular.nominative,futtech
slate,n,futtech,singular.accusative,idafuttech
slate,n,futtech,singular.genitive,gafuttech
slate,n,futtech,singular.dative,futtechi
slaughter,v,auwo,indicative.present.3sg,auwo
slaughter,v,auwo,imperative.present.3sg,auwoa
slaughter,v,auwo,subjunctive.present.3sg,auwopo
slaughter,v,auwo,conditional.present.3sg,auwod
sleek,adj,ozude,positive,ozude
sleek,adj,ozude,comparative,zon ozude
sleek,adj,ozude,superlative,yafuntt ozude
sleep,n,hinai,singular.nominative,hinai
sleep,n,hinai,singular.accusative,idahinai
sleep,n,hinai,singular.genitive,gahinai
sleep,n,hinai,singular.dative,hinaihi
sleep,v,nuru,indicative.present.3sg,nuru
sleep,v,nuru,imperative.present.3sg,nurua
sleep,v,nuru,subjunctive.present.3sg,nurupo
sleep,v,nuru,conditional.present.3sg,nurud
sleeping furs,n,byurumy,singular.nominative,byurumy
sleeping furs,n,byurumy,singular.accusative,idabyurumy
sleeping furs,n,byurumy,singular.genitive,gabyurumy
sleeping furs,n,byurumy,singular.dative,byurumyahi
slender,adj,monheji,positive,monheji
slender,adj,monheji,comparative,zon monheji
slender,adj,monheji,superlative,yafuntt monheji
slice,n,hodopya,singular.nominative,hodopya
slice,n,hodopya,singular.accusative,idahodopya
slice,n,hodopya,singular.genitive,gahodopya
slice,n,hodopya,singular.dative,hodopyahi
slide,v,uzetsu,indicative.present.3sg,uzetsu
slide,v,uzetsu,imperative.present.3sg,uzetsua
slide,v,uzetsu,subjunctive.present.3sg,uzetsupo
slide,v,uzetsu,conditional.present.3sg,uzetsud
slim (of a person),adj,nakinas,positive,nakinas
slim (of a person),adj,nakinas,comparative,zon nakinas
slim (of a person),adj,nakinas,superlative,yafuntt nakinas
sling,n,wamyuma,singular.nominative,wamyuma
sling,n,wamyuma,singular.accusative,idawamyuma
sling,n,wamyuma,singular.genitive,gawamyuma
sling,n,wamyuma,singular.dative,wamyumahi
slip,v,ozakiz,indicative.present.3sg,ozakiz
slip,v,ozakiz,imperative.present.3sg,ozakiza
slip,v,ozakiz,subjunctive.present.3sg,ozakizapo
slip,v,ozakiz,conditional.present.3sg,ozakizad
slipper,n,nifuhah,singular.nominative,nifuhah
slipper,n,nifuhah,singular.accusative,idanifuhah
slipper,n,nifuhah,singular.genitive,ganifuhah
slipper,n,nifuhah,singular.dative,nifuhahi
slit,n,cilichu,singular.nominative,cilichu
slit,n,cilichu,singular.accusative,idacilichu
slit,n,cilichu,singular.genitive,gacilichu
slit,n,cilichu,singular.dative,cilichuhi
slogan,n,kossi,singular.nominative,kossi
slogan,n,kossi,singular.accusative,idakossi
slogan,n,kossi,singular.genitive,gakossi
slogan,n,kossi,singular.dative,kossihi
slope,n,gahyozo,singular.nominative,gahyozo
slope,n,gahyozo,singular.accusative,idagahyozo
slope,n,gahyozo,singular.genitive,gahyozo
slope,n,gahyozo,singular.dative,gahyozohi
slow,adj,nyoku,positive,nyoku
slow,adj,nyoku,comparative,zon nyoku
slow,adj,nyoku,superlative,yafuntt nyoku
slowness,n,woa,singular.nominative,woa
slowness,n,woa,singular.accusative,idawoa
slowness,n,woa,singular.genitive,gawoa
slowness,n,woa,singular.dative,woahi
slump,v,naran,indicative.present.3sg,naran
slump,v,naran,imperative.present.3sg,narana
slump,v,naran,subjunctive.present.3sg,naranapo
slump,v,naran,conditional.present.3sg,naranad
smack,v,wochito,indicative.present.3sg,wochito
smack,v,wochito,imperative.present.3sg,wochitoa
smack,v,wochito,subjunctive.present.3sg,wochitopo
smack,v,wochito,conditional.present.3sg,wochitod
small,adj,dafus,positive,dafus
small,adj,dafus,comparative,zon dafus
small,adj,dafus,superlative,yafuntt dafus
smart,adj,libawo,positive,libawo
smart,adj,libawo,comparative,zon libawo
smart,adj,libawo,superlative,yafuntt libawo
smash,v,mita,indicative.present.3sg,mita
smash,v,mita,imperative.present.3sg,mita
smash,v,mita,subjunctive.present.3sg,mitapo
smash,v,mita,conditional.present.3sg,mitad
smell (emit odor),v,gyode,indicative.present.3sg,gyode
smell (emit odor),v,gyode,imperative.present.3sg,gyodea
smell (emit odor),v,gyode,subjunctive.present.3sg,gyodepo
smell (emit odor),v,gyode,conditional.present.3sg,gyoded
smell (sense with nose),v,dasaruh,indicative.present.3sg,dasaruh
smell (sense with nose),v,dasaruh,imperative.present.3sg,dasaruha
smell (sense with nose),v,dasaruh,subjunctive.present.3sg,dasaruhapo
smell (sense with nose),v,dasaruh,conditional.present.3sg,dasaruhad
smile,v,nimasuc,indicative.present.3sg,nimasuc
smile,v,nimasuc,imperative.present.3sg,nimasuca
smile,v,nimasuc,subjunctive.present.3sg,nimasucapo
smile,v,nimasuc,conditional.present.3sg,nimasucad
smirk,v,anairyu,indicative.present.3sg,anairyu
smirk,v,anairyu,imperative.present.3sg,anairyua
smirk,v,anairyu,subjunctive.present.3sg,anairyupo
smirk,v,anairyu,conditional.present.3sg,anairyud
smite,v,ozusanu,indicative.present.3sg,ozusanu
smite,v,ozusanu,imperative.present.3sg,ozusanua
smite,v,ozusanu,subjunctive.present.3sg,ozusanupo
smite,v,ozusanu,conditional.present.3sg,ozusanud
smoke,n,goseya,singular.nominative,goseya
smoke,n,goseya,singular.accusative,idagoseya
smoke,n,goseya,singular.genitive,goseya
smoke,n,goseya,singular.dative,goseyahi
smoking,adj,ogobim,positive,ogobim
smoking,adj,ogobim,comparative,zon ogobim
smoking,adj,ogobim,superlative,yafuntt ogobim
smooth,adj,wad,positive,wad
smooth,adj,wad,comparative,zon wad
smooth,adj,wad,superlative,yafuntt wad
smuggle,v,monbyos,indicative.present.3sg,monbyos
smuggle,v,monbyos,imperative.present.3sg,monbyosa
smuggle,v,monbyos,subjunctive.present.3sg,monbyosapo
smuggle,v,monbyos,conditional.present.3sg,monbyosad
snack,n,dani,singular.nominative,dani
snack,n,dani,singular.accusative,idani
snack,n,dani,singular.genitive,gadani
snack,n,dani,singular.dative,danihi
snail,n,eyujiwo,singular.nominative,eyujiwo
snail,n,eyujiwo,singular.accusative,ideyujiwo
snail,n,eyujiwo,singular.genitive,geyujiwo
snail,n,eyujiwo,singular.dative,eyujiwohi
snake,n,shau,singular.nominative,shau
snake,n,shau,singular.accusative,idashau
snake,n,shau,singular.genitive,gashau
snake,n,shau,singular.dative,shauhi
snap,v,derequa,indicative.present.3sg,derequa
snap,v,derequa,imperative.present.3sg,derequa
snap,v,derequa,subjunctive.present.3sg,derequapo
snap,v,derequa,conditional.present.3sg,derequad
snares,n,jijocho,singular.nominative,jijocho
snares,n,jijocho,singular.accusative,idajijocho
snares,n,jijocho,singular.genitive,gajijocho
snares,n,jijocho,singular.dative,jijochohi
snatch,v,monodat,indicative.present.3sg,monodat
snatch,v,monodat,imperative.present.3sg,monodata
snatch,v,monodat,subjunctive.present.3sg,monodatapo
snatch,v,monodat,conditional.present.3sg,monodatad
sneak,v,nultiom,indicative.present.3sg,nultiom
sneak,v,nultiom,imperative.present.3sg,nultioma
sneak,v,nultiom,subjunctive.present.3sg,nultiomapo
sneak,v,nultiom,conditional.present.3sg,nultiomad
sneeze,v,myunsoo,indicative.present.3sg,myunsoo
sneeze,v,myunsoo,imperative.present.3sg,myunsooa
sneeze,v,myunsoo,subjunctive.present.3sg,myunsoopo
sneeze,v,myunsoo,conditional.present.3sg,myunsood
sniff,v,eni,indicative.present.3sg,eni
sniff,v,eni,imperative.present.3sg,enia
sniff,v,eni,subjunctive.present.3sg,enipo
sniff,v,eni,conditional.present.3sg,enid
snow,n,hinuzoo,singular.nominative,hinuzoo
snow,n,hinuzoo,singular.accusative,idahinuzoo
snow,n,hinuzoo,singular.genitive,gahinuzoo
snow,n,hinuzoo,singular.dative,hinuzoohi
soap,n,ohote,singular.nominative,ohote
soap,n,ohote,singular.accusative,idohote
soap,n,ohote,singular.genitive,gohote
soap,n,ohote,singular.dative,ohotehi
soar,v,wahagya,indicative.present.3sg,wahagya
soar,v,wahagya,imperative.present.3sg,wahagya
soar,v,wahagya,subjunctive.present.3sg,wahagyapo
soar,v,wahagya,conditional.present.3sg,wahagyad
sob,v,ryaheru,indicative.present.3sg,ryaheru
sob,v,ryaheru,imperative.present.3sg,ryaherua
sob,v,ryaheru,subjunctive.present.3sg,ryaherupo
sob,v,ryaheru,conditional.present.3sg,ryaherud
sober,adj,ryopyaj,positive,ryopyaj
sober,adj,ryopyaj,comparative,zon ryopyaj
sober,adj,ryopyaj,superlative,yafuntt ryopyaj
social,adj,mozutor,positive,mozutor
social,adj,mozutor,comparative,zon mozutor
social,adj,mozutor,superlative,yafuntt mozutor
society,n,oddama,singular.nominative,oddama
society,n,oddama,singular.accusative,idoddama
society,n,oddama,singular.genitive,goddama
society,n,oddama,singular.dative,oddamahi
sock,n,wonatte,singular.nominative,wonatte
sock,n,wonatte,singular.accusative,idawonatte
sock,n,wonatte,singular.genitive,gawonatte
sock,n,wonatte,singular.dative,wonattehi
sofa,n,myano,singular.nominative,myano
sofa,n,myano,singular.accusative,idamyano
sofa,n,myano,singular.genitive,gamyano
sofa,n,myano,singular.dative,myanohi
soft,adj,oejiyo,positive,oejiyo
soft,adj,oejiyo,comparative,zon oejiyo
soft,adj,oejiyo,superlative,yafuntt oejiyo
soil,n,aromasu,singular.nominative,aromasu
soil,n,aromasu,singular.accusative,idaromasu
soil,n,aromasu,singular.genitive,garomasu
soil,n,aromasu,singular.dative,aromasuhi
soldier,n,jiheyar,singular.nominative,jiheyar
soldier,n,jiheyar,singular.accusative,idajiheyar
soldier,n,jiheyar,singular.genitive,gajiheyar
soldier,n,jiheyar,singular.dative,jiheyarahi
sole,adj,omede,positive,omede
sole,adj,omede,comparative,zon omede
sole,adj,omede,superlative,yafuntt omede
solo,n,gozatt,singular.nominative,gozatt
solo,n,gozatt,singular.accusative,idagozatt
solo,n,gozatt,singular.genitive,gozatt
solo,n,gozatt,singular.dative,gozattahi
son,n,fune,singular.nominative,fune
son,n,fune,singular.accusative,idafune
son,n,fune,singular.genitive,gafune
son,n,fune,singular.dative,funehi
song,n,inataka,singular.nominative,inataka
song,n,inataka,singular.accusative,idinataka
song,n,inataka,singular.genitive,ginataka
song,n,inataka,singular.dative,inatakahi
sophisticated,adj,ojinat,positive,ojinat
sophisticated,adj,ojinat,comparative,zon ojinat
sophisticated,adj,ojinat,superlative,yafuntt ojinat
sorcerer,n,ukinaki,singular.nominative,ukinaki
sorcerer,n,ukinaki,singular.accusative,idukinaki
sorcerer,n,ukinaki,singular.genitive,gukinaki
sorcerer,n,ukinaki,singular.dative,ukinakihi
sorceress,n,yazemas,singular.nominative,yazemas
sorceress,n,yazemas,singular.accusative,idayazemas
sorceress,n,yazemas,singular.genitive,gayazemas
sorceress,n,yazemas,singular.dative,yazemasahi
sorceries,n,hezemas,singular.nominative,hezemas
sorceries,n,hezemas,singular.accusative,idahezemas
sorceries,n,hezemas,singular.genitive,gahezemas
sorceries,n,hezemas,singular.dative,hezemasahi
sore,adj,zofushi,positive,zofushi
sore,adj,zofushi,comparative,zon zofushi
sore,adj,zofushi,superlative,yafuntt zofushi
sorrow,n,zasutte,singular.nominative,zasutte
sorrow,n,zasutte,singular.accusative,idazasutte
sorrow,n,zasutte,singular.genitive,gazasutte
sorrow,n,zasutte,singular.dative,zasuttehi
sort,v,nakyuji,indicative.present.3sg,nakyuji
sort,v,nakyuji,imperative.present.3sg,nakyujia
sort,v,nakyuji,subjunctive.present.3sg,nakyujipo
sort,v,nakyuji,conditional.present.3sg,nakyujid
soul,n,nyuga,singular.nominative,nyuga
soul,n,nyuga,singular.accusative,idanyuga
soul,n,nyuga,singular.genitive,ganyuga
soul,n,nyuga,singular.dative,nyugahi
sound,n,eomasu,singular.nominative,eomasu
sound,n,eomasu,singular.accusative,ideomasu
sound,n,eomasu,singular.genitive,geomasu
sound,n,eomasu,singular.dative,eomasuhi
soup,n,nyasu,singular.nominative,nyasu
soup,n,nyasu,singular.accusative,idanyasu
soup,n,nyasu,singular.genitive,ganyasu
soup,n,nyasu,singular.dative,nyasuhi
sour,adj,musi,positive,musi
sour,adj,musi,comparative,zon musi
sour,adj,musi,superlative,yafuntt musi
source,n,desesu,singular.nominative,desesu
source,n,desesu,singular.accusative,idesesu
source,n,desesu,singular.genitive,gadesesu
source,n,desesu,singular.dative,desesuhi
south,n,jiyuzab,singular.nominative,jiyuzab
south,n,jiyuzab,singular.accusative,idajiyuzab
south,n,jiyuzab,singular.genitive,gajiyuzab
south,n,jiyuzab,singular.dative,jiyuzabahi
souvenir,n,towa,singular.nominative,towa
souvenir,n,towa,singular.accusative,idatowa
souvenir,n,towa,singular.genitive,gatowa
souvenir,n,towa,singular.dative,towahi
sovereign,n,zuheazo,singular.nominative,zuheazo
sovereign,n,zuheazo,singular.accusative,idazuheazo
sovereign,n,zuheazo,singular.genitive,gazuheazo
sovereign,n,zuheazo,singular.dative,zuheazohi
spa,n,shitter,singular.nominative,shitter
spa,n,shitter,singular.accusative,idashitter
spa,n,shitter,singular.genitive,gashitter
spa,n,shitter,singular.dative,shitterahi
space (outer),n,sonru,singular.nominative,sonru
space (outer),n,sonru,singular.accusative,idasonru
space (outer),n,sonru,singular.genitive,gasonru
space (outer),n,sonru,singular.dative,sonruhi
space (room),n,yoso,singular.nominative,yoso
space (room),n,yoso,singular.accusative,idayoso
space (room),n,yoso,singular.genitive,gayoso
space (room),n,yoso,singular.dative,yosohi
spade,n,onu,singular.nominative,onu
spade,n,onu,singular.accusative,idonu
spade,n,onu,singular.genitive,gonu
spade,n,onu,singular.dative,onuhi
span,n,byai,singular.nominative,byai
span,n,byai,singular.accusative,idabyai
span,n,byai,singular.genitive,gabyai
span,n,byai,singular.dative,byaihi
spare,adj,higyatt,positive,higyatt
spare,adj,higyatt,comparative,zon higyatt
spare,adj,higyatt,superlative,yafuntt higyatt
spark,n,cibu,singular.nominative,cibu
spark,n,cibu,singular.accusative,idacibu
spark,n,cibu,singular.genitive,gacibu
spark,n,cibu,singular.dative,cibuhi
spawn,v,yomyoch,indicative.present.3sg,yomyoch
spawn,v,yomyoch,imperative.present.3sg,yomyocha
spawn,v,yomyoch,subjunctive.present.3sg,yomyochapo
spawn,v,yomyoch,conditional.present.3sg,yomyochad
speak,v,datakyo,indicative.present.3sg,datakyo
speak,v,datakyo,imperative.present.3sg,datakyoa
speak,v,datakyo,subjunctive.present.3sg,datakyopo
speak,v,datakyo,conditional.present.3sg,datakyod
speaking,n,mijulli,singular.nominative,mijulli
speaking,n,mijulli,singular.accusative,idamijulli
speaking,n,mijulli,singular.genitive,gamijulli
speaking,n,mijulli,singular.dative,mijullihi
spear,n,deta,singular.nominative,deta
spear,n,deta,singular.accusative,ideta
spear,n,deta,singular.genitive,gadeta
spear,n,deta,singular.dative,detahi
special,adj,jade,positive,jade
special,adj,jade,comparative,zon jade
special,adj,jade,superlative,yafuntt jade
specialist,n,hoheru,singular.nominative,hoheru
specialist,n,hoheru,singular.accusative,idahoheru
specialist,n,hoheru,singular.genitive,gahoheru
specialist,n,hoheru,singular.dative,hoheruhi
specialty,n,are,singular.nominative,are
specialty,n,are,singular.accusative,idare
specialty,n,are,singular.genitive,gare
specialty,n,are,singular.dative,arehi
species,n,seru,singular.nominative,seru
species,n,seru,singular.accusative,idaseru
species,n,seru,singular.genitive,gaseru
species,n,seru,singular.dative,seruhi
specific,adj,upimasu,positive,upimasu
specific,adj,upimasu,comparative,zon upimasu
specific,adj,upimasu,superlative,yafuntt upimasu
specimen,n,zam,singular.nominative,zam
specimen,n,zam,singular.accusative,idazam
specimen,n,zam,singular.genitive,gazam
specimen,n,zam,singular.dative,zamahi
spectacle,n,anaruho,singular.nominative,anaruho
spectacle,n,anaruho,singular.accusative,idanaruho
spectacle,n,anaruho,singular.genitive,ganaruho
spectacle,n,anaruho,singular.dative,anaruhohi
spectacles/glasses,n,owochi,singular.nominative,owochi
spectacles/glasses,n,owochi,singular.accusative,idowochi
spectacles/glasses,n,owochi,singular.genitive,gowochi
spectacles/glasses,n,owochi,singular.dative,owochihi
spectate,v,nefuruh,indicative.present.3sg,nefuruh
spectate,v,nefuruh,imperative.present.3sg,nefuruha
spectate,v,nefuruh,subjunctive.present.3sg,nefuruhapo
spectate,v,nefuruh,conditional.present.3sg,nefuruhad
spectrum,n,kotoheh,singular.nominative,kotoheh
spectrum,n,kotoheh,singular.accusative,idakotoheh
spectrum,n,kotoheh,singular.genitive,gakotoheh
spectrum,n,kotoheh,singular.dative,kotohehi
speculate,v,chaboke,indicative.present.3sg,chaboke
speculate,v,chaboke,imperative.present.3sg,chabokea
speculate,v,chaboke,subjunctive.present.3sg,chabokepo
speculate,v,chaboke,conditional.present.3sg,chaboked
speed,n,doga,singular.nominative,doga
speed,n,doga,singular.accusative,idoga
speed,n,doga,singular.genitive,gadoga
speed,n,doga,singular.dative,dogahi
spell (of magic),n,desoshi,singular.nominative,desoshi
spell (of magic),n,desoshi,singular.accusative,idesoshi
spell (of magic),n,desoshi,singular.genitive,gadesoshi
spell (of magic),n,desoshi,singular.dative,desoshihi
spell (of time),n,nariman,singular.nominative,nariman
spell (of time),n,nariman,singular.accusative,idanariman
spell (of time),n,nariman,singular.genitive,ganariman
spell (of time),n,nariman,singular.dative,narimanahi
spell,n,naridas,singular.nominative,naridas
spell,n,naridas,singular.accusative,idanaridas
spell,n,naridas,singular.genitive,ganaridas
spell,n,naridas,singular.dative,naridasahi
spell,v,wanarep,indicative.present.3sg,wanarep
spell,v,wanarep,imperative.present.3sg,wanarepa
spell,v,wanarep,subjunctive.present.3sg,wanarepo
spell,v,wanarep,conditional.present.3sg,wanarepad
spend,v,zedata,indicative.present.3sg,zedata
spend,v,zedata,imperative.present.3sg,zedata
spend,v,zedata,subjunctive.present.3sg,zedatapo
spend,v,zedata,conditional.present.3sg,zedatad
sphere,n,jimasud,singular.nominative,jimasud
sphere,n,jimasud,singular.accusative,idajimasud
sphere,n,jimasud,singular.genitive,gajimasud
sphere,n,jimasud,singular.dative,jimasudahi
sphinx,n,tegyohe,singular.nominative,tegyohe
sphinx,n,tegyohe,singular.accusative,idategyohe
sphinx,n,tegyohe,singular.genitive,gategyohe
sphinx,n,tegyohe,singular.dative,tegyohehi
spice,n,arono,singular.nominative,arono
spice,n,arono,singular.accusative,idarono
spice,n,arono,singular.genitive,garono
spice,n,arono,singular.dative,aronohi
spider,n,tachujo,singular.nominative,tachujo
spider,n,tachujo,singular.accusative,idatachujo
spider,n,tachujo,singular.genitive,gatachujo
spider,n,tachujo,singular.dative,tachujohi
spike,n,ishito,singular.nominative,ishito
spike,n,ishito,singular.accusative,idishito
spike,n,ishito,singular.genitive,gishito
spike,n,ishito,singular.dative,ishitohi
spill,v,gohasu,indicative.present.3sg,gohasu
spill,v,gohasu,imperative.present.3sg,gohasua
spill,v,gohasu,subjunctive.present.3sg,gohasupo
spill,v,gohasu,conditional.present.3sg,gohasud
spin,v,kyoja,indicative.present.3sg,kyoja
spin,v,kyoja,imperative.present.3sg,kyoja
spin,v,kyoja,subjunctive.present.3sg,kyojapo
spin,v,kyoja,conditional.present.3sg,kyojad
spinach,n,kotemas,singular.nominative,kotemas
spinach,n,kotemas,singular.accusative,idakotemas
spinach,n,kotemas,singular.genitive,gakotemas
spinach,n,kotemas,singular.dative,kotemasahi
spindle,n,anazopa,singular.nominative,anazopa
spindle,n,anazopa,singular.accusative,idanazopa
spindle,n,anazopa,singular.genitive,ganazopa
spindle,n,anazopa,singular.dative,anazopahi
spine,n,modemas,singular.nominative,modemas
spine,n,modemas,singular.accusative,idamodemas
spine,n,modemas,singular.genitive,gamodemas
spine,n,modemas,singular.dative,modemasahi
spirit,n,moshi,singular.nominative,moshi
spirit,n,moshi,singular.accusative,idamoshi
spirit,n,moshi,singular.genitive,gamoshi
spirit,n,moshi,singular.dative,moshihi
spit,v,nyum,indicative.present.3sg,nyum
spit,v,nyum,imperative.present.3sg,nyuma
spit,v,nyum,subjunctive.present.3sg,nyumapo
spit,v,nyum,conditional.present.3sg,nyumad
splash,v,jimasho,indicative.present.3sg,jimasho
splash,v,jimasho,imperative.present.3sg,jimashoa
splash,v,jimasho,subjunctive.present.3sg,jimashopo
splash,v,jimasho,conditional.present.3sg,jimashod
split,v,debomo,indicative.present.3sg,debomo
split,v,debomo,imperative.present.3sg,debomoa
split,v,debomo,subjunctive.present.3sg,debomopo
split,v,debomo,conditional.present.3sg,debomod
spoil,v,hine,indicative.present.3sg,hine
spoil,v,hine,imperative.present.3sg,hinea
spoil,v,hine,subjunctive.present.3sg,hinepo
spoil,v,hine,conditional.present.3sg,hined
sponge,n,chitia,singular.nominative,chitia
sponge,n,chitia,singular.accusative,idachitia
sponge,n,chitia,singular.genitive,gachitia
sponge,n,chitia,singular.dative,chitiahi
sponsor,v,ahochit,indicative.present.3sg,ahochit
sponsor,v,ahochit,imperative.present.3sg,ahochita
sponsor,v,ahochit,subjunctive.present.3sg,ahochitapo
sponsor,v,ahochit,conditional.present.3sg,ahochitad
spontaneous,adj,isoshiz,positive,isoshiz
spontaneous,adj,isoshiz,comparative,zon isoshiz
spontaneous,adj,isoshiz,superlative,yafuntt isoshiz
spook,v,hanatta,indicative.present.3sg,hanatta
spook,v,hanatta,imperative.present.3sg,hanatta
spook,v,hanatta,subjunctive.present.3sg,hanattapo
spook,v,hanatta,conditional.present.3sg,hanattad
spoon,n,tonmasu,singular.nominative,tonmasu
spoon,n,tonmasu,singular.accusative,idatonmasu
spoon,n,tonmasu,singular.genitive,gatonmasu
spoon,n,tonmasu,singular.dative,tonmasuhi
sport,n,goezuz,singular.nominative,goezuz
sport,n,goezuz,singular.accusative,idagoezuz
sport,n,goezuz,singular.genitive,goezuz
sport,n,goezuz,singular.dative,goezuzahi
spot,v,nette,indicative.present.3sg,nette
spot,v,nette,imperative.present.3sg,nettea
spot,v,nette,subjunctive.present.3sg,nettepo
spot,v,nette,conditional.present.3sg,netted
spray,v,venyo,indicative.present.3sg,venyo
spray,v,venyo,imperative.present.3sg,venyoa
spray,v,venyo,subjunctive.present.3sg,venyopo
spray,v,venyo,conditional.present.3sg,venyod
spread,v,heatte,indicative.present.3sg,heatte
spread,v,heatte,imperative.present.3sg,heattea
spread,v,heatte,subjunctive.present.3sg,heattepo
spread,v,heatte,conditional.present.3sg,heatted
spring (coil),n,zakinai,singular.nominative,zakinai
spring (coil),n,zakinai,singular.accusative,idazakinai
spring (coil),n,zakinai,singular.genitive,gazakinai
spring (coil),n,zakinai,singular.dative,zakinaihi
spring (season),n,fupesu,singular.nominative,fupesu
spring (season),n,fupesu,singular.accusative,idafupesu
spring (season),n,fupesu,singular.genitive,gafupesu
spring (season),n,fupesu,singular.dative,fupesuhi
spring,v,deo,indicative.present.3sg,deo
spring,v,deo,imperative.present.3sg,deoa
spring,v,deo,subjunctive.present.3sg,deopo
spring,v,deo,conditional.present.3sg,deod
sprout,v,zofurui,indicative.present.3sg,zofurui
sprout,v,zofurui,imperative.present.3sg,zofuruia
sprout,v,zofurui,subjunctive.present.3sg,zofuruipo
sprout,v,zofurui,conditional.present.3sg,zofuruid
spruce,n,hyam,singular.nominative,hyam
spruce,n,hyam,singular.accusative,idahyam
spruce,n,hyam,singular.genitive,gahyam
spruce,n,hyam,singular.dative,hyamahi
spur,n,fuhodo,singular.nominative,fuhodo
spur,n,fuhodo,singular.accusative,idafuhodo
spur,n,fuhodo,singular.genitive,gafuhodo
spur,n,fuhodo,singular.dative,fuhodohi
spy,n,yozuru,singular.nominative,yozuru
spy,n,yozuru,singular.accusative,idayozuru
spy,n,yozuru,singular.genitive,gayozuru
spy,n,yozuru,singular.dative,yozuruhi
spyglass,n,ojidar,singular.nominative,ojidar
spyglass,n,ojidar,singular.accusative,idojidar
spyglass,n,ojidar,singular.genitive,gojidar
spyglass,n,ojidar,singular.dative,ojidarahi
squad,n,anduo,singular.nominative,anduo
squad,n,anduo,singular.accusative,idanduo
squad,n,anduo,singular.genitive,ganduo
squad,n,anduo,singular.dative,anduohi
square,n,ryozott,singular.nominative,ryozott
square,n,ryozott,singular.accusative,idaryozott
square,n,ryozott,singular.genitive,garyozott
square,n,ryozott,singular.dative,ryozottahi
squash,n,hyubyap,singular.nominative,hyubyap
squash,n,hyubyap,singular.accusative,idahyubyap
squash,n,hyubyap,singular.genitive,gahyubyap
squash,n,hyubyap,singular.dative,hyubyapahi
squash,v,utta,indicative.present.3sg,utta
squash,v,utta,imperative.present.3sg,utta
squash,v,utta,subjunctive.present.3sg,uttapo
squash,v,utta,conditional.present.3sg,uttad
squat,v,odara,indicative.present.3sg,odara
squat,v,odara,imperative.present.3sg,odara
squat,v,odara,subjunctive.present.3sg,odarapo
squat,v,odara,conditional.present.3sg,odarad
squeeze,v,aaezune,indicative.present.3sg,aaezune
squeeze,v,aaezune,imperative.present.3sg,aaezunea
squeeze,v,aaezune,subjunctive.present.3sg,aaezunepo
squeeze,v,aaezune,conditional.present.3sg,aaezuned
squid,n,zebaya,singular.nominative,zebaya
squid,n,zebaya,singular.accusative,idazebaya
squid,n,zebaya,singular.genitive,gazebaya
squid,n,zebaya,singular.dative,zebayahi
squint,v,kotau,indicative.present.3sg,kotau
squint,v,kotau,imperative.present.3sg,kotaua
squint,v,kotau,subjunctive.present.3sg,kotaupo
squint,v,kotau,conditional.present.3sg,kotaud
squirrel,n,boke,singular.nominative,boke
squirrel,n,boke,singular.accusative,idaboke
squirrel,n,boke,singular.genitive,gaboke
squirrel,n,boke,singular.dative,bokehi
stab,v,reyukya,indicative.present.3sg,reyukya
stab,v,reyukya,imperative.present.3sg,reyukya
stab,v,reyukya,subjunctive.present.3sg,reyukyapo
stab,v,reyukya,conditional.present.3sg,reyukyad
stable,adj,payoto,positive,payoto
stable,adj,payoto,comparative,zon payoto
stable,adj,payoto,superlative,yafuntt payoto
stack,v,deshuze,indicative.present.3sg,deshuze
stack,v,deshuze,imperative.present.3sg,deshuzea
stack,v,deshuze,subjunctive.present.3sg,deshuzepo
stack,v,deshuze,conditional.present.3sg,deshuzed
staff,n,chitoku,singular.nominative,chitoku
staff,n,chitoku,singular.accusative,idachitoku
staff,n,chitoku,singular.genitive,gachitoku
staff,n,chitoku,singular.dative,chitokuhi
stag,n,kenchum,singular.nominative,kenchum
stag,n,kenchum,singular.accusative,idakenchum
stag,n,kenchum,singular.genitive,gakenchum
stag,n,kenchum,singular.dative,kenchumahi
stage,n,temyoto,singular.nominative,temyoto
stage,n,temyoto,singular.accusative,idatemyoto
stage,n,temyoto,singular.genitive,gatemyoto
stage,n,temyoto,singular.dative,temyotohi
stain,v,sohesu,indicative.present.3sg,sohesu
stain,v,sohesu,imperative.present.3sg,sohesua
stain,v,sohesu,subjunctive.present.3sg,sohesupo
stain,v,sohesu,conditional.present.3sg,sohesud
stake,n,yuyakin,singular.nominative,yuyakin
stake,n,yuyakin,singular.accusative,idayuyakin
stake,n,yuyakin,singular.genitive,gayuyakin
stake,n,yuyakin,singular.dative,yuyakinahi
stalemate,n,yosa,singular.nominative,yosa
stalemate,n,yosa,singular.accusative,idayosa
stalemate,n,yosa,singular.genitive,gayosa
stalemate,n,yosa,singular.dative,yosahi
stalk,v,varu,indicative.present.3sg,varu
stalk,v,varu,imperative.present.3sg,varua
stalk,v,varu,subjunctive.present.3sg,varupo
stalk,v,varu,conditional.present.3sg,varud
stall,n,gose,singular.nominative,gose
stall,n,gose,singular.accusative,idagose
stall,n,gose,singular.genitive,gose
stall,n,gose,singular.dative,gosehi
stall,v,tattend,indicative.present.3sg,tattend
stall,v,tattend,imperative.present.3sg,tattenda
stall,v,tattend,subjunctive.present.3sg,tattendapo
stall,v,tattend,conditional.present.3sg,tattend
stamp,v,bokemam,indicative.present.3sg,bokemam
stamp,v,bokemam,imperative.present.3sg,bokemama
stamp,v,bokemam,subjunctive.present.3sg,bokemamapo
stamp,v,bokemam,conditional.present.3sg,bokemamad
stand,n,rono,singular.nominative,rono
stand,n,rono,singular.accusative,idarono
stand,n,rono,singular.genitive,garono
stand,n,rono,singular.dative,ronohi
stand,v,deseruh,indicative.present.3sg,deseruh
stand,v,deseruh,imperative.present.3sg,deseruha
stand,v,deseruh,subjunctive.present.3sg,deseruhapo
stand,v,deseruh,conditional.present.3sg,deseruhad
standard,adj,okono,positive,okono
standard,adj,okono,comparative,zon okono
standard,adj,okono,superlative,yafuntt okono
standard,n,myuzuyo,singular.nominative,myuzuyo
standard,n,myuzuyo,singular.accusative,idamyuzuyo
standard,n,myuzuyo,singular.genitive,gamyuzuyo
standard,n,myuzuyo,singular.dative,myuzuyohi
staple,n,para,singular.nominative,para
staple,n,para,singular.accusative,idapara
staple,n,para,singular.genitive,gapara
staple,n,para,singular.dative,parahi
star,n,yamyoyo,singular.nominative,yamyoyo
star,n,yamyoyo,singular.accusative,idayamyoyo
star,n,yamyoyo,singular.genitive,gayamyoyo
star,n,yamyoyo,singular.dative,yamyoyohi
stare,v,yuno,indicative.present.3sg,yuno
stare,v,yuno,imperative.present.3sg,yunoa
stare,v,yuno,subjunctive.present.3sg,yunopo
stare,v,yuno,conditional.present.3sg,yunod
stark,adj,usus,positive,usus
stark,adj,usus,comparative,zon usus
stark,adj,usus,superlative,yafuntt usus
stars,n,itanaru,singular.nominative,itanaru
stars,n,itanaru,singular.accusative,iditanaru
stars,n,itanaru,singular.genitive,gitanaru
stars,n,itanaru,singular.dative,itanaruhi
start,v,gyaaku,indicative.present.3sg,gyaaku
start,v,gyaaku,imperative.present.3sg,gyaakua
start,v,gyaaku,subjunctive.present.3sg,gyaakupo
start,v,gyaaku,conditional.present.3sg,gyaakud
startle,v,tototoh,indicative.present.3sg,tototoh
startle,v,tototoh,imperative.present.3sg,tototoha
startle,v,tototoh,subjunctive.present.3sg,tototohapo
startle,v,tototoh,conditional.present.3sg,tototohad
starve,v,aridatt,indicative.present.3sg,aridatt
starve,v,aridatt,imperative.present.3sg,aridatta
starve,v,aridatt,subjunctive.present.3sg,aridattapo
starve,v,aridatt,conditional.present.3sg,aridattad
state,n,akinai,singular.nominative,akinai
state,n,akinai,singular.accusative,idakinai
state,n,akinai,singular.genitive,gakinai
state,n,akinai,singular.dative,akinaihi
state,v,dayu,indicative.present.3sg,dayu
state,v,dayu,imperative.present.3sg,dayua
state,v,dayu,subjunctive.present.3sg,dayupo
state,v,dayu,conditional.present.3sg,dayud
static,adj,dapi,positive,dapi
static,adj,dapi,comparative,zon dapi
static,adj,dapi,superlative,yafuntt dapi
station,n,myoso,singular.nominative,myoso
station,n,myoso,singular.accusative,idamyoso
station,n,myoso,singular.genitive,gamyoso
station,n,myoso,singular.dative,myosohi
statistic,n,oopyom,singular.nominative,oopyom
statistic,n,oopyom,singular.accusative,idoopyom
statistic,n,oopyom,singular.genitive,goopyom
statistic,n,oopyom,singular.dative,oopyomahi
staves,n,kande,singular.nominative,kande
staves,n,kande,singular.accusative,idakande
staves,n,kande,singular.genitive,gakande
staves,n,kande,singular.dative,kandehi
stay,n,baya,singular.nominative,baya
stay,n,baya,singular.accusative,idabaya
stay,n,baya,singular.genitive,gabaya
stay,n,baya,singular.dative,bayahi
stay,v,hyupyur,indicative.present.3sg,hyupyur
stay,v,hyupyur,imperative.present.3sg,hyupyura
stay,v,hyupyur,subjunctive.present.3sg,hyupyurapo
stay,v,hyupyur,conditional.present.3sg,hyupyurad
steak,n,zumasho,singular.nominative,zumasho
steak,n,zumasho,singular.accusative,idazumasho
steak,n,zumasho,singular.genitive,gazumasho
steak,n,zumasho,singular.dative,zumashohi
steal,v,jizuhoh,indicative.present.3sg,jizuhoh
steal,v,jizuhoh,imperative.present.3sg,jizuhoha
steal,v,jizuhoh,subjunctive.present.3sg,jizuhohapo
steal,v,jizuhoh,conditional.present.3sg,jizuhohad
steam,n,wagyozu,singular.nominative,wagyozu
steam,n,wagyozu,singular.accusative,idawagyozu
steam,n,wagyozu,singular.genitive,gawagyozu
steam,n,wagyozu,singular.dative,wagyozuhi
steel,n,hanyoma,singular.nominative,hanyoma
steel,n,hanyoma,singular.accusative,idahanyoma
steel,n,hanyoma,singular.genitive,gahanyoma
steel,n,hanyoma,singular.dative,hanyomahi
steep,adj,osoheg,positive,osoheg
steep,adj,osoheg,comparative,zon osoheg
steep,adj,osoheg,superlative,yafuntt osoheg
stem,n,uoing,singular.nominative,uoing
stem,n,uoing,singular.accusative,iduoing
stem,n,uoing,singular.genitive,guoing
stem,n,uoing,singular.dative,uoingahi
step,v,yinze,indicative.present.3sg,yinze
step,v,yinze,imperative.present.3sg,yinzea
step,v,yinze,subjunctive.present.3sg,yinzepo
step,v,yinze,conditional.present.3sg,yinzed
stereotype,n,setta,singular.nominative,setta
stereotype,n,setta,singular.accusative,idasetta
stereotype,n,setta,singular.genitive,gasetta
stereotype,n,setta,singular.dative,settahi
stew,n,mojiru,singular.nominative,mojiru
stew,n,mojiru,singular.accusative,idamojiru
stew,n,mojiru,singular.genitive,gamojiru
stew,n,mojiru,singular.dative,mojiruhi
stick (of wood),n,dofesu,singular.nominative,dofesu
stick (of wood),n,dofesu,singular.accusative,idofesu
stick (of wood),n,dofesu,singular.genitive,gadofesu
stick (of wood),n,dofesu,singular.dative,dofesuhi
stick,v,chipiru,indicative.present.3sg,chipiru
stick,v,chipiru,imperative.present.3sg,chipirua
stick,v,chipiru,subjunctive.present.3sg,chipirupo
stick,v,chipiru,conditional.present.3sg,chipirud
sticky,adj,nodasu,positive,nodasu
sticky,adj,nodasu,comparative,zon nodasu
sticky,adj,nodasu,superlative,yafuntt nodasu
stiff,adj,nipya,positive,nipya
stiff,adj,nipya,comparative,zon nipya
stiff,adj,nipya,superlative,yafuntt nipya
stir,v,hoguta,indicative.present.3sg,hoguta
stir,v,hoguta,imperative.present.3sg,hoguta
stir,v,hoguta,subjunctive.present.3sg,hogutapo
stir,v,hoguta,conditional.present.3sg,hogutad
stitch,n,wosenta,singular.nominative,wosenta
stitch,n,wosenta,singular.accusative,idawosenta
stitch,n,wosenta,singular.genitive,gawosenta
stitch,n,wosenta,singular.dative,wosentahi
stitch,v,gokina,indicative.present.3sg,gokina
stitch,v,gokina,imperative.present.3sg,gokina
stitch,v,gokina,subjunctive.present.3sg,gokinapo
stitch,v,gokina,conditional.present.3sg,gokinad
stock,n,araba,singular.nominative,araba
stock,n,araba,singular.accusative,idaraba
stock,n,araba,singular.genitive,garaba
stock,n,araba,singular.dative,arabahi
stoke,v,karipyu,indicative.present.3sg,karipyu
stoke,v,karipyu,imperative.present.3sg,karipyua
stoke,v,karipyu,subjunctive.present.3sg,karipyupo
stoke,v,karipyu,conditional.present.3sg,karipyud
stomach,n,narota,singular.nominative,narota
stomach,n,narota,singular.accusative,idanarota
stomach,n,narota,singular.genitive,ganarota
stomach,n,narota,singular.dative,narotahi
stone,n,jija,singular.nominative,jija
stone,n,jija,singular.accusative,idajija
stone,n,jija,singular.genitive,gajija
stone,n,jija,singular.dative,jijahi
stool,n,wodawob,singular.nominative,wodawob
stool,n,wodawob,singular.accusative,idawodawob
stool,n,wodawob,singular.genitive,gawodawob
stool,n,wodawob,singular.dative,wodawobahi
stop,v,anato,indicative.present.3sg,anato
stop,v,anato,imperative.present.3sg,anatoa
stop,v,anato,subjunctive.present.3sg,anatopo
stop,v,anato,conditional.present.3sg,anatod
store,n,odonai,singular.nominative,odonai
store,n,odonai,singular.accusative,idodonai
store,n,odonai,singular.genitive,godonai
store,n,odonai,singular.dative,odonaihi
storm,n,neda,singular.nominative,neda
storm,n,neda,singular.accusative,idaneda
storm,n,neda,singular.genitive,ganeda
storm,n,neda,singular.dative,nedahi
"story, narrative",n,nyomyo,singular.nominative,nyomyo
"story, narrative",n,nyomyo,singular.accusative,idanyomyo
"story, narrative",n,nyomyo,singular.genitive,ganyomyo
"story, narrative",n,nyomyo,singular.dative,nyomyohi
stout,adj,kagyuma,positive,kagyuma
stout,adj,kagyuma,comparative,zon kagyuma
stout,adj,kagyuma,superlative,yafuntt kagyuma
stout,n,jitumas,singular.nominative,jitumas
stout,n,jitumas,singular.accusative,idajitumas
stout,n,jitumas,singular.genitive,gajitumas
stout,n,jitumas,singular.dative,jitumasahi
straight,adj,desan,positive,desan
straight,adj,desan,comparative,zon desan
straight,adj,desan,superlative,yafuntt desan
straight,n,wahedat,singular.nominative,wahedat
straight,n,wahedat,singular.accusative,idawahedat
straight,n,wahedat,singular.genitive,gawahedat
straight,n,wahedat,singular.dative,wahedatahi
straighten,v,byuugid,indicative.present.3sg,byuugid
straighten,v,byuugid,imperative.present.3sg,byuugida
straighten,v,byuugid,subjunctive.present.3sg,byuugidapo
straighten,v,byuugid,conditional.present.3sg,byuugid
strand,n,byantan,singular.nominative,byantan
strand,n,byantan,singular.accusative,idabyantan
strand,n,byantan,singular.genitive,gabyantan
strand,n,byantan,singular.dative,byantanahi
strange,adj,zudesu,positive,zudesu
strange,adj,zudesu,comparative,zon zudesu
strange,adj,zudesu,superlative,yafuntt zudesu
strap,n,pyuzahe,singular.nominative,pyuzahe
strap,n,pyuzahe,singular.accusative,idapyuzahe
strap,n,pyuzahe,singular.genitive,gapyuzahe
strap,n,pyuzahe,singular.dative,pyuzahehi
strategy,n,acha,singular.nominative,acha
strategy,n,acha,singular.accusative,idacha
strategy,n,acha,singular.genitive,gacha
strategy,n,acha,singular.dative,achahi
straw,n,desujar,singular.nominative,desujar
straw,n,desujar,singular.accusative,idesujar
straw,n,desujar,singular.genitive,gadesujar
straw,n,desujar,singular.dative,desujarahi
strawberry,n,inarano,singular.nominative,inarano
strawberry,n,inarano,singular.accusative,idinarano
strawberry,n,inarano,singular.genitive,ginarano
strawberry,n,inarano,singular.dative,inaranohi
streak,n,tsuyu,singular.nominative,tsuyu
streak,n,tsuyu,singular.accusative,idatsuyu
streak,n,tsuyu,singular.genitive,gatsuyu
streak,n,tsuyu,singular.dative,tsuyuhi
stream,n,wattebu,singular.nominative,wattebu
stream,n,wattebu,singular.accusative,idawattebu
stream,n,wattebu,singular.genitive,gawattebu
stream,n,wattebu,singular.dative,wattebuhi
street,n,oromas,singular.nominative,oromas
street,n,oromas,singular.accusative,idoromas
street,n,oromas,singular.genitive,goromas
street,n,oromas,singular.dative,oromasahi
stress,v,nishund,indicative.present.3sg,nishund
stress,v,nishund,imperative.present.3sg,nishunda
stress,v,nishund,subjunctive.present.3sg,nishundapo
stress,v,nishund,conditional.present.3sg,nishund
stretch,v,quedesu,indicative.present.3sg,quedesu
stretch,v,quedesu,imperative.present.3sg,quedesua
stretch,v,quedesu,subjunctive.present.3sg,quedesupo
stretch,v,quedesu,conditional.present.3sg,quedesud
stride,n,shitorp,singular.nominative,shitorp
stride,n,shitorp,singular.accusative,idashitorp
stride,n,shitorp,singular.genitive,gashitorp
stride,n,shitorp,singular.dative,shitorpahi
string,n,zupyoch,singular.nominative,zupyoch
string,n,zupyoch,singular.accusative,idazupyoch
string,n,zupyoch,singular.genitive,gazupyoch
string,n,zupyoch,singular.dative,zupyochi
strip,n,jadasic,singular.nominative,jadasic
strip,n,jadasic,singular.accusative,idajadasic
strip,n,jadasic,singular.genitive,gajadasic
strip,n,jadasic,singular.dative,jadasicahi
strip,v,yusotah,indicative.present.3sg,yusotah
strip,v,yusotah,imperative.present.3sg,yusotaha
strip,v,yusotah,subjunctive.present.3sg,yusotahapo
strip,v,yusotah,conditional.present.3sg,yusotahad
stripe,n,sute,singular.nominative,sute
stripe,n,sute,singular.accusative,idasute
stripe,n,sute,singular.genitive,gasute
stripe,n,sute,singular.dative,sutehi
strike,v,chin,indicative.present.3sg,chin
strike,v,chin,imperative.present.3sg,china
strike,v,chin,subjunctive.present.3sg,chinapo
strike,v,chin,conditional.present.3sg,chinad
strive,v,comasu,indicative.present.3sg,comasu
strive,v,comasu,imperative.present.3sg,comasua
strive,v,comasu,subjunctive.present.3sg,comasupo
strive,v,comasu,conditional.present.3sg,comasud
stroke,v,katques,indicative.present.3sg,katques
stroke,v,katques,imperative.present.3sg,katquesa
stroke,v,katques,subjunctive.present.3sg,katquesapo
stroke,v,katques,conditional.present.3sg,katquesad
stroll,v,pun,indicative.present.3sg,pun
stroll,v,pun,imperative.present.3sg,puna
stroll,v,pun,subjunctive.present.3sg,punapo
stroll,v,pun,conditional.present.3sg,punad
strong,adj,temashi,positive,temashi
strong,adj,temashi,comparative,zon temashi
strong,adj,temashi,superlative,yafuntt temashi
structure,n,kosu,singular.nominative,kosu
structure,n,kosu,singular.accusative,idakosu
structure,n,kosu,singular.genitive,gakosu
structure,n,kosu,singular.dative,kosuhi
struggle,n,gobusu,singular.nominative,gobusu
struggle,n,gobusu,singular.accusative,idagobusu
struggle,n,gobusu,singular.genitive,gobusu
struggle,n,gobusu,singular.dative,gobusuhi
stubborn,adj,woya,positive,woya
stubborn,adj,woya,comparative,zon woya
stubborn,adj,woya,superlative,yafuntt woya
student,n,komuyus,singular.nominative,komuyus
student,n,komuyus,singular.accusative,idakomuyus
student,n,komuyus,singular.genitive,gakomuyus
student,n,komuyus,singular.dative,komuyusahi
study,v,gahekya,indicative.present.3sg,gahekya
study,v,gahekya,imperative.present.3sg,gahekya
study,v,gahekya,subjunctive.present.3sg,gahekyapo
study,v,gahekya,conditional.present.3sg,gahekyad
stuff,n,gyunnai,singular.nominative,gyunnai
stuff,n,gyunnai,singular.accusative,idagyunnai
stuff,n,gyunnai,singular.genitive,gayunnai
stuff,n,gyunnai,singular.dative,gyunnaihi
stumble,v,poc,indicative.present.3sg,poc
stumble,v,poc,imperative.present.3sg,poca
stumble,v,poc,subjunctive.present.3sg,pocapo
stumble,v,poc,conditional.present.3sg,pocad
stump,n,woshito,singular.nominative,woshito
stump,n,woshito,singular.accusative,idawoshito
stump,n,woshito,singular.genitive,gawoshito
stump,n,woshito,singular.dative,woshitohi
stun,v,hega,indicative.present.3sg,hega
stun,v,hega,imperative.present.3sg,hega
stun,v,hega,subjunctive.present.3sg,hegapo
stun,v,hega,conditional.present.3sg,hegad
stunning,adj,uyo,positive,uyo
stunning,adj,uyo,comparative,zon uyo
stunning,adj,uyo,superlative,yafuntt uyo
stupid,adj,viso,positive,viso
stupid,adj,viso,comparative,zon viso
stupid,adj,viso,superlative,yafuntt viso
sturdy,adj,ochodo,positive,ochodo
sturdy,adj,ochodo,comparative,zon ochodo
sturdy,adj,ochodo,superlative,yafuntt ochodo
style,n,atahoya,singular.nominative,atahoya
style,n,atahoya,singular.accusative,idatahoya
style,n,atahoya,singular.genitive,gatahoya
style,n,atahoya,singular.dative,atahoyahi
stylus,n,aronare,singular.nominative,aronare
stylus,n,aronare,singular.accusative,idaronare
stylus,n,aronare,singular.genitive,garonare
stylus,n,aronare,singular.dative,aronarehi
subject,n,hemasha,singular.nominative,hemasha
subject,n,hemasha,singular.accusative,idahemasha
subject,n,hemasha,singular.genitive,gahemasha
subject,n,hemasha,singular.dative,hemashahi
subjective,adj,apyogyo,positive,apyogyo
subjective,adj,apyogyo,comparative,zon apyogyo
subjective,adj,apyogyo,superlative,yafuntt apyogyo
subsidize,v,nijirya,indicative.present.3sg,nijirya
subsidize,v,nijirya,imperative.present.3sg,nijirya
subsidize,v,nijirya,subjunctive.present.3sg,nijiryapo
subsidize,v,nijirya,conditional.present.3sg,nijiryad
substantial,adj,gyanara,positive,gyanara
substantial,adj,gyanara,comparative,zon gyanara
substantial,adj,gyanara,superlative,yafuntt gyanara
substitute,v,seda,indicative.present.3sg,seda
substitute,v,seda,imperative.present.3sg,seda
substitute,v,seda,subjunctive.present.3sg,sedapo
substitute,v,seda,conditional.present.3sg,sedad
subtle,adj,zuiso,positive,zuiso
subtle,adj,zuiso,comparative,zon zuiso
subtle,adj,zuiso,superlative,yafuntt zuiso
suburb,n,jozukin,singular.nominative,jozukin
suburb,n,jozukin,singular.accusative,idajozukin
suburb,n,jozukin,singular.genitive,gajozukin
suburb,n,jozukin,singular.dative,jozukinahi
success,n,waho,singular.nominative,waho
success,n,waho,singular.accusative,idawaho
success,n,waho,singular.genitive,gawaho
success,n,waho,singular.dative,wahohi
succession,n,haryum,singular.nominative,haryum
succession,n,haryum,singular.accusative,idaharyum
succession,n,haryum,singular.genitive,gaharyum
succession,n,haryum,singular.dative,haryumahi
succubi,n,egyoyay,singular.nominative,egyoyay
succubi,n,egyoyay,singular.accusative,idegyoyay
succubi,n,egyoyay,singular.genitive,gegyoyay
succubi,n,egyoyay,singular.dative,egyoyayahi
suck,v,unzu,indicative.present.3sg,unzu
suck,v,unzu,imperative.present.3sg,unzua
suck,v,unzu,subjunctive.present.3sg,unzupo
suck,v,unzu,conditional.present.3sg,unzud
sudden,adj,hede,positive,hede
sudden,adj,hede,comparative,zon hede
sudden,adj,hede,superlative,yafuntt hede
sufficient,adj,myuryo,positive,myuryo
sufficient,adj,myuryo,comparative,zon myuryo
sufficient,adj,myuryo,superlative,yafuntt myuryo
sugar,n,desomas,singular.nominative,desomas
sugar,n,desomas,singular.accusative,idesomas
sugar,n,desomas,singular.genitive,gadesomas
sugar,n,desomas,singular.dative,desomasahi
suggest,v,yoru,indicative.present.3sg,yoru
suggest,v,yoru,imperative.present.3sg,yorua
suggest,v,yoru,subjunctive.present.3sg,yorupo
suggest,v,yoru,conditional.present.3sg,yorud
suitcase,n,myamasu,singular.nominative,myamasu
suitcase,n,myamasu,singular.accusative,idamyamasu
suitcase,n,myamasu,singular.genitive,gamyamasu
suitcase,n,myamasu,singular.dative,myamasuhi
sum,n,otasuji,singular.nominative,otasuji
sum,n,otasuji,singular.accusative,idotasuji
sum,n,otasuji,singular.genitive,gotasuji
sum,n,otasuji,singular.dative,otasujihi
summary,n,chunyaw,singular.nominative,chunyaw
summary,n,chunyaw,singular.accusative,idachunyaw
summary,n,chunyaw,singular.genitive,gachunyaw
summary,n,chunyaw,singular.dative,chunyawahi
summer,n,dantaru,singular.nominative,dantaru
summer,n,dantaru,singular.accusative,idantaru
summer,n,dantaru,singular.genitive,gadantaru
summer,n,dantaru,singular.dative,dantaruhi
summon,v,gouzam,indicative.present.3sg,gouzam
summon,v,gouzam,imperative.present.3sg,gouzama
summon,v,gouzam,subjunctive.present.3sg,gouzamapo
summon,v,gouzam,conditional.present.3sg,gouzamad
summoning,n,karono,singular.nominative,karono
summoning,n,karono,singular.accusative,idakarono
summoning,n,karono,singular.genitive,gakarono
summoning,n,karono,singular.dative,karonohi
sun,n,woiga,singular.nominative,woiga
sun,n,woiga,singular.accusative,idawoiga
sun,n,woiga,singular.genitive,gawoiga
sun,n,woiga,singular.dative,woigahi
sundial,n,ine,singular.nominative,ine
sundial,n,ine,singular.accusative,idine
sundial,n,ine,singular.genitive,gine
sundial,n,ine,singular.dative,inehi
sunflower,n,yinyaha,singular.nominative,yinyaha
sunflower,n,yinyaha,singular.accusative,idayinyaha
sunflower,n,yinyaha,singular.genitive,gayinyaha
sunflower,n,yinyaha,singular.dative,yinyahahi
superb,adj,jimashi,positive,jimashi
superb,adj,jimashi,comparative,zon jimashi
superb,adj,jimashi,superlative,yafuntt jimashi
supernatural,adj,kopyoyo,positive,kopyoyo
supernatural,adj,kopyoyo,comparative,zon kopyoyo
supernatural,adj,kopyoyo,superlative,yafuntt kopyoyo
supernatural,n,demya,singular.nominative,demya
supernatural,n,demya,singular.accusative,idemya
supernatural,n,demya,singular.genitive,gademya
supernatural,n,demya,singular.dative,demyahi
supervise,v,hyuso,indicative.present.3sg,hyuso
supervise,v,hyuso,imperative.present.3sg,hyusoa
supervise,v,hyuso,subjunctive.present.3sg,hyusopo
supervise,v,hyuso,conditional.present.3sg,hyusod
supervisor,n,hodapya,singular.nominative,hodapya
supervisor,n,hodapya,singular.accusative,idahodapya
supervisor,n,hodapya,singular.genitive,gahodapya
supervisor,n,hodapya,singular.dative,hodapyahi
supplement,v,ryawa,indicative.present.3sg,ryawa
supplement,v,ryawa,imperative.present.3sg,ryawa
supplement,v,ryawa,subjunctive.present.3sg,ryawapo
supplement,v,ryawa,conditional.present.3sg,ryawad
supplication,n,chitoma,singular.nominative,chitoma
supplication,n,chitoma,singular.accusative,idachitoma
supplication,n,chitoma,singular.genitive,gachitoma
supplication,n,chitoma,singular.dative,chitomahi
supply,n,sou,singular.nominative,sou
supply,n,sou,singular.accusative,idasou
supply,n,sou,singular.genitive,gasou
supply,n,sou,singular.dative,souhi
support,v,mowikot,indicative.present.3sg,mowikot
support,v,mowikot,imperative.present.3sg,mowikota
support,v,mowikot,subjunctive.present.3sg,mowikotapo
support,v,mowikot,conditional.present.3sg,mowikotad
suppress,v,jorimas,indicative.present.3sg,jorimas
suppress,v,jorimas,imperative.present.3sg,jorimasa
suppress,v,jorimas,subjunctive.present.3sg,jorimasapo
suppress,v,jorimas,conditional.present.3sg,jorimasad
surcoat,n,eijudes,singular.nominative,eijudes
surcoat,n,eijudes,singular.accusative,ideijudes
surcoat,n,eijudes,singular.genitive,geijudes
surcoat,n,eijudes,singular.dative,eijudesahi
sure,adj,zawo,positive,zawo
sure,adj,zawo,comparative,zon zawo
sure,adj,zawo,superlative,yafuntt zawo
surf,n,wowamas,singular.nominative,wowamas
surf,n,wowamas,singular.accusative,idawowamas
surf,n,wowamas,singular.genitive,gawowamas
surf,n,wowamas,singular.dative,wowamasahi
surface,n,datta,singular.nominative,datta
surface,n,datta,singular.accusative,idatta
surface,n,datta,singular.genitive,gadatta
surface,n,datta,singular.dative,dattahi
surge,n,odot,singular.nominative,odot
surge,n,odot,singular.accusative,idodot
surge,n,odot,singular.genitive,godot
surge,n,odot,singular.dative,odotahi
surgery,n,jisoyur,singular.nominative,jisoyur
surgery,n,jisoyur,singular.accusative,idajisoyur
surgery,n,jisoyur,singular.genitive,gajisoyur
surgery,n,jisoyur,singular.dative,jisoyurahi
surpass,v,tangeho,indicative.present.3sg,tangeho
surpass,v,tangeho,imperative.present.3sg,tangehoa
surpass,v,tangeho,subjunctive.present.3sg,tangehopo
surpass,v,tangeho,conditional.present.3sg,tangehod
surplus,n,sezuyan,singular.nominative,sezuyan
surplus,n,sezuyan,singular.accusative,idasezuyan
surplus,n,sezuyan,singular.genitive,gasezuyan
surplus,n,sezuyan,singular.dative,sezuyanahi
surprise,v,hosa,indicative.present.3sg,hosa
surprise,v,hosa,imperative.present.3sg,hosa
surprise,v,hosa,subjunctive.present.3sg,hosapo
surprise,v,hosa,conditional.present.3sg,hosad
surrender,v,cividar,indicative.present.3sg,cividar
surrender,v,cividar,imperative.present.3sg,cividara
surrender,v,cividar,subjunctive.present.3sg,cividarapo
surrender,v,cividar,conditional.present.3sg,cividarad
surround,v,hyuyu,indicative.present.3sg,hyuyu
surround,v,hyuyu,imperative.present.3sg,hyuyua
surround,v,hyuyu,subjunctive.present.3sg,hyuyupo
surround,v,hyuyu,conditional.present.3sg,hyuyud
survive,v,inaryok,indicative.present.3sg,inaryok
survive,v,inaryok,imperative.present.3sg,inaryoka
survive,v,inaryok,subjunctive.present.3sg,inaryokapo
survive,v,inaryok,conditional.present.3sg,inaryokad
suspect,n,tano,singular.nominative,tano
suspect,n,tano,singular.accusative,idatano
suspect,n,tano,singular.genitive,gatano
suspect,n,tano,singular.dative,tanohi
suspicious,adj,hehyuma,positive,hehyuma
suspicious,adj,hehyuma,comparative,zon hehyuma
suspicious,adj,hehyuma,superlative,yafuntt hehyuma
sustain,v,zukyono,indicative.present.3sg,zukyono
sustain,v,zukyono,imperative.present.3sg,zukyonoa
sustain,v,zukyono,subjunctive.present.3sg,zukyonopo
sustain,v,zukyono,conditional.present.3sg,zukyonod
swallow,v,oyua,indicative.present.3sg,oyua
swallow,v,oyua,imperative.present.3sg,oyua
swallow,v,oyua,subjunctive.present.3sg,oyuapo
swallow,v,oyua,conditional.present.3sg,oyuad
swamp,n,zua,singular.nominative,zua
swamp,n,zua,singular.accusative,idazua
swamp,n,zua,singular.genitive,gazua
swamp,n,zua,singular.dative,zuahi
swan,n,tawa,singular.nominative,tawa
swan,n,tawa,singular.accusative,idatawa
swan,n,tawa,singular.genitive,gatawa
swan,n,tawa,singular.dative,tawahi
swarm,n,gyabush,singular.nominative,gyabush
swarm,n,gyabush,singular.accusative,idagyabush
swarm,n,gyabush,singular.genitive,gayabush
swarm,n,gyabush,singular.dative,gyabushi
sway,v,ryogiru,indicative.present.3sg,ryogiru
sway,v,ryogiru,imperative.present.3sg,ryogirua
sway,v,ryogiru,subjunctive.present.3sg,ryogirupo
sway,v,ryogiru,conditional.present.3sg,ryogirud
sweat,v,zemasi,indicative.present.3sg,zemasi
sweat,v,zemasi,imperative.present.3sg,zemasia
sweat,v,zemasi,subjunctive.present.3sg,zemasipo
sweat,v,zemasi,conditional.present.3sg,zemasid
sweater,n,izedem,singular.nominative,izedem
sweater,n,izedem,singular.accusative,idizedem
sweater,n,izedem,singular.genitive,gizedem
sweater,n,izedem,singular.dative,izedemahi
sweep,v,inatsu,indicative.present.3sg,inatsu
sweep,v,inatsu,imperative.present.3sg,inatsua
sweep,v,inatsu,subjunctive.present.3sg,inatsupo
sweep,v,inatsu,conditional.present.3sg,inatsud
sweet potato,n,byautog,singular.nominative,byautog
sweet potato,n,byautog,singular.accusative,idabyautog
sweet potato,n,byautog,singular.genitive,gabyautog
sweet potato,n,byautog,singular.dative,byautogahi
sweet,adj,niuso,positive,niuso
sweet,adj,niuso,comparative,zon niuso
sweet,adj,niuso,superlative,yafuntt niuso
sweeten,v,nonobaj,indicative.present.3sg,nonobaj
sweeten,v,nonobaj,imperative.present.3sg,nonobaja
sweeten,v,nonobaj,subjunctive.present.3sg,nonobajapo
sweeten,v,nonobaj,conditional.present.3sg,nonobajad
sweetheart,n,quibuin,singular.nominative,quibuin
sweetheart,n,quibuin,singular.accusative,idaquibuin
sweetheart,n,quibuin,singular.genitive,gaquibuin
sweetheart,n,quibuin,singular.dative,quibuinahi
swift,adj,zumyuma,positive,zumyuma
swift,adj,zumyuma,comparative,zon zumyuma
swift,adj,zumyuma,superlative,yafuntt zumyuma
swim,v,wohekin,indicative.present.3sg,wohekin
swim,v,wohekin,imperative.present.3sg,wohekina
swim,v,wohekin,subjunctive.present.3sg,wohekinapo
swim,v,wohekin,conditional.present.3sg,wohekinad
swing,v,dafuto,indicative.present.3sg,dafuto
swing,v,dafuto,imperative.present.3sg,dafutoa
swing,v,dafuto,subjunctive.present.3sg,dafutopo
swing,v,dafuto,conditional.present.3sg,dafutod
swipe,v,myakutt,indicative.present.3sg,myakutt
swipe,v,myakutt,imperative.present.3sg,myakutta
swipe,v,myakutt,subjunctive.present.3sg,myakuttapo
swipe,v,myakutt,conditional.present.3sg,myakuttad
swirl,v,kyoshi,indicative.present.3sg,kyoshi
swirl,v,kyoshi,imperative.present.3sg,kyoshia
swirl,v,kyoshi,subjunctive.present.3sg,kyoshipo
swirl,v,kyoshi,conditional.present.3sg,kyoshid
switch,n,judesu,singular.nominative,judesu
switch,n,judesu,singular.accusative,idajudesu
switch,n,judesu,singular.genitive,gajudesu
switch,n,judesu,singular.dative,judesuhi
sword,n,jibyo,singular.nominative,jibyo
sword,n,jibyo,singular.accusative,idajibyo
sword,n,jibyo,singular.genitive,gajibyo
sword,n,jibyo,singular.dative,jibyohi
symbol,n,jizuyoz,singular.nominative,jizuyoz
symbol,n,jizuyoz,singular.accusative,idajizuyoz
symbol,n,jizuyoz,singular.genitive,gajizuyoz
symbol,n,jizuyoz,singular.dative,jizuyozahi
sympathy,n,ganaku,singular.nominative,ganaku
sympathy,n,ganaku,singular.accusative,idaganaku
sympathy,n,ganaku,singular.genitive,ganaku
sympathy,n,ganaku,singular.dative,ganakuhi
syrup,n,chitasi,singular.nominative,chitasi
syrup,n,chitasi,singular.accusative,idachitasi
syrup,n,chitasi,singular.genitive,gachitasi
syrup,n,chitasi,singular.dative,chitasihi
system,n,nakinch,singular.nominative,nakinch
system,n,nakinch,singular.accusative,idanakinch
system,n,nakinch,singular.genitive,ganakinch
system,n,nakinch,singular.dative,nakinchi
tab,n,zebitte,singular.nominative,zebitte
tab,n,zebitte,singular.accusative,idazebitte
tab,n,zebitte,singular.genitive,gazebitte
tab,n,zebitte,singular.dative,zebittehi
table,n,nidasu,singular.nominative,nidasu
table,n,nidasu,singular.accusative,idanidasu
table,n,nidasu,singular.genitive,ganidasu
table,n,nidasu,singular.dative,nidasuhi
tablet,n,deshits,singular.nominative,deshits
tablet,n,deshits,singular.accusative,ideshits
tablet,n,deshits,singular.genitive,gadeshits
tablet,n,deshits,singular.dative,deshitsahi
tabor,n,pitozem,singular.nominative,pitozem
tabor,n,pitozem,singular.accusative,idapitozem
tabor,n,pitozem,singular.genitive,gapitozem
tabor,n,pitozem,singular.dative,pitozemahi
tackle,v,dezemas,indicative.present.3sg,dezemas
tackle,v,dezemas,imperative.present.3sg,dezemasa
tackle,v,dezemas,subjunctive.present.3sg,dezemasapo
tackle,v,dezemas,conditional.present.3sg,dezemasad
tactical,adj,qia,positive,qia
tactical,adj,qia,comparative,zon qia
tactical,adj,qia,superlative,yafuntt qia
tactile,adj,yachosh,positive,yachosh
tactile,adj,yachosh,comparative,zon yachosh
tactile,adj,yachosh,superlative,yafuntt yachosh
tag,n,iwa,singular.nominative,iwa
tag,n,iwa,singular.accusative,idiwa
tag,n,iwa,singular.genitive,giwa
tag,n,iwa,singular.dative,iwahi
tail,n,nenyoma,singular.nominative,nenyoma
tail,n,nenyoma,singular.accusative,idanenyoma
tail,n,nenyoma,singular.genitive,ganenyoma
tail,n,nenyoma,singular.dative,nenyomahi
tailor,n,hodum,singular.nominative,hodum
tailor,n,hodum,singular.accusative,idahodum
tailor,n,hodum,singular.genitive,gahodum
tailor,n,hodum,singular.dative,hodumahi
take out,v,sanmasu,indicative.present.3sg,sanmasu
take out,v,sanmasu,imperative.present.3sg,sanmasua
take out,v,sanmasu,subjunctive.present.3sg,sanmasupo
take out,v,sanmasu,conditional.present.3sg,sanmasud
take,v,woide,indicative.present.3sg,woide
take,v,woide,imperative.present.3sg,woidea
take,v,woide,subjunctive.present.3sg,woidepo
take,v,woide,conditional.present.3sg,woided
talent,n,yoni,singular.nominative,yoni
talent,n,yoni,singular.accusative,idayoni
talent,n,yoni,singular.genitive,gayoni
talent,n,yoni,singular.dative,yonihi
talisman,n,osamasu,singular.nominative,osamasu
talisman,n,osamasu,singular.accusative,idosamasu
talisman,n,osamasu,singular.genitive,gosamasu
talisman,n,osamasu,singular.dative,osamasuhi
talk,v,obya,indicative.present.3sg,obya
talk,v,obya,imperative.present.3sg,obya
talk,v,obya,subjunctive.present.3sg,obyapo
talk,v,obya,conditional.present.3sg,obyad
tall,adj,kottaki,positive,kottaki
tall,adj,kottaki,comparative,zon kottaki
tall,adj,kottaki,superlative,yafuntt kottaki
tallow,n,casu,singular.nominative,casu
tallow,n,casu,singular.accusative,idacasu
tallow,n,casu,singular.genitive,gacasu
tallow,n,casu,singular.dative,casuhi
tambourine,n,fuma,singular.nominative,fuma
tambourine,n,fuma,singular.accusative,idafuma
tambourine,n,fuma,singular.genitive,gafuma
tambourine,n,fuma,singular.dative,fumahi
tan,adj,nyonsem,positive,nyonsem
tan,adj,nyonsem,comparative,zon nyonsem
tan,adj,nyonsem,superlative,yafuntt nyonsem
tan,v,iboku,indicative.present.3sg,iboku
tan,v,iboku,imperative.present.3sg,ibokua
tan,v,iboku,subjunctive.present.3sg,ibokupo
tan,v,iboku,conditional.present.3sg,ibokud
tangible,adj,gogem,positive,gogem
tangible,adj,gogem,comparative,zon gogem
tangible,adj,gogem,superlative,yafuntt gogem
tangle,n,chuju,singular.nominative,chuju
tangle,n,chuju,singular.accusative,idachuju
tangle,n,chuju,singular.genitive,gachuju
tangle,n,chuju,singular.dative,chujuhi
tangle,v,gohende,indicative.present.3sg,gohende
tangle,v,gohende,imperative.present.3sg,gohendea
tangle,v,gohende,subjunctive.present.3sg,gohendepo
tangle,v,gohende,conditional.present.3sg,gohended
tankard,n,futara,singular.nominative,futara
tankard,n,futara,singular.accusative,idafutara
tankard,n,futara,singular.genitive,gafutara
tankard,n,futara,singular.dative,futarahi
tantra,n,yatakar,singular.nominative,yatakar
tantra,n,yatakar,singular.accusative,idayatakar
tantra,n,yatakar,singular.genitive,gayatakar
tantra,n,yatakar,singular.dative,yatakarahi
tap,n,pubyata,singular.nominative,pubyata
tap,n,pubyata,singular.accusative,idapubyata
tap,n,pubyata,singular.genitive,gapubyata
tap,n,pubyata,singular.dative,pubyatahi
tap,v,narimuh,indicative.present.3sg,narimuh
tap,v,narimuh,imperative.present.3sg,narimuha
tap,v,narimuh,subjunctive.present.3sg,narimuhapo
tap,v,narimuh,conditional.present.3sg,narimuhad
tapestry,n,nutteta,singular.nominative,nutteta
tapestry,n,nutteta,singular.accusative,idanutteta
tapestry,n,nutteta,singular.genitive,ganutteta
tapestry,n,nutteta,singular.dative,nuttetahi
target,n,owatak,singular.nominative,owatak
target,n,owatak,singular.accusative,idowatak
target,n,owatak,singular.genitive,gowatak
target,n,owatak,singular.dative,owatakahi
tariff,n,gyowa,singular.nominative,gyowa
tariff,n,gyowa,singular.accusative,idagyowa
tariff,n,gyowa,singular.genitive,gayowa
tariff,n,gyowa,singular.dative,gyowahi
tarnish,n,ihamasu,singular.nominative,ihamasu
tarnish,n,ihamasu,singular.accusative,idihamasu
tarnish,n,ihamasu,singular.genitive,gihamasu
tarnish,n,ihamasu,singular.dative,ihamasuhi
tarot,n,zem,singular.nominative,zem
tarot,n,zem,singular.accusative,idazem
tarot,n,zem,singular.genitive,gazem
tarot,n,zem,singular.dative,zemahi
tarp,n,aran,singular.nominative,aran
tarp,n,aran,singular.accusative,idaran
tarp,n,aran,singular.genitive,garan
tarp,n,aran,singular.dative,aranahi
tart,n,otakyo,singular.nominative,otakyo
tart,n,otakyo,singular.accusative,idotakyo
tart,n,otakyo,singular.genitive,gotakyo
tart,n,otakyo,singular.dative,otakyohi
taste,v,nissuji,indicative.present.3sg,nissuji
taste,v,nissuji,imperative.present.3sg,nissujia
taste,v,nissuji,subjunctive.present.3sg,nissujipo
taste,v,nissuji,conditional.present.3sg,nissujid
tattoo,n,modomyo,singular.nominative,modomyo
tattoo,n,modomyo,singular.accusative,idamodomyo
tattoo,n,modomyo,singular.genitive,gamodomyo
tattoo,n,modomyo,singular.dative,modomyohi
taupe,adj,dahezoy,positive,dahezoy
taupe,adj,dahezoy,comparative,zon dahezoy
taupe,adj,dahezoy,superlative,yafuntt dahezoy
tax,n,shid,singular.nominative,shid
tax,n,shid,singular.accusative,idashid
tax,n,shid,singular.genitive,gashid
tax,n,shid,singular.dative,shidahi
taxi,n,funzuda,singular.nominative,funzuda
taxi,n,funzuda,singular.accusative,idafunzuda
taxi,n,funzuda,singular.genitive,gafunzuda
taxi,n,funzuda,singular.dative,funzudahi
tea,n,nyatted,singular.nominative,nyatted
tea,n,nyatted,singular.accusative,idanyatted
tea,n,nyatted,singular.genitive,ganyatted
tea,n,nyatted,singular.dative,nyattedahi
teach,v,moshoky,indicative.present.3sg,moshoky
teach,v,moshoky,imperative.present.3sg,moshokya
teach,v,moshoky,subjunctive.present.3sg,moshokyapo
teach,v,moshoky,conditional.present.3sg,moshokyad
team,n,myai,singular.nominative,myai
team,n,myai,singular.accusative,idamyai
team,n,myai,singular.genitive,gamyai
team,n,myai,singular.dative,myaihi
teapot,n,wonwo,singular.nominative,wonwo
teapot,n,wonwo,singular.accusative,idawonwo
teapot,n,wonwo,singular.genitive,gawonwo
teapot,n,wonwo,singular.dative,wonwohi
tear,n,monakin,singular.nominative,monakin
tear,n,monakin,singular.accusative,idamonakin
tear,n,monakin,singular.genitive,gamonakin
tear,n,monakin,singular.dative,monakinahi
tease,v,shusu,indicative.present.3sg,shusu
tease,v,shusu,imperative.present.3sg,shusua
tease,v,shusu,subjunctive.present.3sg,shusupo
tease,v,shusu,conditional.present.3sg,shusud
technical,adj,arugonp,positive,arugonp
technical,adj,arugonp,comparative,zon arugonp
technical,adj,arugonp,superlative,yafuntt arugonp
technology,n,narimpo,singular.nominative,narimpo
technology,n,narimpo,singular.accusative,idanarimpo
technology,n,narimpo,singular.genitive,ganarimpo
technology,n,narimpo,singular.dative,narimpohi
teenager,n,nyozode,singular.nominative,nyozode
teenager,n,nyozode,singular.accusative,idanyozode
teenager,n,nyozode,singular.genitive,ganyozode
teenager,n,nyozode,singular.dative,nyozodehi
telekinesis,n,pyudo,singular.nominative,pyudo
telekinesis,n,pyudo,singular.accusative,idapyudo
telekinesis,n,pyudo,singular.genitive,gapyudo
telekinesis,n,pyudo,singular.dative,pyudohi
telekinetic,adj,hohahom,positive,hohahom
telekinetic,adj,hohahom,comparative,zon hohahom
telekinetic,adj,hohahom,superlative,yafuntt hohahom
telepathy,n,izopyun,singular.nominative,izopyun
telepathy,n,izopyun,singular.accusative,idizopyun
telepathy,n,izopyun,singular.genitive,gizopyun
telepathy,n,izopyun,singular.dative,izopyunahi
telescope,n,lua,singular.nominative,lua
telescope,n,lua,singular.accusative,idalua
telescope,n,lua,singular.genitive,galua
telescope,n,lua,singular.dative,luahi
tell,v,zuzushi,indicative.present.3sg,zuzushi
tell,v,zuzushi,imperative.present.3sg,zuzushia
tell,v,zuzushi,subjunctive.present.3sg,zuzushipo
tell,v,zuzushi,conditional.present.3sg,zuzushid
temper,n,gyomyur,singular.nominative,gyomyur
temper,n,gyomyur,singular.accusative,idagyomyur
temper,n,gyomyur,singular.genitive,gayomyur
temper,n,gyomyur,singular.dative,gyomyurahi
temperature,n,num,singular.nominative,num
temperature,n,num,singular.accusative,idanum
temperature,n,num,singular.genitive,ganum
temperature,n,num,singular.dative,numahi
temple,n,ehomasi,singular.nominative,ehomasi
temple,n,ehomasi,singular.accusative,idehomasi
temple,n,ehomasi,singular.genitive,gehomasi
temple,n,ehomasi,singular.dative,ehomasihi
temporary,adj,onenai,positive,onenai
temporary,adj,onenai,comparative,zon onenai
temporary,adj,onenai,superlative,yafuntt onenai
tempt,v,nakuyor,indicative.present.3sg,nakuyor
tempt,v,nakuyor,imperative.present.3sg,nakuyora
tempt,v,nakuyor,subjunctive.present.3sg,nakuyorapo
tempt,v,nakuyor,conditional.present.3sg,nakuyorad
ten,num,datimas,singular.nominative,datimas
ten,num,datimas,singular.accusative,idatimas
ten,num,datimas,singular.genitive,gadatimas
ten,num,datimas,singular.dative,datimasahi
tenant,n,rimemas,singular.nominative,rimemas
tenant,n,rimemas,singular.accusative,idarimemas
tenant,n,rimemas,singular.genitive,garimemas
tenant,n,rimemas,singular.dative,rimemasahi
tense,adj,shopopy,positive,shopopy
tense,adj,shopopy,comparative,zon shopopy
tense,adj,shopopy,superlative,yafuntt shopopy
tension,n,hanmasu,singular.nominative,hanmasu
tension,n,hanmasu,singular.accusative,idahanmasu
tension,n,hanmasu,singular.genitive,gahanmasu
tension,n,hanmasu,singular.dative,hanmasuhi
tent,n,zhuuru,singular.nominative,zhuuru
tent,n,zhuuru,singular.accusative,idazhuuru
tent,n,zhuuru,singular.genitive,gazhuuru
tent,n,zhuuru,singular.dative,zhuuruhi
term,n,gyurosu,singular.nominative,gyurosu
term,n,gyurosu,singular.accusative,idagyurosu
term,n,gyurosu,singular.genitive,gayurosu
term,n,gyurosu,singular.dative,gyurosuhi
terminate,v,hente,indicative.present.3sg,hente
terminate,v,hente,imperative.present.3sg,hentea
terminate,v,hente,subjunctive.present.3sg,hentepo
terminate,v,hente,conditional.present.3sg,hented
terrace,n,ariboky,singular.nominative,ariboky
terrace,n,ariboky,singular.accusative,idariboky
terrace,n,ariboky,singular.genitive,gariboky
terrace,n,ariboky,singular.dative,aribokyahi
terrain,n,hyunbyu,singular.nominative,hyunbyu
terrain,n,hyunbyu,singular.accusative,idahyunbyu
terrain,n,hyunbyu,singular.genitive,gahyunbyu
terrain,n,hyunbyu,singular.dative,hyunbyuhi
terrible,adj,gan,positive,gan
terrible,adj,gan,comparative,zon gan
terrible,adj,gan,superlative,yafuntt gan
territory,n,anaoru,singular.nominative,anaoru
territory,n,anaoru,singular.accusative,idanaoru
territory,n,anaoru,singular.genitive,ganaoru
territory,n,anaoru,singular.dative,anaoruhi
terror,n,jisomas,singular.nominative,jisomas
terror,n,jisomas,singular.accusative,idajisomas
terror,n,jisomas,singular.genitive,gajisomas
terror,n,jisomas,singular.dative,jisomasahi
test,v,jujibya,indicative.present.3sg,jujibya
test,v,jujibya,imperative.present.3sg,jujibya
test,v,jujibya,subjunctive.present.3sg,jujibyapo
test,v,jujibya,conditional.present.3sg,jujibyad
testify,v,nitasu,indicative.present.3sg,nitasu
testify,v,nitasu,imperative.present.3sg,nitasua
testify,v,nitasu,subjunctive.present.3sg,nitasupo
testify,v,nitasu,conditional.present.3sg,nitasud
text,n,anakiny,singular.nominative,anakiny
text,n,anakiny,singular.accusative,idanakiny
text,n,anakiny,singular.genitive,ganakiny
text,n,anakiny,singular.dative,anakinyahi
textile,n,yodants,singular.nominative,yodants
textile,n,yodants,singular.accusative,idayodants
textile,n,yodants,singular.genitive,gayodants
textile,n,yodants,singular.dative,yodantsahi
thank,v,hyotsu,indicative.present.3sg,hyotsu
thank,v,hyotsu,imperative.present.3sg,hyotsua
thank,v,hyotsu,subjunctive.present.3sg,hyotsupo
thank,v,hyotsu,conditional.present.3sg,hyotsud
thaumaturgie,n,piru,singular.nominative,piru
thaumaturgie,n,piru,singular.accusative,idapiru
thaumaturgie,n,piru,singular.genitive,gapiru
thaumaturgie,n,piru,singular.dative,piruhi
thaumaturgy,n,gemasu,singular.nominative,gemasu
thaumaturgy,n,gemasu,singular.accusative,idagemasu
thaumaturgy,n,gemasu,singular.genitive,gemasu
thaumaturgy,n,gemasu,singular.dative,gemasuhi
theology,n,byueru,singular.nominative,byueru
theology,n,byueru,singular.accusative,idabyueru
theology,n,byueru,singular.genitive,gabyueru
theology,n,byueru,singular.dative,byueruhi
theory,n,wakiho,singular.nominative,wakiho
theory,n,wakiho,singular.accusative,idawakiho
theory,n,wakiho,singular.genitive,gawakiho
theory,n,wakiho,singular.dative,wakihohi
therapy,n,bimasun,singular.nominative,bimasun
therapy,n,bimasun,singular.accusative,idabimasun
therapy,n,bimasun,singular.genitive,gabimasun
therapy,n,bimasun,singular.dative,bimasunahi
thesis,n,kotatta,singular.nominative,kotatta
thesis,n,kotatta,singular.accusative,idakotatta
thesis,n,kotatta,singular.genitive,gakotatta
thesis,n,kotatta,singular.dative,kotattahi
theurgy,n,yohode,singular.nominative,yohode
theurgy,n,yohode,singular.accusative,idayohode
theurgy,n,yohode,singular.genitive,gayohode
theurgy,n,yohode,singular.dative,yohodehi
thick,adj,niqui,positive,niqui
thick,adj,niqui,comparative,zon niqui
thick,adj,niqui,superlative,yafuntt niqui
thigh,n,naranat,singular.nominative,naranat
thigh,n,naranat,singular.accusative,idanaranat
thigh,n,naranat,singular.genitive,ganaranat
thigh,n,naranat,singular.dative,naranatahi
thin (of an object),adj,pimum,positive,pimum
thin (of an object),adj,pimum,comparative,zon pimum
thin (of an object),adj,pimum,superlative,yafuntt pimum
thin,adj,hemidan,positive,hemidan
thin,adj,hemidan,comparative,zon hemidan
thin,adj,hemidan,superlative,yafuntt hemidan
thing,n,kotarum,singular.nominative,kotarum
thing,n,kotarum,singular.accusative,idakotarum
thing,n,kotarum,singular.genitive,gakotarum
thing,n,kotarum,singular.dative,kotarumahi
think,v,woyadaz,indicative.present.3sg,woyadaz
think,v,woyadaz,imperative.present.3sg,woyadaza
think,v,woyadaz,subjunctive.present.3sg,woyadazapo
think,v,woyadaz,conditional.present.3sg,woyadazad
thirsty,adj,wantter,positive,wantter
thirsty,adj,wantter,comparative,zon wantter
thirsty,adj,wantter,superlative,yafuntt wantter
thirteen,num,akin,singular.nominative,akin
thirteen,num,akin,singular.accusative,idakin
thirteen,num,akin,singular.genitive,gakin
thirteen,num,akin,singular.dative,akinahi
thorn,n,pyujind,singular.nominative,pyujind
thorn,n,pyujind,singular.accusative,idapyujind
thorn,n,pyujind,singular.genitive,gapyujind
thorn,n,pyujind,singular.dative,pyujindahi
thorns,n,ozumae,singular.nominative,ozumae
thorns,n,ozumae,singular.accusative,idozumae
thorns,n,ozumae,singular.genitive,gozumae
thorns,n,ozumae,singular.dative,ozumaehi
thorough,adj,najisut,positive,najisut
thorough,adj,najisut,comparative,zon najisut
thorough,adj,najisut,superlative,yafuntt najisut
thousand,num,rimasuj,singular.nominative,rimasuj
thousand,num,rimasuj,singular.accusative,idarimasuj
thousand,num,rimasuj,singular.genitive,garimasuj
thousand,num,rimasuj,singular.dative,rimasujahi
thread,n,intausu,singular.nominative,intausu
thread,n,intausu,singular.accusative,idintausu
thread,n,intausu,singular.genitive,gintausu
thread,n,intausu,singular.dative,intausuhi
threat,n,datteyu,singular.nominative,datteyu
threat,n,datteyu,singular.accusative,idatteyu
threat,n,datteyu,singular.genitive,gadatteyu
threat,n,datteyu,singular.dative,datteyuhi
three,num,yomemas,singular.nominative,yomemas
three,num,yomemas,singular.accusative,idayomemas
three,num,yomemas,singular.genitive,gayomemas
three,num,yomemas,singular.dative,yomemasahi
thrill,v,zusatar,indicative.present.3sg,zusatar
thrill,v,zusatar,imperative.present.3sg,zusatara
thrill,v,zusatar,subjunctive.present.3sg,zusatarapo
thrill,v,zusatar,conditional.present.3sg,zusatarad
throat,n,womamas,singular.nominative,womamas
throat,n,womamas,singular.accusative,idawomamas
throat,n,womamas,singular.genitive,gawomamas
throat,n,womamas,singular.dative,womamasahi
throne,n,oyofu,singular.nominative,oyofu
throne,n,oyofu,singular.accusative,idoyofu
throne,n,oyofu,singular.genitive,goyofu
throne,n,oyofu,singular.dative,oyofuhi
throw,v,monarya,indicative.present.3sg,monarya
throw,v,monarya,imperative.present.3sg,monarya
throw,v,monarya,subjunctive.present.3sg,monaryapo
throw,v,monarya,conditional.present.3sg,monaryad
thrust,v,keyo,indicative.present.3sg,keyo
thrust,v,keyo,imperative.present.3sg,keyoa
thrust,v,keyo,subjunctive.present.3sg,keyopo
thrust,v,keyo,conditional.present.3sg,keyod
thumb,n,monpyun,singular.nominative,monpyun
thumb,n,monpyun,singular.accusative,idamonpyun
thumb,n,monpyun,singular.genitive,gamonpyun
thumb,n,monpyun,singular.dative,monpyunahi
thump,v,raya,indicative.present.3sg,raya
thump,v,raya,imperative.present.3sg,raya
thump,v,raya,subjunctive.present.3sg,rayapo
thump,v,raya,conditional.present.3sg,rayad
thunder,n,deseo,singular.nominative,deseo
thunder,n,deseo,singular.accusative,ideseo
thunder,n,deseo,singular.genitive,gadeseo
thunder,n,deseo,singular.dative,deseohi
thyme,n,soyari,singular.nominative,soyari
thyme,n,soyari,singular.accusative,idasoyari
thyme,n,soyari,singular.genitive,gasoyari
thyme,n,soyari,singular.dative,soyarihi
tick,v,kotasuz,indicative.present.3sg,kotasuz
tick,v,kotasuz,imperative.present.3sg,kotasuza
tick,v,kotasuz,subjunctive.present.3sg,kotasuzapo
tick,v,kotasuz,conditional.present.3sg,kotasuzad
ticket,n,wochitt,singular.nominative,wochitt
ticket,n,wochitt,singular.accusative,idawochitt
ticket,n,wochitt,singular.genitive,gawochitt
ticket,n,wochitt,singular.dative,wochittahi
tide,n,zudatte,singular.nominative,zudatte
tide,n,zudatte,singular.accusative,idazudatte
tide,n,zudatte,singular.genitive,gazudatte
tide,n,zudatte,singular.dative,zudattehi
tie,n,byoji,singular.nominative,byoji
tie,n,byoji,singular.accusative,idabyoji
tie,n,byoji,singular.genitive,gabyoji
tie,n,byoji,singular.dative,byojihi
tie,v,sedomas,indicative.present.3sg,sedomas
tie,v,sedomas,imperative.present.3sg,sedomasa
tie,v,sedomas,subjunctive.present.3sg,sedomasapo
tie,v,sedomas,conditional.present.3sg,sedomasad
tiger,n,naratte,singular.nominative,naratte
tiger,n,naratte,singular.accusative,idanaratte
tiger,n,naratte,singular.genitive,ganaratte
tiger,n,naratte,singular.dative,narattehi
tight,adj,genarim,positive,genarim
tight,adj,genarim,comparative,zon genarim
tight,adj,genarim,superlative,yafuntt genarim
tilt,v,shisqui,indicative.present.3sg,shisqui
tilt,v,shisqui,imperative.present.3sg,shisquia
tilt,v,shisqui,subjunctive.present.3sg,shisquipo
tilt,v,shisqui,conditional.present.3sg,shisquid
time,n,bokyosu,singular.nominative,bokyosu
time,n,bokyosu,singular.accusative,idabokyosu
time,n,bokyosu,singular.genitive,gabokyosu
time,n,bokyosu,singular.dative,bokyosuhi
tin (box),n,dachufu,singular.nominative,dachufu
tin (box),n,dachufu,singular.accusative,idachufu
tin (box),n,dachufu,singular.genitive,gadachufu
tin (box),n,dachufu,singular.dative,dachufuhi
tin,n,zuruhob,singular.nominative,zuruhob
tin,n,zuruhob,singular.accusative,idazuruhob
tin,n,zuruhob,singular.genitive,gazuruhob
tin,n,zuruhob,singular.dative,zuruhobahi
tinderbox,n,fuhodon,singular.nominative,fuhodon
tinderbox,n,fuhodon,singular.accusative,idafuhodon
tinderbox,n,fuhodon,singular.genitive,gafuhodon
tinderbox,n,fuhodon,singular.dative,fuhodonahi
tired,adj,pide,positive,pide
tired,adj,pide,comparative,zon pide
tired,adj,pide,superlative,yafuntt pide
title,n,zhei,singular.nominative,zhei
title,n,zhei,singular.accusative,idazhei
title,n,zhei,singular.genitive,gazhei
title,n,zhei,singular.dative,zheihi
toad,n,kotatas,singular.nominative,kotatas
toad,n,kotatas,singular.accusative,idakotatas
toad,n,kotatas,singular.genitive,gakotatas
toad,n,kotatas,singular.dative,kotatasahi
toast,n,tehotan,singular.nominative,tehotan
toast,n,tehotan,singular.accusative,idatehotan
toast,n,tehotan,singular.genitive,gatehotan
toast,n,tehotan,singular.dative,tehotanahi
tobacco,n,niryuya,singular.nominative,niryuya
tobacco,n,niryuya,singular.accusative,idaniryuya
tobacco,n,niryuya,singular.genitive,ganiryuya
tobacco,n,niryuya,singular.dative,niryuyahi
toddler,n,lebrano,singular.nominative,lebrano
toddler,n,lebrano,singular.accusative,idalebrano
toddler,n,lebrano,singular.genitive,galebrano
toddler,n,lebrano,singular.dative,lebranohi
toe,n,gomyah,singular.nominative,gomyah
toe,n,gomyah,singular.accusative,idagomyah
toe,n,gomyah,singular.genitive,gomyah
toe,n,gomyah,singular.dative,gomyahi
toilet,n,haanhya,singular.nominative,haanhya
toilet,n,haanhya,singular.accusative,idahaanhya
toilet,n,haanhya,singular.genitive,gahaanhya
toilet,n,haanhya,singular.dative,haanhyahi
toilet perfume,n,desumya,singular.nominative,desumya
toilet perfume,n,desumya,singular.accusative,idesumya
toilet perfume,n,desumya,singular.genitive,gadesumya
toilet perfume,n,desumya,singular.dative,desumyahi
tolerate,v,solumas,indicative.present.3sg,solumas
tolerate,v,solumas,imperative.present.3sg,solumasa
tolerate,v,solumas,subjunctive.present.3sg,solumasapo
tolerate,v,solumas,conditional.present.3sg,solumasad
tomato,n,osakyar,singular.nominative,osakyar
tomato,n,osakyar,singular.accusative,idosakyar
tomato,n,osakyar,singular.genitive,gosakyar
tomato,n,osakyar,singular.dative,osakyarahi
tomb,n,misa,singular.nominative,misa
tomb,n,misa,singular.accusative,idamisa
tomb,n,misa,singular.genitive,gamisa
tomb,n,misa,singular.dative,misahi
tongs,n,modadan,singular.nominative,modadan
tongs,n,modadan,singular.accusative,idamodadan
tongs,n,modadan,singular.genitive,gamodadan
tongs,n,modadan,singular.dative,modadanahi
tongue,n,nakinyu,singular.nominative,nakinyu
tongue,n,nakinyu,singular.accusative,idanakinyu
tongue,n,nakinyu,singular.genitive,ganakinyu
tongue,n,nakinyu,singular.dative,nakinyuhi
tool,n,hewata,singular.nominative,hewata
tool,n,hewata,singular.accusative,idahewata
tool,n,hewata,singular.genitive,gahewata
tool,n,hewata,singular.dative,hewatahi
tooth,n,pyotuma,singular.nominative,pyotuma
tooth,n,pyotuma,singular.accusative,idapyotuma
tooth,n,pyotuma,singular.genitive,gapyotuma
tooth,n,pyotuma,singular.dative,pyotumahi
top,n,odesu,singular.nominative,odesu
top,n,odesu,singular.accusative,idodesu
top,n,odesu,singular.genitive,godesu
top,n,odesu,singular.dative,odesuhi
topic,n,goyahab,singular.nominative,goyahab
topic,n,goyahab,singular.accusative,idagoyahab
topic,n,goyahab,singular.genitive,goyahab
topic,n,goyahab,singular.dative,goyahabahi
topple,v,zomesu,indicative.present.3sg,zomesu
topple,v,zomesu,imperative.present.3sg,zomesua
topple,v,zomesu,subjunctive.present.3sg,zomesupo
topple,v,zomesu,conditional.present.3sg,zomesud
torch,n,monyoma,singular.nominative,monyoma
torch,n,monyoma,singular.accusative,idamonyoma
torch,n,monyoma,singular.genitive,gamonyoma
torch,n,monyoma,singular.dative,monyomahi
tornado,n,hihono,singular.nominative,hihono
tornado,n,hihono,singular.accusative,idahihono
tornado,n,hihono,singular.genitive,gahihono
tornado,n,hihono,singular.dative,hihonohi
torso,n,karbete,singular.nominative,karbete
torso,n,karbete,singular.accusative,idakarbete
torso,n,karbete,singular.genitive,gakarbete
torso,n,karbete,singular.dative,karbetehi
torture,v,nakinsh,indicative.present.3sg,nakinsh
torture,v,nakinsh,imperative.present.3sg,nakinsha
torture,v,nakinsh,subjunctive.present.3sg,nakinshapo
torture,v,nakinsh,conditional.present.3sg,nakinshad
toss,v,zachuma,indicative.present.3sg,zachuma
toss,v,zachuma,imperative.present.3sg,zachuma
toss,v,zachuma,subjunctive.present.3sg,zachumapo
toss,v,zachuma,conditional.present.3sg,zachumad
total,n,shoo,singular.nominative,shoo
total,n,shoo,singular.accusative,idashoo
total,n,shoo,singular.genitive,gashoo
total,n,shoo,singular.dative,shoohi
totem,n,geni,singular.nominative,geni
totem,n,geni,singular.accusative,idageni
totem,n,geni,singular.genitive,geni
totem,n,geni,singular.dative,genihi
touch,v,zui,indicative.present.3sg,zui
touch,v,zui,imperative.present.3sg,zuia
touch,v,zui,subjunctive.present.3sg,zuipo
touch,v,zui,conditional.present.3sg,zuid
tour,n,ilionon,singular.nominative,ilionon
tour,n,ilionon,singular.accusative,idilionon
tour,n,ilionon,singular.genitive,gilionon
tour,n,ilionon,singular.dative,iliononahi
tourist,n,shazush,singular.nominative,shazush
tourist,n,shazush,singular.accusative,idashazush
tourist,n,shazush,singular.genitive,gashazush
tourist,n,shazush,singular.dative,shazushi
tourney,n,boade,singular.nominative,boade
tourney,n,boade,singular.accusative,idaboade
tourney,n,boade,singular.genitive,gaboade
tourney,n,boade,singular.dative,boadehi
towel,n,oazuto,singular.nominative,oazuto
towel,n,oazuto,singular.accusative,idoazuto
towel,n,oazuto,singular.genitive,goazuto
towel,n,oazuto,singular.dative,oazutohi
tower,n,adatte,singular.nominative,adatte
tower,n,adatte,singular.accusative,idadatte
tower,n,adatte,singular.genitive,gadatte
tower,n,adatte,singular.dative,adattehi
town,n,gudesu,singular.nominative,gudesu
town,n,gudesu,singular.accusative,idagudesu
town,n,gudesu,singular.genitive,gudesu
town,n,gudesu,singular.dative,gudesuhi
toy,n,hepopyu,singular.nominative,hepopyu
toy,n,hepopyu,singular.accusative,idahepopyu
toy,n,hepopyu,singular.genitive,gahepopyu
toy,n,hepopyu,singular.dative,hepopyuhi
track,n,zadasu,singular.nominative,zadasu
track,n,zadasu,singular.accusative,idazadasu
track,n,zadasu,singular.genitive,gazadasu
track,n,zadasu,singular.dative,zadasuhi
tracking,n,uto,singular.nominative,uto
tracking,n,uto,singular.accusative,iduto
tracking,n,uto,singular.genitive,guto
tracking,n,uto,singular.dative,utohi
trade,n,yuho,singular.nominative,yuho
trade,n,yuho,singular.accusative,idayuho
trade,n,yuho,singular.genitive,gayuho
trade,n,yuho,singular.dative,yuhohi
tradition,n,zhito,singular.nominative,zhito
tradition,n,zhito,singular.accusative,idazhito
tradition,n,zhito,singular.genitive,gazhito
tradition,n,zhito,singular.dative,zhitohi
trail,n,yubyatt,singular.nominative,yubyatt
trail,n,yubyatt,singular.accusative,idayubyatt
trail,n,yubyatt,singular.genitive,gayubyatt
trail,n,yubyatt,singular.dative,yubyattahi
trailer,n,eruhaya,singular.nominative,eruhaya
trailer,n,eruhaya,singular.accusative,ideruhaya
trailer,n,eruhaya,singular.genitive,geruhaya
trailer,n,eruhaya,singular.dative,eruhayahi
train,v,dotsu,indicative.present.3sg,dotsu
train,v,dotsu,imperative.present.3sg,dotsua
train,v,dotsu,subjunctive.present.3sg,dotsupo
train,v,dotsu,conditional.present.3sg,dotsud
trance,n,wosetsu,singular.nominative,wosetsu
trance,n,wosetsu,singular.accusative,idawosetsu
trance,n,wosetsu,singular.genitive,gawosetsu
trance,n,wosetsu,singular.dative,wosetsuhi
tranquil,adj,oru,positive,oru
tranquil,adj,oru,comparative,zon oru
tranquil,adj,oru,superlative,yafuntt oru
transcend,v,sattema,indicative.present.3sg,sattema
transcend,v,sattema,imperative.present.3sg,sattema
transcend,v,sattema,subjunctive.present.3sg,sattemapo
transcend,v,sattema,conditional.present.3sg,sattemad
transcript,n,sabyowa,singular.nominative,sabyowa
transcript,n,sabyowa,singular.accusative,idasabyowa
transcript,n,sabyowa,singular.genitive,gasabyowa
transcript,n,sabyowa,singular.dative,sabyowahi
transfer,v,jirant,indicative.present.3sg,jirant
transfer,v,jirant,imperative.present.3sg,jiranta
transfer,v,jirant,subjunctive.present.3sg,jirantapo
transfer,v,jirant,conditional.present.3sg,jirantad
transformation,n,ryoya,singular.nominative,ryoya
transformation,n,ryoya,singular.accusative,idaryoya
transformation,n,ryoya,singular.genitive,garyoya
transformation,n,ryoya,singular.dative,ryoyahi
transition,n,ome,singular.nominative,ome
transition,n,ome,singular.accusative,idome
transition,n,ome,singular.genitive,gome
transition,n,ome,singular.dative,omehi
translate,v,natteji,indicative.present.3sg,natteji
translate,v,natteji,imperative.present.3sg,nattejia
translate,v,natteji,subjunctive.present.3sg,nattejipo
translate,v,natteji,conditional.present.3sg,nattejid
transmutation,n,pyaaru,singular.nominative,pyaaru
transmutation,n,pyaaru,singular.accusative,idapyaaru
transmutation,n,pyaaru,singular.genitive,gapyaaru
transmutation,n,pyaaru,singular.dative,pyaaruhi
transmute,v,ryazepu,indicative.present.3sg,ryazepu
transmute,v,ryazepu,imperative.present.3sg,ryazepua
transmute,v,ryazepu,subjunctive.present.3sg,ryazepupo
transmute,v,ryazepu,conditional.present.3sg,ryazepud
transparent,adj,areu,positive,areu
transparent,adj,areu,comparative,zon areu
transparent,adj,areu,superlative,yafuntt areu
transplant,n,lishita,singular.nominative,lishita
transplant,n,lishita,singular.accusative,idalishita
transplant,n,lishita,singular.genitive,galishita
transplant,n,lishita,singular.dative,lishitahi
transport,n,wachu,singular.nominative,wachu
transport,n,wachu,singular.accusative,idawachu
transport,n,wachu,singular.genitive,gawachu
transport,n,wachu,singular.dative,wachuhi
trap,n,tara,singular.nominative,tara
trap,n,tara,singular.accusative,idatara
trap,n,tara,singular.genitive,gatara
trap,n,tara,singular.dative,tarahi
trash,n,aete,singular.nominative,aete
trash,n,aete,singular.accusative,idaete
trash,n,aete,singular.genitive,gaete
trash,n,aete,singular.dative,aetehi
trauma,n,warofuk,singular.nominative,warofuk
trauma,n,warofuk,singular.accusative,idawarofuk
trauma,n,warofuk,singular.genitive,gawarofuk
trauma,n,warofuk,singular.dative,warofukahi
travel,v,ryarasu,indicative.present.3sg,ryarasu
travel,v,ryarasu,imperative.present.3sg,ryarasua
travel,v,ryarasu,subjunctive.present.3sg,ryarasupo
travel,v,ryarasu,conditional.present.3sg,ryarasud
tray,n,ansaett,singular.nominative,ansaett
tray,n,ansaett,singular.accusative,idansaett
tray,n,ansaett,singular.genitive,gansaett
tray,n,ansaett,singular.dative,ansaettahi
tread,v,daroo,indicative.present.3sg,daroo
tread,v,daroo,imperative.present.3sg,darooa
tread,v,daroo,subjunctive.present.3sg,daroopo
tread,v,daroo,conditional.present.3sg,darood
treason,n,hezajig,singular.nominative,hezajig
treason,n,hezajig,singular.accusative,idahezajig
treason,n,hezajig,singular.genitive,gahezajig
treason,n,hezajig,singular.dative,hezajigahi
treasure/wealth,n,yudenda,singular.nominative,yudenda
treasure/wealth,n,yudenda,singular.accusative,idayudenda
treasure/wealth,n,yudenda,singular.genitive,gayudenda
treasure/wealth,n,yudenda,singular.dative,yudendahi
treat,v,chibuju,indicative.present.3sg,chibuju
treat,v,chibuju,imperative.present.3sg,chibujua
treat,v,chibuju,subjunctive.present.3sg,chibujupo
treat,v,chibuju,conditional.present.3sg,chibujud
trebuchet,n,yohazes,singular.nominative,yohazes
trebuchet,n,yohazes,singular.accusative,idayohazes
trebuchet,n,yohazes,singular.genitive,gayohazes
trebuchet,n,yohazes,singular.dative,yohazesahi
tree,n,hande,singular.nominative,hande
tree,n,hande,singular.accusative,idahande
tree,n,hande,singular.genitive,gahande
tree,n,hande,singular.dative,handehi
tremble,v,seadesu,indicative.present.3sg,seadesu
tremble,v,seadesu,imperative.present.3sg,seadesua
tremble,v,seadesu,subjunctive.present.3sg,seadesupo
tremble,v,seadesu,conditional.present.3sg,seadesud
tremor,n,jirimas,singular.nominative,jirimas
tremor,n,jirimas,singular.accusative,idajirimas
tremor,n,jirimas,singular.genitive,gajirimas
tremor,n,jirimas,singular.dative,jirimasahi
trench,n,fuzenyu,singular.nominative,fuzenyu
trench,n,fuzenyu,singular.accusative,idafuzenyu
trench,n,fuzenyu,singular.genitive,gafuzenyu
trench,n,fuzenyu,singular.dative,fuzenyuhi
trencher,n,kareusi,singular.nominative,kareusi
trencher,n,kareusi,singular.accusative,idakareusi
trencher,n,kareusi,singular.genitive,gakareusi
trencher,n,kareusi,singular.dative,kareusihi
trial,n,goroo,singular.nominative,goroo
trial,n,goroo,singular.accusative,idagoroo
trial,n,goroo,singular.genitive,goroo
trial,n,goroo,singular.dative,goroohi
triangle,n,sojatas,singular.nominative,sojatas
triangle,n,sojatas,singular.accusative,idasojatas
triangle,n,sojatas,singular.genitive,gasojatas
triangle,n,sojatas,singular.dative,sojatasahi
tribunal,n,mute,singular.nominative,mute
tribunal,n,mute,singular.accusative,idamute
tribunal,n,mute,singular.genitive,gamute
tribunal,n,mute,singular.dative,mutehi
tribute,n,nos,singular.nominative,nos
tribute,n,nos,singular.accusative,idanos
tribute,n,nos,singular.genitive,ganos
tribute,n,nos,singular.dative,nosahi
trick,v,kis,indicative.present.3sg,kis
trick,v,kis,imperative.present.3sg,kisa
trick,v,kis,subjunctive.present.3sg,kisapo
trick,v,kis,conditional.present.3sg,kisad
trident,n,cumyon,singular.nominative,cumyon
trident,n,cumyon,singular.accusative,idacumyon
trident,n,cumyon,singular.genitive,gacumyon
trident,n,cumyon,singular.dative,cumyonahi
trigger,n,gyayafu,singular.nominative,gyayafu
trigger,n,gyayafu,singular.accusative,idagyayafu
trigger,n,gyayafu,singular.genitive,gayayafu
trigger,n,gyayafu,singular.dative,gyayafuhi
trim,n,wazawo,singular.nominative,wazawo
trim,n,wazawo,singular.accusative,idawazawo
trim,n,wazawo,singular.genitive,gawazawo
trim,n,wazawo,singular.dative,wazawohi
trip,n,zezuchi,singular.nominative,zezuchi
trip,n,zezuchi,singular.accusative,idazezuchi
trip,n,zezuchi,singular.genitive,gazezuchi
trip,n,zezuchi,singular.dative,zezuchihi
trip,v,kahagyo,indicative.present.3sg,kahagyo
trip,v,kahagyo,imperative.present.3sg,kahagyoa
trip,v,kahagyo,subjunctive.present.3sg,kahagyopo
trip,v,kahagyo,conditional.present.3sg,kahagyod
triple,adj,ryage,positive,ryage
triple,adj,ryage,comparative,zon ryage
triple,adj,ryage,superlative,yafuntt ryage
tripod,n,zeumue,singular.nominative,zeumue
tripod,n,zeumue,singular.accusative,idazeumue
tripod,n,zeumue,singular.genitive,gazeumue
tripod,n,zeumue,singular.dative,zeumuehi
trivia,n,fusokum,singular.nominative,fusokum
trivia,n,fusokum,singular.accusative,idafusokum
trivia,n,fusokum,singular.genitive,gafusokum
trivia,n,fusokum,singular.dative,fusokumahi
troll,n,daputte,singular.nominative,daputte
troll,n,daputte,singular.accusative,idaputte
troll,n,daputte,singular.genitive,gadaputte
troll,n,daputte,singular.dative,daputtehi
trophy,n,zunuita,singular.nominative,zunuita
trophy,n,zunuita,singular.accusative,idazunuita
trophy,n,zunuita,singular.genitive,gazunuita
trophy,n,zunuita,singular.dative,zunuitahi
tropical,adj,nakyapo,positive,nakyapo
tropical,adj,nakyapo,comparative,zon nakyapo
tropical,adj,nakyapo,superlative,yafuntt nakyapo
"troubador, bard",n,monatar,singular.nominative,monatar
"troubador, bard",n,monatar,singular.accusative,idamonatar
"troubador, bard",n,monatar,singular.genitive,gamonatar
"troubador, bard",n,monatar,singular.dative,monatarahi
trouble,n,dit,singular.nominative,dit
trouble,n,dit,singular.accusative,idit
trouble,n,dit,singular.genitive,gadit
trouble,n,dit,singular.dative,ditahi
trousers,n,hyukipy,singular.nominative,hyukipy
trousers,n,hyukipy,singular.accusative,idahyukipy
trousers,n,hyukipy,singular.genitive,gahyukipy
trousers,n,hyukipy,singular.dative,hyukipyahi
trout,n,yutsu,singular.nominative,yutsu
trout,n,yutsu,singular.accusative,idayutsu
trout,n,yutsu,singular.genitive,gayutsu
trout,n,yutsu,singular.dative,yutsuhi
trumpet,n,ohebuj,singular.nominative,ohebuj
trumpet,n,ohebuj,singular.accusative,idohebuj
trumpet,n,ohebuj,singular.genitive,gohebuj
trumpet,n,ohebuj,singular.dative,ohebujahi
trumpet,v,gette,indicative.present.3sg,gette
trumpet,v,gette,imperative.present.3sg,gettea
trumpet,v,gette,subjunctive.present.3sg,gettepo
trumpet,v,gette,conditional.present.3sg,getted
trunk,n,omono,singular.nominative,omono
trunk,n,omono,singular.accusative,idomono
trunk,n,omono,singular.genitive,gomono
trunk,n,omono,singular.dative,omonohi
try,v,waji,indicative.present.3sg,waji
try,v,waji,imperative.present.3sg,wajia
try,v,waji,subjunctive.present.3sg,wajipo
try,v,waji,conditional.present.3sg,wajid
tub,n,paatta,singular.nominative,paatta
tub,n,paatta,singular.accusative,idapaatta
tub,n,paatta,singular.genitive,gapaatta
tub,n,paatta,singular.dative,paattahi
tug,v,shokets,indicative.present.3sg,shokets
tug,v,shokets,imperative.present.3sg,shoketsa
tug,v,shokets,subjunctive.present.3sg,shoketsapo
tug,v,shokets,conditional.present.3sg,shoketsad
tuition,n,gotsu,singular.nominative,gotsu
tuition,n,gotsu,singular.accusative,idagotsu
tuition,n,gotsu,singular.genitive,gotsu
tuition,n,gotsu,singular.dative,gotsuhi
tulwar,n,wobyohe,singular.nominative,wobyohe
tulwar,n,wobyohe,singular.accusative,idawobyohe
tulwar,n,wobyohe,singular.genitive,gawobyohe
tulwar,n,wobyohe,singular.dative,wobyohehi
tumble,v,zohyazu,indicative.present.3sg,zohyazu
tumble,v,zohyazu,imperative.present.3sg,zohyazua
tumble,v,zohyazu,subjunctive.present.3sg,zohyazupo
tumble,v,zohyazu,conditional.present.3sg,zohyazud
tuna,n,chuze,singular.nominative,chuze
tuna,n,chuze,singular.accusative,idachuze
tuna,n,chuze,singular.genitive,gachuze
tuna,n,chuze,singular.dative,chuzehi
tunic,n,kanakip,singular.nominative,kanakip
tunic,n,kanakip,singular.accusative,idakanakip
tunic,n,kanakip,singular.genitive,gakanakip
tunic,n,kanakip,singular.dative,kanakipahi
tunnel,n,hamashi,singular.nominative,hamashi
tunnel,n,hamashi,singular.accusative,idahamashi
tunnel,n,hamashi,singular.genitive,gahamashi
tunnel,n,hamashi,singular.dative,hamashihi
tunneling,n,ohatari,singular.nominative,ohatari
tunneling,n,ohatari,singular.accusative,idohatari
tunneling,n,ohatari,singular.genitive,gohatari
tunneling,n,ohatari,singular.dative,ohatarihi
turf,n,nibus,singular.nominative,nibus
turf,n,nibus,singular.accusative,idanibus
turf,n,nibus,singular.genitive,ganibus
turf,n,nibus,singular.dative,nibusahi
turkey,n,ihimas,singular.nominative,ihimas
turkey,n,ihimas,singular.accusative,idihimas
turkey,n,ihimas,singular.genitive,gihimas
turkey,n,ihimas,singular.dative,ihimasahi
turmoil,n,wose,singular.nominative,wose
turmoil,n,wose,singular.accusative,idawose
turmoil,n,wose,singular.genitive,gawose
turmoil,n,wose,singular.dative,wosehi
turn [sth.] on,v,bubised,indicative.present.3sg,bubised
turn [sth.] on,v,bubised,imperative.present.3sg,bubiseda
turn [sth.] on,v,bubised,subjunctive.present.3sg,bubisedapo
turn [sth.] on,v,bubised,conditional.present.3sg,bubised
turn,v,attazun,indicative.present.3sg,attazun
turn,v,attazun,imperative.present.3sg,attazuna
turn,v,attazun,subjunctive.present.3sg,attazunapo
turn,v,attazun,conditional.present.3sg,attazunad
turnip,n,hyude,singular.nominative,hyude
turnip,n,hyude,singular.accusative,idahyude
turnip,n,hyude,singular.genitive,gahyude
turnip,n,hyude,singular.dative,hyudehi
turtle,n,yuha,singular.nominative,yuha
turtle,n,yuha,singular.accusative,idayuha
turtle,n,yuha,singular.genitive,gayuha
turtle,n,yuha,singular.dative,yuhahi
tusk,n,jibokuj,singular.nominative,jibokuj
tusk,n,jibokuj,singular.accusative,idajibokuj
tusk,n,jibokuj,singular.genitive,gajibokuj
tusk,n,jibokuj,singular.dative,jibokujahi
tweak,v,oseeus,indicative.present.3sg,oseeus
tweak,v,oseeus,imperative.present.3sg,oseeusa
tweak,v,oseeus,subjunctive.present.3sg,oseeusapo
tweak,v,oseeus,conditional.present.3sg,oseeusad
twelve,num,hadodo,singular.nominative,hadodo
twelve,num,hadodo,singular.accusative,idahadodo
twelve,num,hadodo,singular.genitive,gahadodo
twelve,num,hadodo,singular.dative,hadodohi
twenty,num,keni,singular.nominative,keni
twenty,num,keni,singular.accusative,idakeni
twenty,num,keni,singular.genitive,gakeni
twenty,num,keni,singular.dative,kenihi
twilight,n,momasub,singular.nominative,momasub
twilight,n,momasub,singular.accusative,idamomasub
twilight,n,momasub,singular.genitive,gamomasub
twilight,n,momasub,singular.dative,momasubahi
twine,n,geng,singular.nominative,geng
twine,n,geng,singular.accusative,idageng
twine,n,geng,singular.genitive,geng
twine,n,geng,singular.dative,gengahi
twist,v,juja,indicative.present.3sg,juja
twist,v,juja,imperative.present.3sg,juja
twist,v,juja,subjunctive.present.3sg,jujapo
twist,v,juja,conditional.present.3sg,jujad
twisted,adj,karanba,positive,karanba
twisted,adj,karanba,comparative,zon karanba
twisted,adj,karanba,superlative,yafuntt karanba
twitch,v,osem,indicative.present.3sg,osem
twitch,v,osem,imperative.present.3sg,osema
twitch,v,osem,subjunctive.present.3sg,osemapo
twitch,v,osem,conditional.present.3sg,osemad
two-handed sword,n,samasho,singular.nominative,samasho
two-handed sword,n,samasho,singular.accusative,idasamasho
two-handed sword,n,samasho,singular.genitive,gasamasho
two-handed sword,n,samasho,singular.dative,samashohi
two,num,dedarom,singular.nominative,dedarom
two,num,dedarom,singular.accusative,idedarom
two,num,dedarom,singular.genitive,gadedarom
two,num,dedarom,singular.dative,dedaromahi
type,n,deijuge,singular.nominative,deijuge
type,n,deijuge,singular.accusative,ideijuge
type,n,deijuge,singular.genitive,gadeijuge
type,n,deijuge,singular.dative,deijugehi
ugly,adj,guono,positive,guono
ugly,adj,guono,comparative,zon guono
ugly,adj,guono,superlative,yafuntt guono
ultramarine,adj,denyude,positive,denyude
ultramarine,adj,denyude,comparative,zon denyude
ultramarine,adj,denyude,superlative,yafuntt denyude
umbrella,n,kachita,singular.nominative,kachita
umbrella,n,kachita,singular.accusative,idakachita
umbrella,n,kachita,singular.genitive,gakachita
umbrella,n,kachita,singular.dative,kachitahi
unborn,adj,yahem,positive,yahem
unborn,adj,yahem,comparative,zon yahem
unborn,adj,yahem,superlative,yafuntt yahem
uncle,n,zesette,singular.nominative,zesette
uncle,n,zesette,singular.accusative,idazesette
uncle,n,zesette,singular.genitive,gazesette
uncle,n,zesette,singular.dative,zesettehi
uncover,v,opyuma,indicative.present.3sg,opyuma
uncover,v,opyuma,imperative.present.3sg,opyuma
uncover,v,opyuma,subjunctive.present.3sg,opyumapo
uncover,v,opyuma,conditional.present.3sg,opyumad
undead,adj,azudats,positive,azudats
undead,adj,azudats,comparative,zon azudats
undead,adj,azudats,superlative,yafuntt azudats
undead,n,chichaj,singular.nominative,chichaj
undead,n,chichaj,singular.accusative,idachichaj
undead,n,chichaj,singular.genitive,gachichaj
undead,n,chichaj,singular.dative,chichajahi
underscore,v,gupyo,indicative.present.3sg,gupyo
underscore,v,gupyo,imperative.present.3sg,gupyoa
underscore,v,gupyo,subjunctive.present.3sg,gupyopo
underscore,v,gupyo,conditional.present.3sg,gupyod
understand,v,ozugyam,indicative.present.3sg,ozugyam
understand,v,ozugyam,imperative.present.3sg,ozugyama
understand,v,ozugyam,subjunctive.present.3sg,ozugyamapo
understand,v,ozugyam,conditional.present.3sg,ozugyamad
underwear,n,shienhe,singular.nominative,shienhe
underwear,n,shienhe,singular.accusative,idashienhe
underwear,n,shienhe,singular.genitive,gashienhe
underwear,n,shienhe,singular.dative,shienhehi
unfortunate,adj,noto,positive,noto
unfortunate,adj,noto,comparative,zon noto
unfortunate,adj,noto,superlative,yafuntt noto
unicorn,n,homang,singular.nominative,homang
unicorn,n,homang,singular.accusative,idahomang
unicorn,n,homang,singular.genitive,gahomang
unicorn,n,homang,singular.dative,homangahi
uniform,n,myaopya,singular.nominative,myaopya
uniform,n,myaopya,singular.accusative,idamyaopya
uniform,n,myaopya,singular.genitive,gamyaopya
uniform,n,myaopya,singular.dative,myaopyahi
unit,n,aribyop,singular.nominative,aribyop
unit,n,aribyop,singular.accusative,idaribyop
unit,n,aribyop,singular.genitive,garibyop
unit,n,aribyop,singular.dative,aribyopahi
unity,n,chitta,singular.nominative,chitta
unity,n,chitta,singular.accusative,idachitta
unity,n,chitta,singular.genitive,gachitta
unity,n,chitta,singular.dative,chittahi
universe,n,soryaji,singular.nominative,soryaji
universe,n,soryaji,singular.accusative,idasoryaji
universe,n,soryaji,singular.genitive,gasoryaji
universe,n,soryaji,singular.dative,soryajihi
university,n,izumono,singular.nominative,izumono
university,n,izumono,singular.accusative,idizumono
university,n,izumono,singular.genitive,gizumono
university,n,izumono,singular.dative,izumonohi
unlock,v,sokesu,indicative.present.3sg,sokesu
unlock,v,sokesu,imperative.present.3sg,sokesua
unlock,v,sokesu,subjunctive.present.3sg,sokesupo
unlock,v,sokesu,conditional.present.3sg,sokesud
unseen,adj,aryosat,positive,aryosat
unseen,adj,aryosat,comparative,zon aryosat
unseen,adj,aryosat,superlative,yafuntt aryosat
untie,v,odatar,indicative.present.3sg,odatar
untie,v,odatar,imperative.present.3sg,odatara
untie,v,odatar,subjunctive.present.3sg,odatarapo
untie,v,odatar,conditional.present.3sg,odatarad
unwell,adj,antedes,positive,antedes
unwell,adj,antedes,comparative,zon antedes
unwell,adj,antedes,superlative,yafuntt antedes
update,n,byajima,singular.nominative,byajima
update,n,byajima,singular.accusative,idabyajima
update,n,byajima,singular.genitive,gabyajima
update,n,byajima,singular.dative,byajimahi
upper class,n,bamasub,singular.nominative,bamasub
upper class,n,bamasub,singular.accusative,idabamasub
upper class,n,bamasub,singular.genitive,gabamasub
upper class,n,bamasub,singular.dative,bamasubahi
upset,adj,zuptuso,positive,zuptuso
upset,adj,zuptuso,comparative,zon zuptuso
upset,adj,zuptuso,superlative,yafuntt zuptuso
urge,n,hattafu,singular.nominative,hattafu
urge,n,hattafu,singular.accusative,idahattafu
urge,n,hattafu,singular.genitive,gahattafu
urge,n,hattafu,singular.dative,hattafuhi
urgent,adj,doadasu,positive,doadasu
urgent,adj,doadasu,comparative,zon doadasu
urgent,adj,doadasu,superlative,yafuntt doadasu
urine,n,mongya,singular.nominative,mongya
urine,n,mongya,singular.accusative,idamongya
urine,n,mongya,singular.genitive,gamongya
urine,n,mongya,singular.dative,mongyahi
urn,n,yozuoru,singular.nominative,yozuoru
urn,n,yozuoru,singular.accusative,idayozuoru
urn,n,yozuoru,singular.genitive,gayozuoru
urn,n,yozuoru,singular.dative,yozuoruhi
use,v,hitoru,indicative.present.3sg,hitoru
use,v,hitoru,imperative.present.3sg,hitorua
use,v,hitoru,subjunctive.present.3sg,hitorupo
use,v,hitoru,conditional.present.3sg,hitorud
useful,adj,pyayata,positive,pyayata
useful,adj,pyayata,comparative,zon pyayata
useful,adj,pyayata,superlative,yafuntt pyayata
usher,v,karito,indicative.present.3sg,karito
usher,v,karito,imperative.present.3sg,karitoa
usher,v,karito,subjunctive.present.3sg,karitopo
usher,v,karito,conditional.present.3sg,karitod
using,v,hatased,indicative.present.3sg,hatased
using,v,hatased,imperative.present.3sg,hataseda
using,v,hatased,subjunctive.present.3sg,hatasedapo
using,v,hatased,conditional.present.3sg,hatased
vacant,adj,degyo,positive,degyo
vacant,adj,degyo,comparative,zon degyo
vacant,adj,degyo,superlative,yafuntt degyo
vacation,n,fubito,singular.nominative,fubito
vacation,n,fubito,singular.accusative,idafubito
vacation,n,fubito,singular.genitive,gafubito
vacation,n,fubito,singular.dative,fubitohi
vagina,n,zarayut,singular.nominative,zarayut
vagina,n,zarayut,singular.accusative,idazarayut
vagina,n,zarayut,singular.genitive,gazarayut
vagina,n,zarayut,singular.dative,zarayutahi
vague,adj,debyoda,positive,debyoda
vague,adj,debyoda,comparative,zon debyoda
vague,adj,debyoda,superlative,yafuntt debyoda
valet,n,wogyuyu,singular.nominative,wogyuyu
valet,n,wogyuyu,singular.accusative,idawogyuyu
valet,n,wogyuyu,singular.genitive,gawogyuyu
valet,n,wogyuyu,singular.dative,wogyuyuhi
valid,adj,yaroo,positive,yaroo
valid,adj,yaroo,comparative,zon yaroo
valid,adj,yaroo,superlative,yafuntt yaroo
validate,v,gyamo,indicative.present.3sg,gyamo
validate,v,gyamo,imperative.present.3sg,gyamoa
validate,v,gyamo,subjunctive.present.3sg,gyamopo
validate,v,gyamo,conditional.present.3sg,gyamod
valley,n,dos,singular.nominative,dos
valley,n,dos,singular.accusative,idos
valley,n,dos,singular.genitive,gados
valley,n,dos,singular.dative,dosahi
value,n,quodo,singular.nominative,quodo
value,n,quodo,singular.accusative,idaquodo
value,n,quodo,singular.genitive,gaquodo
value,n,quodo,singular.dative,quodohi
valve,n,zarota,singular.nominative,zarota
valve,n,zarota,singular.accusative,idazarota
valve,n,zarota,singular.genitive,gazarota
valve,n,zarota,singular.dative,zarotahi
vampire,n,damasi,singular.nominative,damasi
vampire,n,damasi,singular.accusative,idamasi
vampire,n,damasi,singular.genitive,gadamasi
vampire,n,damasi,singular.dative,damasihi
vanilla,n,shamasi,singular.nominative,shamasi
vanilla,n,shamasi,singular.accusative,idashamasi
vanilla,n,shamasi,singular.genitive,gashamasi
vanilla,n,shamasi,singular.dative,shamasihi
vapor,n,jont,singular.nominative,jont
vapor,n,jont,singular.accusative,idajont
vapor,n,jont,singular.genitive,gajont
vapor,n,jont,singular.dative,jontahi
variable,n,wakinai,singular.nominative,wakinai
variable,n,wakinai,singular.accusative,idawakinai
variable,n,wakinai,singular.genitive,gawakinai
variable,n,wakinai,singular.dative,wakinaihi
various,adj,ochitte,positive,ochitte
various,adj,ochitte,comparative,zon ochitte
various,adj,ochitte,superlative,yafuntt ochitte
vary,v,nattese,indicative.present.3sg,nattese
vary,v,nattese,imperative.present.3sg,nattesea
vary,v,nattese,subjunctive.present.3sg,nattesepo
vary,v,nattese,conditional.present.3sg,nattesed
vase,n,kyosu,singular.nominative,kyosu
vase,n,kyosu,singular.accusative,idakyosu
vase,n,kyosu,singular.genitive,gakyosu
vase,n,kyosu,singular.dative,kyosuhi
vassal,n,kyajiwo,singular.nominative,kyajiwo
vassal,n,kyajiwo,singular.accusative,idakyajiwo
vassal,n,kyajiwo,singular.genitive,gakyajiwo
vassal,n,kyajiwo,singular.dative,kyajiwohi
veal,n,hyubyuj,singular.nominative,hyubyuj
veal,n,hyubyuj,singular.accusative,idahyubyuj
veal,n,hyubyuj,singular.genitive,gahyubyuj
veal,n,hyubyuj,singular.dative,hyubyujahi
vegetable,n,wazumas,singular.nominative,wazumas
vegetable,n,wazumas,singular.accusative,idawazumas
vegetable,n,wazumas,singular.genitive,gawazumas
vegetable,n,wazumas,singular.dative,wazumasahi
vehicle,n,deshaji,singular.nominative,deshaji
vehicle,n,deshaji,singular.accusative,ideshaji
vehicle,n,deshaji,singular.genitive,gadeshaji
vehicle,n,deshaji,singular.dative,deshajihi
veil,n,kyoeuzo,singular.nominative,kyoeuzo
veil,n,kyoeuzo,singular.accusative,idakyoeuzo
veil,n,kyoeuzo,singular.genitive,gakyoeuzo
veil,n,kyoeuzo,singular.dative,kyoeuzohi
vein,n,nimiuya,singular.nominative,nimiuya
vein,n,nimiuya,singular.accusative,idanimiuya
vein,n,nimiuya,singular.genitive,ganimiuya
vein,n,nimiuya,singular.dative,nimiuyahi
vellum,n,gyazuhy,singular.nominative,gyazuhy
vellum,n,gyazuhy,singular.accusative,idagyazuhy
vellum,n,gyazuhy,singular.genitive,gayazuhy
vellum,n,gyazuhy,singular.dative,gyazuhyahi
velocity,n,honbyu,singular.nominative,honbyu
velocity,n,honbyu,singular.accusative,idahonbyu
velocity,n,honbyu,singular.genitive,gahonbyu
velocity,n,honbyu,singular.dative,honbyuhi
velvet,n,kariant,singular.nominative,kariant
velvet,n,kariant,singular.accusative,idakariant
velvet,n,kariant,singular.genitive,gakariant
velvet,n,kariant,singular.dative,kariantahi
veneer,n,zupimas,singular.nominative,zupimas
veneer,n,zupimas,singular.accusative,idazupimas
veneer,n,zupimas,singular.genitive,gazupimas
veneer,n,zupimas,singular.dative,zupimasahi
venison,n,domyu,singular.nominative,domyu
venison,n,domyu,singular.accusative,idomyu
venison,n,domyu,singular.genitive,gadomyu
venison,n,domyu,singular.dative,domyuhi
venom,n,jayo,singular.nominative,jayo
venom,n,jayo,singular.accusative,idajayo
venom,n,jayo,singular.genitive,gajayo
venom,n,jayo,singular.dative,jayohi
vent,n,yumaso,singular.nominative,yumaso
vent,n,yumaso,singular.accusative,idayumaso
vent,n,yumaso,singular.genitive,gayumaso
vent,n,yumaso,singular.dative,yumasohi
ventriloquism,n,yamasi,singular.nominative,yamasi
ventriloquism,n,yamasi,singular.accusative,idayamasi
ventriloquism,n,yamasi,singular.genitive,gayamasi
ventriloquism,n,yamasi,singular.dative,yamasihi
venue,n,pis,singular.nominative,pis
venue,n,pis,singular.accusative,idapis
venue,n,pis,singular.genitive,gapis
venue,n,pis,singular.dative,pisahi
veranda,n,watudo,singular.nominative,watudo
veranda,n,watudo,singular.accusative,idawatudo
veranda,n,watudo,singular.genitive,gawatudo
veranda,n,watudo,singular.dative,watudohi
verge,n,dattenz,singular.nominative,dattenz
verge,n,dattenz,singular.accusative,idattenz
verge,n,dattenz,singular.genitive,gadattenz
verge,n,dattenz,singular.dative,dattenzahi
verify,v,kmasu,indicative.present.3sg,kmasu
verify,v,kmasu,imperative.present.3sg,kmasua
verify,v,kmasu,subjunctive.present.3sg,kmasupo
verify,v,kmasu,conditional.present.3sg,kmasud
verse,n,otta,singular.nominative,otta
verse,n,otta,singular.accusative,idotta
verse,n,otta,singular.genitive,gotta
verse,n,otta,singular.dative,ottahi
vertical,adj,kyani,positive,kyani
vertical,adj,kyani,comparative,zon kyani
vertical,adj,kyani,superlative,yafuntt kyani
vest,n,byopatt,singular.nominative,byopatt
vest,n,byopatt,singular.accusative,idabyopatt
vest,n,byopatt,singular.genitive,gabyopatt
vest,n,byopatt,singular.dative,byopattahi
veteran,n,wohegya,singular.nominative,wohegya
veteran,n,wohegya,singular.accusative,idawohegya
veteran,n,wohegya,singular.genitive,gawohegya
veteran,n,wohegya,singular.dative,wohegyahi
veto,v,byoguno,indicative.present.3sg,byoguno
veto,v,byoguno,imperative.present.3sg,byogunoa
veto,v,byoguno,subjunctive.present.3sg,byogunopo
veto,v,byoguno,conditional.present.3sg,byogunod
viable,adj,kanahet,positive,kanahet
viable,adj,kanahet,comparative,zon kanahet
viable,adj,kanahet,superlative,yafuntt kanahet
vial,n,naranya,singular.nominative,naranya
vial,n,naranya,singular.accusative,idanaranya
vial,n,naranya,singular.genitive,ganaranya
vial,n,naranya,singular.dative,naranyahi
vibrant,adj,naryoa,positive,naryoa
vibrant,adj,naryoa,comparative,zon naryoa
vibrant,adj,naryoa,superlative,yafuntt naryoa
vibrate,v,patosu,indicative.present.3sg,patosu
vibrate,v,patosu,imperative.present.3sg,patosua
vibrate,v,patosu,subjunctive.present.3sg,patosupo
vibrate,v,patosu,conditional.present.3sg,patosud
vicious,adj,popemyu,positive,popemyu
vicious,adj,popemyu,comparative,zon popemyu
vicious,adj,popemyu,superlative,yafuntt popemyu
victim,n,damanai,singular.nominative,damanai
victim,n,damanai,singular.accusative,idamanai
victim,n,damanai,singular.genitive,gadamanai
victim,n,damanai,singular.dative,damanaihi
victory,n,yuku,singular.nominative,yuku
victory,n,yuku,singular.accusative,idayuku
victory,n,yuku,singular.genitive,gayuku
victory,n,yuku,singular.dative,yukuhi
view,n,zuhoyod,singular.nominative,zuhoyod
view,n,zuhoyod,singular.accusative,idazuhoyod
view,n,zuhoyod,singular.genitive,gazuhoyod
view,n,zuhoyod,singular.dative,zuhoyodahi
vigorous,adj,komakin,positive,komakin
vigorous,adj,komakin,comparative,zon komakin
vigorous,adj,komakin,superlative,yafuntt komakin
village,n,saja,singular.nominative,saja
village,n,saja,singular.accusative,idasaja
village,n,saja,singular.genitive,gasaja
village,n,saja,singular.dative,sajahi
villain,n,nakinma,singular.nominative,nakinma
villain,n,nakinma,singular.accusative,idanakinma
villain,n,nakinma,singular.genitive,ganakinma
villain,n,nakinma,singular.dative,nakinmahi
vindicate,v,ryuchim,indicative.present.3sg,ryuchim
vindicate,v,ryuchim,imperative.present.3sg,ryuchima
vindicate,v,ryuchim,subjunctive.present.3sg,ryuchimapo
vindicate,v,ryuchim,conditional.present.3sg,ryuchimad
vine,n,zudicen,singular.nominative,zudicen
vine,n,zudicen,singular.accusative,idazudicen
vine,n,zudicen,singular.genitive,gazudicen
vine,n,zudicen,singular.dative,zudicenahi
vinegar,n,hodatak,singular.nominative,hodatak
vinegar,n,hodatak,singular.accusative,idahodatak
vinegar,n,hodatak,singular.genitive,gahodatak
vinegar,n,hodatak,singular.dative,hodatakahi
vintage,n,yujudar,singular.nominative,yujudar
vintage,n,yujudar,singular.accusative,idayujudar
vintage,n,yujudar,singular.genitive,gayujudar
vintage,n,yujudar,singular.dative,yujudarahi
viol,n,rimuzua,singular.nominative,rimuzua
viol,n,rimuzua,singular.accusative,idarimuzua
viol,n,rimuzua,singular.genitive,garimuzua
viol,n,rimuzua,singular.dative,rimuzuahi
violate,v,ehowo,indicative.present.3sg,ehowo
violate,v,ehowo,imperative.present.3sg,ehowoa
violate,v,ehowo,subjunctive.present.3sg,ehowopo
violate,v,ehowo,conditional.present.3sg,ehowod
violent,adj,mochoru,positive,mochoru
violent,adj,mochoru,comparative,zon mochoru
violent,adj,mochoru,superlative,yafuntt mochoru
violin,n,kyure,singular.nominative,kyure
violin,n,kyure,singular.accusative,idakyure
violin,n,kyure,singular.genitive,gakyure
violin,n,kyure,singular.dative,kyurehi
virility,n,chouja,singular.nominative,chouja
virility,n,chouja,singular.accusative,idachouja
virility,n,chouja,singular.genitive,gachouja
virility,n,chouja,singular.dative,choujahi
visa,n,ohyu,singular.nominative,ohyu
visa,n,ohyu,singular.accusative,idohyu
visa,n,ohyu,singular.genitive,gohyu
visa,n,ohyu,singular.dative,ohyuhi
vision,n,hyobyod,singular.nominative,hyobyod
vision,n,hyobyod,singular.accusative,idahyobyod
vision,n,hyobyod,singular.genitive,gahyobyod
vision,n,hyobyod,singular.dative,hyobyodahi
visit,v,adattau,indicative.present.3sg,adattau
visit,v,adattau,imperative.present.3sg,adattaua
visit,v,adattau,subjunctive.present.3sg,adattaupo
visit,v,adattau,conditional.present.3sg,adattaud
visitation,n,fere,singular.nominative,fere
visitation,n,fere,singular.accusative,idafere
visitation,n,fere,singular.genitive,gafere
visitation,n,fere,singular.dative,ferehi
visual,adj,utte,positive,utte
visual,adj,utte,comparative,zon utte
visual,adj,utte,superlative,yafuntt utte
vivid,adj,jichatt,positive,jichatt
vivid,adj,jichatt,comparative,zon jichatt
vivid,adj,jichatt,superlative,yafuntt jichatt
vocabulary,n,hezenai,singular.nominative,hezenai
vocabulary,n,hezenai,singular.accusative,idahezenai
vocabulary,n,hezenai,singular.genitive,gahezenai
vocabulary,n,hezenai,singular.dative,hezenaihi
voice,n,yawa,singular.nominative,yawa
voice,n,yawa,singular.accusative,idayawa
voice,n,yawa,singular.genitive,gayawa
voice,n,yawa,singular.dative,yawahi
void,n,jaozu,singular.nominative,jaozu
void,n,jaozu,singular.accusative,idajaozu
void,n,jaozu,singular.genitive,gajaozu
void,n,jaozu,singular.dative,jaozuhi
volatile,adj,aribyum,positive,aribyum
volatile,adj,aribyum,comparative,zon aribyum
volatile,adj,aribyum,superlative,yafuntt aribyum
volcano,n,yaeru,singular.nominative,yaeru
volcano,n,yaeru,singular.accusative,idayaeru
volcano,n,yaeru,singular.genitive,gayaeru
volcano,n,yaeru,singular.dative,yaeruhi
vole,n,hyohasu,singular.nominative,hyohasu
vole,n,hyohasu,singular.accusative,idahyohasu
vole,n,hyohasu,singular.genitive,gahyohasu
vole,n,hyohasu,singular.dative,hyohasuhi
volume,n,kottara,singular.nominative,kottara
volume,n,kottara,singular.accusative,idakottara
volume,n,kottara,singular.genitive,gakottara
volume,n,kottara,singular.dative,kottarahi
volunteer,v,fue,indicative.present.3sg,fue
volunteer,v,fue,imperative.present.3sg,fuea
volunteer,v,fue,subjunctive.present.3sg,fuepo
volunteer,v,fue,conditional.present.3sg,fued
vomit,v,podatsu,indicative.present.3sg,podatsu
vomit,v,podatsu,imperative.present.3sg,podatsua
vomit,v,podatsu,subjunctive.present.3sg,podatsupo
vomit,v,podatsu,conditional.present.3sg,podatsud
vortex,n,kes,singular.nominative,kes
vortex,n,kes,singular.accusative,idakes
vortex,n,kes,singular.genitive,gakes
vortex,n,kes,singular.dative,kesahi
vote,v,destuna,indicative.present.3sg,destuna
vote,v,destuna,imperative.present.3sg,destuna
vote,v,destuna,subjunctive.present.3sg,destunapo
vote,v,destuna,conditional.present.3sg,destunad
voucher,n,yutemas,singular.nominative,yutemas
voucher,n,yutemas,singular.accusative,idayutemas
voucher,n,yutemas,singular.genitive,gayutemas
voucher,n,yutemas,singular.dative,yutemasahi
vow,v,buru,indicative.present.3sg,buru
vow,v,buru,imperative.present.3sg,burua
vow,v,buru,subjunctive.present.3sg,burupo
vow,v,buru,conditional.present.3sg,burud
voyage,n,shod,singular.nominative,shod
voyage,n,shod,singular.accusative,idashod
voyage,n,shod,singular.genitive,gashod
voyage,n,shod,singular.dative,shodahi
vulgar,adj,lutta,positive,lutta
vulgar,adj,lutta,comparative,zon lutta
vulgar,adj,lutta,superlative,yafuntt lutta
vulture,n,heeruyu,singular.nominative,heeruyu
vulture,n,heeruyu,singular.accusative,idaheeruyu
vulture,n,heeruyu,singular.genitive,gaheeruyu
vulture,n,heeruyu,singular.dative,heeruyuhi
wacky,adj,deshifu,positive,deshifu
wacky,adj,deshifu,comparative,zon deshifu
wacky,adj,deshifu,superlative,yafuntt deshifu
wade,v,zahochi,indicative.present.3sg,zahochi
wade,v,zahochi,imperative.present.3sg,zahochia
wade,v,zahochi,subjunctive.present.3sg,zahochipo
wade,v,zahochi,conditional.present.3sg,zahochid
wage,n,shiamas,singular.nominative,shiamas
wage,n,shiamas,singular.accusative,idashiamas
wage,n,shiamas,singular.genitive,gashiamas
wage,n,shiamas,singular.dative,shiamasahi
wagon,n,watarim,singular.nominative,watarim
wagon,n,watarim,singular.accusative,idawatarim
wagon,n,watarim,singular.genitive,gawatarim
wagon,n,watarim,singular.dative,watarimahi
waist,n,kyachod,singular.nominative,kyachod
waist,n,kyachod,singular.accusative,idakyachod
waist,n,kyachod,singular.genitive,gakyachod
waist,n,kyachod,singular.dative,kyachodahi
wait,v,sosaze,indicative.present.3sg,sosaze
wait,v,sosaze,imperative.present.3sg,sosazea
wait,v,sosaze,subjunctive.present.3sg,sosazepo
wait,v,sosaze,conditional.present.3sg,sosazed
waiter,n,kanaroo,singular.nominative,kanaroo
waiter,n,kanaroo,singular.accusative,idakanaroo
waiter,n,kanaroo,singular.genitive,gakanaroo
waiter,n,kanaroo,singular.dative,kanaroohi
wake,v,nakisu,indicative.present.3sg,nakisu
wake,v,nakisu,imperative.present.3sg,nakisua
wake,v,nakisu,subjunctive.present.3sg,nakisupo
wake,v,nakisu,conditional.present.3sg,nakisud
walk,v,pere,indicative.present.3sg,pere
walk,v,pere,imperative.present.3sg,perea
walk,v,pere,subjunctive.present.3sg,perepo
walk,v,pere,conditional.present.3sg,pered
walking,n,hyojapy,singular.nominative,hyojapy
walking,n,hyojapy,singular.accusative,idahyojapy
walking,n,hyojapy,singular.genitive,gahyojapy
walking,n,hyojapy,singular.dative,hyojapyahi
wall,n,geroo,singular.nominative,geroo
wall,n,geroo,singular.accusative,idageroo
wall,n,geroo,singular.genitive,geroo
wall,n,geroo,singular.dative,geroohi
wallet,n,bunkoto,singular.nominative,bunkoto
wallet,n,bunkoto,singular.accusative,idabunkoto
wallet,n,bunkoto,singular.genitive,gabunkoto
wallet,n,bunkoto,singular.dative,bunkotohi
walnut,n,arte,singular.nominative,arte
walnut,n,arte,singular.accusative,idarte
walnut,n,arte,singular.genitive,garte
walnut,n,arte,singular.dative,artehi
wand,n,myanara,singular.nominative,myanara
wand,n,myanara,singular.accusative,idamyanara
wand,n,myanara,singular.genitive,gamyanara
wand,n,myanara,singular.dative,myanarahi
wander,v,osali,indicative.present.3sg,osali
wander,v,osali,imperative.present.3sg,osalia
wander,v,osali,subjunctive.present.3sg,osalipo
wander,v,osali,conditional.present.3sg,osalid
wands,n,dasutte,singular.nominative,dasutte
wands,n,dasutte,singular.accusative,idasutte
wands,n,dasutte,singular.genitive,gadasutte
wands,n,dasutte,singular.dative,dasuttehi
want,v,zezofer,indicative.present.3sg,zezofer
want,v,zezofer,imperative.present.3sg,zezofera
want,v,zezofer,subjunctive.present.3sg,zezoferapo
want,v,zezofer,conditional.present.3sg,zezoferad
war,n,goge,singular.nominative,goge
war,n,goge,singular.accusative,idagoge
war,n,goge,singular.genitive,goge
war,n,goge,singular.dative,gogehi
ward,n,jifuido,singular.nominative,jifuido
ward,n,jifuido,singular.accusative,idajifuido
ward,n,jifuido,singular.genitive,gajifuido
ward,n,jifuido,singular.dative,jifuidohi
ward,v,nede,indicative.present.3sg,nede
ward,v,nede,imperative.present.3sg,nedea
ward,v,nede,subjunctive.present.3sg,nedepo
ward,v,nede,conditional.present.3sg,neded
warding,n,gyagom,singular.nominative,gyagom
warding,n,gyagom,singular.accusative,idagyagom
warding,n,gyagom,singular.genitive,gayagom
warding,n,gyagom,singular.dative,gyagomahi
wardrobe,n,jiete,singular.nominative,jiete
wardrobe,n,jiete,singular.accusative,idajiete
wardrobe,n,jiete,singular.genitive,gajiete
wardrobe,n,jiete,singular.dative,jietehi
wardship,n,otafun,singular.nominative,otafun
wardship,n,otafun,singular.accusative,idotafun
wardship,n,otafun,singular.genitive,gotafun
wardship,n,otafun,singular.dative,otafunahi
warhammer,n,jano,singular.nominative,jano
warhammer,n,jano,singular.accusative,idajano
warhammer,n,jano,singular.genitive,gajano
warhammer,n,jano,singular.dative,janohi
warlock,n,hosepis,singular.nominative,hosepis
warlock,n,hosepis,singular.accusative,idahosepis
warlock,n,hosepis,singular.genitive,gahosepis
warlock,n,hosepis,singular.dative,hosepisahi
warm,adj,judata,positive,judata
warm,adj,judata,comparative,zon judata
warm,adj,judata,superlative,yafuntt judata
warn,v,gohahe,indicative.present.3sg,gohahe
warn,v,gohahe,imperative.present.3sg,gohahea
warn,v,gohahe,subjunctive.present.3sg,gohahepo
warn,v,gohahe,conditional.present.3sg,gohahed
warping,v,mona,indicative.present.3sg,mona
warping,v,mona,imperative.present.3sg,mona
warping,v,mona,subjunctive.present.3sg,monapo
warping,v,mona,conditional.present.3sg,monad
warrant,n,myuzoto,singular.nominative,myuzoto
warrant,n,myuzoto,singular.accusative,idamyuzoto
warrant,n,myuzoto,singular.genitive,gamyuzoto
warrant,n,myuzoto,singular.dative,myuzotohi
wary,adj,antte,positive,antte
wary,adj,antte,comparative,zon antte
wary,adj,antte,superlative,yafuntt antte
wash,v,nen,indicative.present.3sg,nen
wash,v,nen,imperative.present.3sg,nena
wash,v,nen,subjunctive.present.3sg,nenapo
wash,v,nen,conditional.present.3sg,nenad
waste,v,tohedas,indicative.present.3sg,tohedas
waste,v,tohedas,imperative.present.3sg,tohedasa
waste,v,tohedas,subjunctive.present.3sg,tohedasapo
waste,v,tohedas,conditional.present.3sg,tohedasad
wasting,n,zunshin,singular.nominative,zunshin
wasting,n,zunshin,singular.accusative,idazunshin
wasting,n,zunshin,singular.genitive,gazunshin
wasting,n,zunshin,singular.dative,zunshinahi
watch,v,bokyofu,indicative.present.3sg,bokyofu
watch,v,bokyofu,imperative.present.3sg,bokyofua
watch,v,bokyofu,subjunctive.present.3sg,bokyofupo
watch,v,bokyofu,conditional.present.3sg,bokyofud
water,n,ojushi,singular.nominative,ojushi
water,n,ojushi,singular.accusative,idojushi
water,n,ojushi,singular.genitive,gojushi
water,n,ojushi,singular.dative,ojushihi
watercress,n,shinjim,singular.nominative,shinjim
watercress,n,shinjim,singular.accusative,idashinjim
watercress,n,shinjim,singular.genitive,gashinjim
watercress,n,shinjim,singular.dative,shinjimahi
waterfall,n,gochi,singular.nominative,gochi
waterfall,n,gochi,singular.accusative,idagochi
waterfall,n,gochi,singular.genitive,gochi
waterfall,n,gochi,singular.dative,gochihi
waterskin,n,harapon,singular.nominative,harapon
waterskin,n,harapon,singular.accusative,idaharapon
waterskin,n,harapon,singular.genitive,gaharapon
waterskin,n,harapon,singular.dative,haraponahi
wave (ocean),n,dobenky,singular.nominative,dobenky
wave (ocean),n,dobenky,singular.accusative,idobenky
wave (ocean),n,dobenky,singular.genitive,gadobenky
wave (ocean),n,dobenky,singular.dative,dobenkyahi
wave (salutation),v,gonai,indicative.present.3sg,gonai
wave (salutation),v,gonai,imperative.present.3sg,gonaia
wave (salutation),v,gonai,subjunctive.present.3sg,gonaipo
wave (salutation),v,gonai,conditional.present.3sg,gonaid
wave,n,hehazom,singular.nominative,hehazom
wave,n,hehazom,singular.accusative,idahehazom
wave,n,hehazom,singular.genitive,gahehazom
wave,n,hehazom,singular.dative,hehazomahi
wax,n,ibuide,singular.nominative,ibuide
wax,n,ibuide,singular.accusative,idibuide
wax,n,ibuide,singular.genitive,gibuide
wax,n,ibuide,singular.dative,ibuidehi
waxed,adj,anaran,positive,anaran
waxed,adj,anaran,comparative,zon anaran
waxed,adj,anaran,superlative,yafuntt anaran
way,n,sorimar,singular.nominative,sorimar
way,n,sorimar,singular.accusative,idasorimar
way,n,sorimar,singular.genitive,gasorimar
way,n,sorimar,singular.dative,sorimarahi
weak,adj,monarim,positive,monarim
weak,adj,monarim,comparative,zon monarim
weak,adj,monarim,superlative,yafuntt monarim
wealth,n,hejuse,singular.nominative,hejuse
wealth,n,hejuse,singular.accusative,idahejuse
wealth,n,hejuse,singular.genitive,gahejuse
wealth,n,hejuse,singular.dative,hejusehi
wealthy,adj,wopetsu,positive,wopetsu
wealthy,adj,wopetsu,comparative,zon wopetsu
wealthy,adj,wopetsu,superlative,yafuntt wopetsu
weapon,n,atakidi,singular.nominative,atakidi
weapon,n,atakidi,singular.accusative,idatakidi
weapon,n,atakidi,singular.genitive,gatakidi
weapon,n,atakidi,singular.dative,atakidihi
wear,v,zanaki,indicative.present.3sg,zanaki
wear,v,zanaki,imperative.present.3sg,zanakia
wear,v,zanaki,subjunctive.present.3sg,zanakipo
wear,v,zanaki,conditional.present.3sg,zanakid
weasel,n,geyuhoy,singular.nominative,geyuhoy
weasel,n,geyuhoy,singular.accusative,idageyuhoy
weasel,n,geyuhoy,singular.genitive,geyuhoy
weasel,n,geyuhoy,singular.dative,geyuhoyahi
weather,n,nyojina,singular.nominative,nyojina
weather,n,nyojina,singular.accusative,idanyojina
weather,n,nyojina,singular.genitive,ganyojina
weather,n,nyojina,singular.dative,nyojinahi
weave,n,jomasu,singular.nominative,jomasu
weave,n,jomasu,singular.accusative,idajomasu
weave,n,jomasu,singular.genitive,gajomasu
weave,n,jomasu,singular.dative,jomasuhi
web,n,yaa,singular.nominative,yaa
web,n,yaa,singular.accusative,idayaa
web,n,yaa,singular.genitive,gayaa
web,n,yaa,singular.dative,yaahi
wedding,n,kotoamu,singular.nominative,kotoamu
wedding,n,kotoamu,singular.accusative,idakotoamu
wedding,n,kotoamu,singular.genitive,gakotoamu
wedding,n,kotoamu,singular.dative,kotoamuhi
wedge,n,autara,singular.nominative,autara
wedge,n,autara,singular.accusative,idautara
wedge,n,autara,singular.genitive,gautara
wedge,n,autara,singular.dative,autarahi
week,n,kisonpy,singular.nominative,kisonpy
week,n,kisonpy,singular.accusative,idakisonpy
week,n,kisonpy,singular.genitive,gakisonpy
week,n,kisonpy,singular.dative,kisonpyahi
weep,v,hetade,indicative.present.3sg,hetade
weep,v,hetade,imperative.present.3sg,hetadea
weep,v,hetade,subjunctive.present.3sg,hetadepo
weep,v,hetade,conditional.present.3sg,hetaded
weight,n,naranma,singular.nominative,naranma
weight,n,naranma,singular.accusative,idanaranma
weight,n,naranma,singular.genitive,ganaranma
weight,n,naranma,singular.dative,naranmahi
well,n,zahyu,singular.nominative,zahyu
well,n,zahyu,singular.accusative,idazahyu
well,n,zahyu,singular.genitive,gazahyu
well,n,zahyu,singular.dative,zahyuhi
were-creature,n,kyuhyo,singular.nominative,kyuhyo
were-creature,n,kyuhyo,singular.accusative,idakyuhyo
were-creature,n,kyuhyo,singular.genitive,gakyuhyo
were-creature,n,kyuhyo,singular.dative,kyuhyohi
west,n,modaryo,singular.nominative,modaryo
west,n,modaryo,singular.accusative,idamodaryo
west,n,modaryo,singular.genitive,gamodaryo
west,n,modaryo,singular.dative,modaryohi
wet,adj,deshina,positive,deshina
wet,adj,deshina,comparative,zon deshina
wet,adj,deshina,superlative,yafuntt deshina
whale,n,kudeema,singular.nominative,kudeema
whale,n,kudeema,singular.accusative,idakudeema
whale,n,kudeema,singular.genitive,gakudeema
whale,n,kudeema,singular.dative,kudeemahi
wheat,n,kazu,singular.nominative,kazu
wheat,n,kazu,singular.accusative,idakazu
wheat,n,kazu,singular.genitive,gakazu
wheat,n,kazu,singular.dative,kazuhi
wheel,n,deshama,singular.nominative,deshama
wheel,n,deshama,singular.accusative,ideshama
wheel,n,deshama,singular.genitive,gadeshama
wheel,n,deshama,singular.dative,deshamahi
wheelbarrow,n,nenyoso,singular.nominative,nenyoso
wheelbarrow,n,nenyoso,singular.accusative,idanenyoso
wheelbarrow,n,nenyoso,singular.genitive,ganenyoso
wheelbarrow,n,nenyoso,singular.dative,nenyosohi
whey,n,gopya,singular.nominative,gopya
whey,n,gopya,singular.accusative,idagopya
whey,n,gopya,singular.genitive,gopya
whey,n,gopya,singular.dative,gopyahi
whimsical,adj,moo,positive,moo
whimsical,adj,moo,comparative,zon moo
whimsical,adj,moo,superlative,yafuntt moo
whine,v,kotasuo,indicative.present.3sg,kotasuo
whine,v,kotasuo,imperative.present.3sg,kotasuoa
whine,v,kotasuo,subjunctive.present.3sg,kotasuopo
whine,v,kotasuo,conditional.present.3sg,kotasuod
whip,n,jissena,singular.nominative,jissena
whip,n,jissena,singular.accusative,idajissena
whip,n,jissena,singular.genitive,gajissena
whip,n,jissena,singular.dative,jissenahi
whirlwind,n,nayojih,singular.nominative,nayojih
whirlwind,n,nayojih,singular.accusative,idanayojih
whirlwind,n,nayojih,singular.genitive,ganayojih
whirlwind,n,nayojih,singular.dative,nayojihi
whisk,v,pre,indicative.present.3sg,pre
whisk,v,pre,imperative.present.3sg,prea
whisk,v,pre,subjunctive.present.3sg,prepo
whisk,v,pre,conditional.present.3sg,pred
whiskey,n,soyuzar,singular.nominative,soyuzar
whiskey,n,soyuzar,singular.accusative,idasoyuzar
whiskey,n,soyuzar,singular.genitive,gasoyuzar
whiskey,n,soyuzar,singular.dative,soyuzarahi
whisper,v,fludo,indicative.present.3sg,fludo
whisper,v,fludo,imperative.present.3sg,fludoa
whisper,v,fludo,subjunctive.present.3sg,fludopo
whisper,v,fludo,conditional.present.3sg,fludod
whistle,n,tohamer,singular.nominative,tohamer
whistle,n,tohamer,singular.accusative,idatohamer
whistle,n,tohamer,singular.genitive,gatohamer
whistle,n,tohamer,singular.dative,tohamerahi
whistle,v,zuno,indicative.present.3sg,zuno
whistle,v,zuno,imperative.present.3sg,zunoa
whistle,v,zuno,subjunctive.present.3sg,zunopo
whistle,v,zuno,conditional.present.3sg,zunod
white,adj,yasuito,positive,yasuito
white,adj,yasuito,comparative,zon yasuito
white,adj,yasuito,superlative,yafuntt yasuito
whitewash,n,henkasu,singular.nominative,henkasu
whitewash,n,henkasu,singular.accusative,idahenkasu
whitewash,n,henkasu,singular.genitive,gahenkasu
whitewash,n,henkasu,singular.dative,henkasuhi
whole wheat,adj,ogyasu,positive,ogyasu
whole wheat,adj,ogyasu,comparative,zon ogyasu
whole wheat,adj,ogyasu,superlative,yafuntt ogyasu
whole,adj,karange,positive,karange
whole,adj,karange,comparative,zon karange
whole,adj,karange,superlative,yafuntt karange
wholesome,adj,ryomasu,positive,ryomasu
wholesome,adj,ryomasu,comparative,zon ryomasu
wholesome,adj,ryomasu,superlative,yafuntt ryomasu
whore,n,yinatte,singular.nominative,yinatte
whore,n,yinatte,singular.accusative,idayinatte
whore,n,yinatte,singular.genitive,gayinatte
whore,n,yinatte,singular.dative,yinattehi
wide,adj,amasoto,positive,amasoto
wide,adj,amasoto,comparative,zon amasoto
wide,adj,amasoto,superlative,yafuntt amasoto
widow,n,otono,singular.nominative,otono
widow,n,otono,singular.accusative,idotono
widow,n,otono,singular.genitive,gotono
widow,n,otono,singular.dative,otonohi
wield,v,zensonu,indicative.present.3sg,zensonu
wield,v,zensonu,imperative.present.3sg,zensonua
wield,v,zensonu,subjunctive.present.3sg,zensonupo
wield,v,zensonu,conditional.present.3sg,zensonud
wife,n,ande,singular.nominative,ande
wife,n,ande,singular.accusative,idande
wife,n,ande,singular.genitive,gande
wife,n,ande,singular.dative,andehi
wild boar,n,suzames,singular.nominative,suzames
wild boar,n,suzames,singular.accusative,idasuzames
wild boar,n,suzames,singular.genitive,gasuzames
wild boar,n,suzames,singular.dative,suzamesahi
wilderness,n,uettepy,singular.nominative,uettepy
wilderness,n,uettepy,singular.accusative,iduettepy
wilderness,n,uettepy,singular.genitive,guettepy
wilderness,n,uettepy,singular.dative,uettepyahi
wildlife,n,ukyuyup,singular.nominative,ukyuyup
wildlife,n,ukyuyup,singular.accusative,idukyuyup
wildlife,n,ukyuyup,singular.genitive,gukyuyup
wildlife,n,ukyuyup,singular.dative,ukyuyupahi
will,n,hantta,singular.nominative,hantta
will,n,hantta,singular.accusative,idahantta
will,n,hantta,singular.genitive,gahantta
will,n,hantta,singular.dative,hanttahi
will,v,zahyada,indicative.present.3sg,zahyada
will,v,zahyada,imperative.present.3sg,zahyada
will,v,zahyada,subjunctive.present.3sg,zahyadapo
will,v,zahyada,conditional.present.3sg,zahyadad
wilt,v,abe,indicative.present.3sg,abe
wilt,v,abe,imperative.present.3sg,abea
wilt,v,abe,subjunctive.present.3sg,abepo
wilt,v,abe,conditional.present.3sg,abed
win,v,dasopyo,indicative.present.3sg,dasopyo
win,v,dasopyo,imperative.present.3sg,dasopyoa
win,v,dasopyo,subjunctive.present.3sg,dasopyopo
win,v,dasopyo,conditional.present.3sg,dasopyod
wind,n,isen,singular.nominative,isen
wind,n,isen,singular.accusative,idisen
wind,n,isen,singular.genitive,gisen
wind,n,isen,singular.dative,isenahi
wind,v,sedesse,indicative.present.3sg,sedesse
wind,v,sedesse,imperative.present.3sg,sedessea
wind,v,sedesse,subjunctive.present.3sg,sedessepo
wind,v,sedesse,conditional.present.3sg,sedessed
window,n,goado,singular.nominative,goado
window,n,goado,singular.accusative,idagoado
window,n,goado,singular.genitive,goado
window,n,goado,singular.dative,goadohi
wine,n,hodomyu,singular.nominative,hodomyu
wine,n,hodomyu,singular.accusative,idahodomyu
wine,n,hodomyu,singular.genitive,gahodomyu
wine,n,hodomyu,singular.dative,hodomyuhi
wineskin,n,hyuruhe,singular.nominative,hyuruhe
wineskin,n,hyuruhe,singular.accusative,idahyuruhe
wineskin,n,hyuruhe,singular.genitive,gahyuruhe
wineskin,n,hyuruhe,singular.dative,hyuruhehi
wing,n,nawo,singular.nominative,nawo
wing,n,nawo,singular.accusative,idanawo
wing,n,nawo,singular.genitive,ganawo
wing,n,nawo,singular.dative,nawohi
wink,v,dattega,indicative.present.3sg,dattega
wink,v,dattega,imperative.present.3sg,dattega
wink,v,dattega,subjunctive.present.3sg,dattegapo
wink,v,dattega,conditional.present.3sg,dattegad
winter,n,pepyahe,singular.nominative,pepyahe
winter,n,pepyahe,singular.accusative,idapepyahe
winter,n,pepyahe,singular.genitive,gapepyahe
winter,n,pepyahe,singular.dative,pepyahehi
wire,n,hahyuta,singular.nominative,hahyuta
wire,n,hahyuta,singular.accusative,idahahyuta
wire,n,hahyuta,singular.genitive,gahahyuta
wire,n,hahyuta,singular.dative,hahyutahi
wise,adj,gyaa,positive,gyaa
wise,adj,gyaa,comparative,zon gyaa
wise,adj,gyaa,superlative,yafuntt gyaa
wish,n,todasha,singular.nominative,todasha
wish,n,todasha,singular.accusative,idatodasha
wish,n,todasha,singular.genitive,gatodasha
wish,n,todasha,singular.dative,todashahi
wisteria,n,sad,singular.nominative,sad
wisteria,n,sad,singular.accusative,idasad
wisteria,n,sad,singular.genitive,gasad
wisteria,n,sad,singular.dative,sadahi
wit,n,esoha,singular.nominative,esoha
wit,n,esoha,singular.accusative,idesoha
wit,n,esoha,singular.genitive,gesoha
wit,n,esoha,singular.dative,esohahi
witch,n,sahezu,singular.nominative,sahezu
witch,n,sahezu,singular.accusative,idasahezu
witch,n,sahezu,singular.genitive,gasahezu
witch,n,sahezu,singular.dative,sahezuhi
withdraw,v,shifudi,indicative.present.3sg,shifudi
withdraw,v,shifudi,imperative.present.3sg,shifudia
withdraw,v,shifudi,subjunctive.present.3sg,shifudipo
withdraw,v,shifudi,conditional.present.3sg,shifudid
withstand,v,karitop,indicative.present.3sg,karitop
withstand,v,karitop,imperative.present.3sg,karitopa
withstand,v,karitop,subjunctive.present.3sg,karitopo
withstand,v,karitop,conditional.present.3sg,karitopad
witness,v,kotogih,indicative.present.3sg,kotogih
witness,v,kotogih,imperative.present.3sg,kotogiha
witness,v,kotogih,subjunctive.present.3sg,kotogihapo
witness,v,kotogih,conditional.present.3sg,kotogihad
wolf,n,wosete,singular.nominative,wosete
wolf,n,wosete,singular.accusative,idawosete
wolf,n,wosete,singular.genitive,gawosete
wolf,n,wosete,singular.dative,wosetehi
woman,n,wanyo,singular.nominative,wanyo
woman,n,wanyo,singular.accusative,idawanyo
woman,n,wanyo,singular.genitive,gawanyo
woman,n,wanyo,singular.dative,wanyohi
wonder,v,utenuma,indicative.present.3sg,utenuma
wonder,v,utenuma,imperative.present.3sg,utenuma
wonder,v,utenuma,subjunctive.present.3sg,utenumapo
wonder,v,utenuma,conditional.present.3sg,utenumad
wonderful,adj,sechuma,positive,sechuma
wonderful,adj,sechuma,comparative,zon sechuma
wonderful,adj,sechuma,superlative,yafuntt sechuma
wood-axe,n,mononai,singular.nominative,mononai
wood-axe,n,mononai,singular.accusative,idamononai
wood-axe,n,mononai,singular.genitive,gamononai
wood-axe,n,mononai,singular.dative,mononaihi
wood-chisel,n,dohe,singular.nominative,dohe
wood-chisel,n,dohe,singular.accusative,idohe
wood-chisel,n,dohe,singular.genitive,gadohe
wood-chisel,n,dohe,singular.dative,dohehi
wood-drill,n,hiyuhoh,singular.nominative,hiyuhoh
wood-drill,n,hiyuhoh,singular.accusative,idahiyuhoh
wood-drill,n,hiyuhoh,singular.genitive,gahiyuhoh
wood-drill,n,hiyuhoh,singular.dative,hiyuhohi
wood,n,wohehem,singular.nominative,wohehem
wood,n,wohehem,singular.accusative,idawohehem
wood,n,wohehem,singular.genitive,gawohehem
wood,n,wohehem,singular.dative,wohehemahi
wool,n,tsun,singular.nominative,tsun
wool,n,tsun,singular.accusative,idatsun
wool,n,tsun,singular.genitive,gatsun
wool,n,tsun,singular.dative,tsunahi
word,n,inzo,singular.nominative,inzo
word,n,inzo,singular.accusative,idinzo
word,n,inzo,singular.genitive,ginzo
word,n,inzo,singular.dative,inzohi
work,v,nakiwa,indicative.present.3sg,nakiwa
work,v,nakiwa,imperative.present.3sg,nakiwa
work,v,nakiwa,subjunctive.present.3sg,nakiwapo
work,v,nakiwa,conditional.present.3sg,nakiwad
workshop,n,rofudiu,singular.nominative,rofudiu
workshop,n,rofudiu,singular.accusative,idarofudiu
workshop,n,rofudiu,singular.genitive,garofudiu
workshop,n,rofudiu,singular.dative,rofudiuhi
world,n,shitte,singular.nominative,shitte
world,n,shitte,singular.accusative,idashitte
world,n,shitte,singular.genitive,gashitte
world,n,shitte,singular.dative,shittehi
worm,n,hyuzuru,singular.nominative,hyuzuru
worm,n,hyuzuru,singular.accusative,idahyuzuru
worm,n,hyuzuru,singular.genitive,gahyuzuru
worm,n,hyuzuru,singular.dative,hyuzuruhi
worry,v,oseent,indicative.present.3sg,oseent
worry,v,oseent,imperative.present.3sg,oseenta
worry,v,oseent,subjunctive.present.3sg,oseentapo
worry,v,oseent,conditional.present.3sg,oseentad
worship,v,zaku,indicative.present.3sg,zaku
worship,v,zaku,imperative.present.3sg,zakua
worship,v,zaku,subjunctive.present.3sg,zakupo
worship,v,zaku,conditional.present.3sg,zakud
worth,adj,otoidot,positive,otoidot
worth,adj,otoidot,comparative,zon otoidot
worth,adj,otoidot,superlative,yafuntt otoidot
worthy,adj,chitajo,positive,chitajo
worthy,adj,chitajo,comparative,zon chitajo
worthy,adj,chitajo,superlative,yafuntt chitajo
would,v,gutsu,indicative.present.3sg,gutsu
would,v,gutsu,imperative.present.3sg,gutsua
would,v,gutsu,subjunctive.present.3sg,gutsupo
would,v,gutsu,conditional.present.3sg,gutsud
wound,n,koyushi,singular.nominative,koyushi
wound,n,koyushi,singular.accusative,idakoyushi
wound,n,koyushi,singular.genitive,gakoyushi
wound,n,koyushi,singular.dative,koyushihi
wraith,n,nipi,singular.nominative,nipi
wraith,n,nipi,singular.accusative,idanipi
wraith,n,nipi,singular.genitive,ganipi
wraith,n,nipi,singular.dative,nipihi
wrap,v,deryuzo,indicative.present.3sg,deryuzo
wrap,v,deryuzo,imperative.present.3sg,deryuzoa
wrap,v,deryuzo,subjunctive.present.3sg,deryuzopo
wrap,v,deryuzo,conditional.present.3sg,deryuzod
wreck,v,wade,indicative.present.3sg,wade
wreck,v,wade,imperative.present.3sg,wadea
wreck,v,wade,subjunctive.present.3sg,wadepo
wreck,v,wade,conditional.present.3sg,waded
wrestle,v,jasuhya,indicative.present.3sg,jasuhya
wrestle,v,jasuhya,imperative.present.3sg,jasuhya
wrestle,v,jasuhya,subjunctive.present.3sg,jasuhyapo
wrestle,v,jasuhya,conditional.present.3sg,jasuhyad
wrinkle,n,hodoru,singular.nominative,hodoru
wrinkle,n,hodoru,singular.accusative,idahodoru
wrinkle,n,hodoru,singular.genitive,gahodoru
wrinkle,n,hodoru,singular.dative,hodoruhi
wrist,n,wakyunt,singular.nominative,wakyunt
wrist,n,wakyunt,singular.accusative,idawakyunt
wrist,n,wakyunt,singular.genitive,gawakyunt
wrist,n,wakyunt,singular.dative,wakyuntahi
write,v,kyuhasu,indicative.present.3sg,kyuhasu
write,v,kyuhasu,imperative.present.3sg,kyuhasua
write,v,kyuhasu,subjunctive.present.3sg,kyuhasupo
write,v,kyuhasu,conditional.present.3sg,kyuhasud
writhe,v,sohewo,indicative.present.3sg,sohewo
writhe,v,sohewo,imperative.present.3sg,sohewoa
writhe,v,sohewo,subjunctive.present.3sg,sohewopo
writhe,v,sohewo,conditional.present.3sg,sohewod
writing,n,anzera,singular.nominative,anzera
writing,n,anzera,singular.accusative,idanzera
writing,n,anzera,singular.genitive,ganzera
writing,n,anzera,singular.dative,anzerahi
wrong,adj,hentaza,positive,hentaza
wrong,adj,hentaza,comparative,zon hentaza
wrong,adj,hentaza,superlative,yafuntt hentaza
wyvern,n,hade,singular.nominative,hade
wyvern,n,hade,singular.accusative,idahade
wyvern,n,hade,singular.genitive,gahade
wyvern,n,hade,singular.dative,hadehi
yacht,n,tetent,singular.nominative,tetent
yacht,n,tetent,singular.accusative,idatetent
yacht,n,tetent,singular.genitive,gatetent
yacht,n,tetent,singular.dative,tetentahi
yank,v,higo,indicative.present.3sg,higo
yank,v,higo,imperative.present.3sg,higoa
yank,v,higo,subjunctive.present.3sg,higopo
yank,v,higo,conditional.present.3sg,higod
yardstick,n,ryuzaby,singular.nominative,ryuzaby
yardstick,n,ryuzaby,singular.accusative,idaryuzaby
yardstick,n,ryuzaby,singular.genitive,garyuzaby
yardstick,n,ryuzaby,singular.dative,ryuzabyahi
yawn,n,megya,singular.nominative,megya
yawn,n,megya,singular.accusative,idamegya
yawn,n,megya,singular.genitive,gamegya
yawn,n,megya,singular.dative,megyahi
year,n,bemasod,singular.nominative,bemasod
year,n,bemasod,singular.accusative,idabemasod
year,n,bemasod,singular.genitive,gabemasod
year,n,bemasod,singular.dative,bemasodahi
yell,v,wapyuke,indicative.present.3sg,wapyuke
yell,v,wapyuke,imperative.present.3sg,wapyukea
yell,v,wapyuke,subjunctive.present.3sg,wapyukepo
yell,v,wapyuke,conditional.present.3sg,wapyuked
yellow,adj,odamas,positive,odamas
yellow,adj,odamas,comparative,zon odamas
yellow,adj,odamas,superlative,yafuntt odamas
yogurt,n,monum,singular.nominative,monum
yogurt,n,monum,singular.accusative,idamonum
yogurt,n,monum,singular.genitive,gamonum
yogurt,n,monum,singular.dative,monumahi
young,adj,woshonk,positive,woshonk
young,adj,woshonk,comparative,zon woshonk
young,adj,woshonk,superlative,yafuntt woshonk
zero,num,daburu,singular.nominative,daburu
zero,num,daburu,singular.accusative,idaburu
zero,num,daburu,singular.genitive,gadaburu
zero,num,daburu,singular.dative,daburuhi
zil,n,osaran,singular.nominative,osaran
zil,n,osaran,singular.accusative,idosaran
zil,n,osaran,singular.genitive,gosaran
zil,n,osaran,singular.dative,osaranahi
zither,n,darehon,singular.nominative,darehon
zither,n,darehon,singular.accusative,idarehon
zither,n,darehon,singular.genitive,gadarehon
zither,n,darehon,singular.dative,darehonahi
zombie,n,omonso,singular.nominative,omonso
zombie,n,omonso,singular.accusative,idomonso
zombie,n,omonso,singular.genitive,gomonso
zombie,n,omonso,singular.dative,omonsohi
zoo,n,monu,singular.nominative,monu
zoo,n,monu,singular.accusative,idamonu
zoo,n,monu,singular.genitive,gamonu
zoo,n,monu,singular.dative,monuhi
false,adj,seshiji,positive,seshiji
false,adj,seshiji,comparative,zon seshiji
false,adj,seshiji,superlative,yafuntt seshiji
true,adj,aranta,positive,aranta
true,adj,aranta,comparative,zon aranta
true,adj,aranta,superlative,yafuntt aranta
leader,n,daiwoer,singular.nominative,daiwoer
leader,n,daiwoer,singular.accusative,idaiwoer
leader,n,daiwoer,singular.genitive,gadaiwoer
leader,n,daiwoer,singular.dative,daiwoerahi
silver,adj,perimasdar,positive,perimasdar
silver,adj,perimasdar,comparative,zon perimasdar
silver,adj,perimasdar,superlative,yafuntt perimasdar
ability,n,datsude,singular.nominative,datsude
ability,n,datsude,singular.accusative,idatsude
ability,n,datsude,singular.genitive,gadatsude
ability,n,datsude,singular.dative,datsudehi
absence,n,shazogni,singular.nominative,shazogni
absence,n,shazogni,singular.accusative,idashazogni
absence,n,shazogni,singular.genitive,gashazogni
absence,n,shazogni,singular.dative,shazognihi
absent,adj,azognidar,positive,azognidar
absent,adj,azognidar,comparative,zon azognidar
absent,adj,azognidar,superlative,yafuntt azognidar
absorb,v,jisebyo,indicative.present.3sg,jisebyo
absorb,v,jisebyo,imperative.present.3sg,jisebyoa
absorb,v,jisebyo,subjunctive.present.3sg,jisebyopo
absorb,v,jisebyo,conditional.present.3sg,jisebyod
academic,adj,fpugohe,positive,fpugohe
academic,adj,fpugohe,comparative,zon fpugohe
academic,adj,fpugohe,superlative,yafuntt fpugohe
accompany,v,unarawa,indicative.present.3sg,unarawa
accompany,v,unarawa,imperative.present.3sg,unarawa
accompany,v,unarawa,subjunctive.present.3sg,unarawapo
accompany,v,unarawa,conditional.present.3sg,unarawad
accountant,n,zoshier,singular.nominative,zoshier
accountant,n,zoshier,singular.accusative,idazoshier
accountant,n,zoshier,singular.genitive,gazoshier
accountant,n,zoshier,singular.dative,zoshierahi
addict,n,shsemasu,singular.nominative,shsemasu
addict,n,shsemasu,singular.accusative,idashsemasu
addict,n,shsemasu,singular.genitive,gashsemasu
addict,n,shsemasu,singular.dative,shsemasuhi
agreement,n,daide,singular.nominative,daide
agreement,n,daide,singular.accusative,idaide
agreement,n,daide,singular.genitive,gadaide
agreement,n,daide,singular.dative,daidehi
alchemist,n,etsunbyer,singular.nominative,etsunbyer
alchemist,n,etsunbyer,singular.accusative,idetsunbyer
alchemist,n,etsunbyer,singular.genitive,getsunbyer
alchemist,n,etsunbyer,singular.dative,etsunbyerahi
analysis,n,aruhodode,singular.nominative,aruhodode
analysis,n,aruhodode,singular.accusative,idaruhodode
analysis,n,aruhodode,singular.genitive,garuhodode
analysis,n,aruhodode,singular.dative,aruhododehi
anger,n,shyadwa,singular.nominative,shyadwa
anger,n,shyadwa,singular.accusative,idashyadwa
anger,n,shyadwa,singular.genitive,gashyadwa
anger,n,shyadwa,singular.dative,shyadwahi
anxiety,n,shwattewa,singular.nominative,shwattewa
anxiety,n,shwattewa,singular.accusative,idashwattewa
anxiety,n,shwattewa,singular.genitive,gashwattewa
anxiety,n,shwattewa,singular.dative,shwattewahi
apothecary,n,heshido,singular.nominative,heshido
apothecary,n,heshido,singular.accusative,idaheshido
apothecary,n,heshido,singular.genitive,gaheshido
apothecary,n,heshido,singular.dative,heshidohi
archer,n,somasuoer,singular.nominative,somasuoer
archer,n,somasuoer,singular.accusative,idasomasuoer
archer,n,somasuoer,singular.genitive,gasomasuoer
archer,n,somasuoer,singular.dative,somasuoerahi
argument,n,cogide,singular.nominative,cogide
argument,n,cogide,singular.accusative,idacogide
argument,n,cogide,singular.genitive,gacogide
argument,n,cogide,singular.dative,cogidehi
armorer,n,kyaer,singular.nominative,kyaer
armorer,n,kyaer,singular.accusative,idakyaer
armorer,n,kyaer,singular.genitive,gakyaer
armorer,n,kyaer,singular.dative,kyaerahi
armorer’s hammer,n,kyaerheyomas,singular.nominative,kyaerheyomas
armorer’s hammer,n,kyaerheyomas,singular.accusative,idakyaerheyomas
armorer’s hammer,n,kyaerheyomas,singular.genitive,gakyaerheyomas
armorer’s hammer,n,kyaerheyomas,singular.dative,kyaerheyomasahi
armory,n,atakidido,singular.nominative,atakidido
armory,n,atakidido,singular.accusative,idatakidido
armory,n,atakidido,singular.genitive,gatakidido
armory,n,atakidido,singular.dative,atakididohi
arrival,n,wadode,singular.nominative,wadode
arrival,n,wadode,singular.accusative,idawadode
arrival,n,wadode,singular.genitive,gawadode
arrival,n,wadode,singular.dative,wadodehi
artist,n,arimasuer,singular.nominative,arimasuer
artist,n,arimasuer,singular.accusative,idarimasuer
artist,n,arimasuer,singular.genitive,garimasuer
artist,n,arimasuer,singular.dative,arimasuerahi
assassin,n,akuer,singular.nominative,akuer
assassin,n,akuer,singular.accusative,idakuer
assassin,n,akuer,singular.genitive,gakuer
assassin,n,akuer,singular.dative,akuerahi
astral plane,n,kotterudo,singular.nominative,kotterudo
astral plane,n,kotterudo,singular.accusative,idakotterudo
astral plane,n,kotterudo,singular.genitive,gakotterudo
astral plane,n,kotterudo,singular.dative,kotterudohi
astral projection,n,shkotteru,singular.nominative,shkotteru
astral projection,n,shkotteru,singular.accusative,idashkotteru
astral projection,n,shkotteru,singular.genitive,gashkotteru
astral projection,n,shkotteru,singular.dative,shkotteruhi
astrologer,n,hyasuer,singular.nominative,hyasuer
astrologer,n,hyasuer,singular.accusative,idahyasuer
astrologer,n,hyasuer,singular.genitive,gahyasuer
astrologer,n,hyasuer,singular.dative,hyasuerahi
astrologer,n,hyasuer,singular.nominative,hyasuer
astrologer,n,hyasuer,singular.accusative,idahyasuer
astrologer,n,hyasuer,singular.genitive,gahyasuer
astrologer,n,hyasuer,singular.dative,hyasuerahi
attack,v,adeji,indicative.present.3sg,adeji
attack,v,adeji,imperative.present.3sg,adejia
attack,v,adeji,subjunctive.present.3sg,adejipo
attack,v,adeji,conditional.present.3sg,adejid
author,n,kyuhasuer,singular.nominative,kyuhasuer
author,n,kyuhasuer,singular.accusative,idakyuhasuer
author,n,kyuhasuer,singular.genitive,gakyuhasuer
author,n,kyuhasuer,singular.dative,kyuhasuerahi
bakery,n,datarimdo,singular.nominative,datarimdo
bakery,n,datarimdo,singular.accusative,idatarimdo
bakery,n,datarimdo,singular.genitive,gadatarimdo
bakery,n,datarimdo,singular.dative,datarimdohi
balance,v,hezazuoji,indicative.present.3sg,hezazuoji
balance,v,hezazuoji,imperative.present.3sg,hezazuojia
balance,v,hezazuoji,subjunctive.present.3sg,hezazuojipo
balance,v,hezazuoji,conditional.present.3sg,hezazuojid
bastard sword,n,ogetiademasu,singular.nominative,ogetiademasu
bastard sword,n,ogetiademasu,singular.accusative,idogetiademasu
bastard sword,n,ogetiademasu,singular.genitive,gogetiademasu
bastard sword,n,ogetiademasu,singular.dative,ogetiademasuhi
battle axe,n,shabaoademasu,singular.nominative,shabaoademasu
battle axe,n,shabaoademasu,singular.accusative,idashabaoademasu
battle axe,n,shabaoademasu,singular.genitive,gashabaoademasu
battle axe,n,shabaoademasu,singular.dative,shabaoademasuhi
bead,v,uugeji,indicative.present.3sg,uugeji
bead,v,uugeji,imperative.present.3sg,uugejia
bead,v,uugeji,subjunctive.present.3sg,uugejipo
bead,v,uugeji,conditional.present.3sg,uugejid
beauty,n,shgosegowa,singular.nominative,shgosegowa
beauty,n,shgosegowa,singular.accusative,idashgosegowa
beauty,n,shgosegowa,singular.genitive,gashgosegowa
beauty,n,shgosegowa,singular.dative,shgosegowahi
bed hangings,n,jiorumannai,singular.nominative,jiorumannai
bed hangings,n,jiorumannai,singular.accusative,idajiorumannai
bed hangings,n,jiorumannai,singular.genitive,gajiorumannai
bed hangings,n,jiorumannai,singular.dative,jiorumannaihi
behavior,n,anojode,singular.nominative,anojode
behavior,n,anojode,singular.accusative,idanojode
behavior,n,anojode,singular.genitive,ganojode
behavior,n,anojode,singular.dative,anojodehi
belief,n,kyamaside,singular.nominative,kyamaside
belief,n,kyamaside,singular.accusative,idakyamaside
belief,n,kyamaside,singular.genitive,gakyamaside
belief,n,kyamaside,singular.dative,kyamasidehi
bleached,adj,shguhodod,positive,shguhodod
bleached,adj,shguhodod,comparative,zon shguhodod
bleached,adj,shguhodod,superlative,yafuntt shguhodod
blessing,n,kosada,singular.nominative,kosada
blessing,n,kosada,singular.accusative,idakosada
blessing,n,kosada,singular.genitive,gakosada
blessing,n,kosada,singular.dative,kosadahi
block,v,ojokuji,indicative.present.3sg,ojokuji
block,v,ojokuji,imperative.present.3sg,ojokujia
block,v,ojokuji,subjunctive.present.3sg,ojokujipo
block,v,ojokuji,conditional.present.3sg,ojokujid
bloody,adj,fjishata,positive,fjishata
bloody,adj,fjishata,comparative,zon fjishata
bloody,adj,fjishata,superlative,yafuntt fjishata
blossom,v,hezoji,indicative.present.3sg,hezoji
blossom,v,hezoji,imperative.present.3sg,hezojia
blossom,v,hezoji,subjunctive.present.3sg,hezojipo
blossom,v,hezoji,conditional.present.3sg,hezojid
bodkin,n,ogademasu,singular.nominative,ogademasu
bodkin,n,ogademasu,singular.accusative,idogademasu
bodkin,n,ogademasu,singular.genitive,gogademasu
bodkin,n,ogademasu,singular.dative,ogademasuhi
bracelet,n,ogjanyute,singular.nominative,ogjanyute
bracelet,n,ogjanyute,singular.accusative,idogjanyute
bracelet,n,ogjanyute,singular.genitive,gogjanyute
bracelet,n,ogjanyute,singular.dative,ogjanyutehi
braid,v,sosesuji,indicative.present.3sg,sosesuji
braid,v,sosesuji,imperative.present.3sg,sosesujia
braid,v,sosesuji,subjunctive.present.3sg,sosesujipo
braid,v,sosesuji,conditional.present.3sg,sosesujid
breed,v,shoryunji,indicative.present.3sg,shoryunji
breed,v,shoryunji,imperative.present.3sg,shoryunjia
breed,v,shoryunji,subjunctive.present.3sg,shoryunjipo
breed,v,shoryunji,conditional.present.3sg,shoryunjid
bribe,v,netaji,indicative.present.3sg,netaji
bribe,v,netaji,imperative.present.3sg,netajia
bribe,v,netaji,subjunctive.present.3sg,netajipo
bribe,v,netaji,conditional.present.3sg,netajid
broken,adj,zanyattem,positive,zanyattem
broken,adj,zanyattem,comparative,zon zanyattem
broken,adj,zanyattem,superlative,yafuntt zanyattem
bronze,adj,zujidar,positive,zujidar
bronze,adj,zujidar,comparative,zon zujidar
bronze,adj,zujidar,superlative,yafuntt zujidar
brush,v,ataji,indicative.present.3sg,ataji
brush,v,ataji,imperative.present.3sg,atajia
brush,v,ataji,subjunctive.present.3sg,atajipo
brush,v,ataji,conditional.present.3sg,atajid
bump,v,liatamaji,indicative.present.3sg,liatamaji
bump,v,liatamaji,imperative.present.3sg,liatamajia
bump,v,liatamaji,subjunctive.present.3sg,liatamajipo
bump,v,liatamaji,conditional.present.3sg,liatamajid
burn,v,gotasuyji,indicative.present.3sg,gotasuyji
burn,v,gotasuyji,imperative.present.3sg,gotasuyjia
burn,v,gotasuyji,subjunctive.present.3sg,gotasuyjipo
burn,v,gotasuyji,conditional.present.3sg,gotasuyjid
burp,n,poshide,singular.nominative,poshide
burp,n,poshide,singular.accusative,idaposhide
burp,n,poshide,singular.genitive,gaposhide
burp,n,poshide,singular.dative,poshidehi
cafe,n,nyattedo,singular.nominative,nyattedo
cafe,n,nyattedo,singular.accusative,idanyattedo
cafe,n,nyattedo,singular.genitive,ganyattedo
cafe,n,nyattedo,singular.dative,nyattedohi
caller,n,zenoer,singular.nominative,zenoer
caller,n,zenoer,singular.accusative,idazenoer
caller,n,zenoer,singular.genitive,gazenoer
caller,n,zenoer,singular.dative,zenoerahi
camp,v,ettasuji,indicative.present.3sg,ettasuji
camp,v,ettasuji,imperative.present.3sg,ettasujia
camp,v,ettasuji,subjunctive.present.3sg,ettasujipo
camp,v,ettasuji,conditional.present.3sg,ettasujid
canonical,adj,refusezdar,positive,refusezdar
canonical,adj,refusezdar,comparative,zon refusezdar
canonical,adj,refusezdar,superlative,yafuntt refusezdar
cantrip,n,ognaridas,singular.nominative,ognaridas
cantrip,n,ognaridas,singular.accusative,idognaridas
cantrip,n,ognaridas,singular.genitive,gognaridas
cantrip,n,ognaridas,singular.dative,ognaridasahi
captain,n,nyuhazadaiwoer,singular.nominative,nyuhazadaiwoer
captain,n,nyuhazadaiwoer,singular.accusative,idanyuhazadaiwoer
captain,n,nyuhazadaiwoer,singular.genitive,ganyuhazadaiwoer
captain,n,nyuhazadaiwoer,singular.dative,nyuhazadaiwoerahi
careful,adj,zaenhe,positive,zaenhe
careful,adj,zaenhe,comparative,zon zaenhe
careful,adj,zaenhe,superlative,yafuntt zaenhe
central,adj,fkonyu,positive,fkonyu
central,adj,fkonyu,comparative,zon fkonyu
central,adj,fkonyu,superlative,yafuntt fkonyu
ceremonial,adj,fchipyom,positive,fchipyom
ceremonial,adj,fchipyom,comparative,zon fchipyom
ceremonial,adj,fchipyom,superlative,yafuntt fchipyom
charge,v,yuzomasji,indicative.present.3sg,yuzomasji
charge,v,yuzomasji,imperative.present.3sg,yuzomasjia
charge,v,yuzomasji,subjunctive.present.3sg,yuzomasjipo
charge,v,yuzomasji,conditional.present.3sg,yuzomasjid
chef,n,dadaruer,singular.nominative,dadaruer
chef,n,dadaruer,singular.accusative,idadaruer
chef,n,dadaruer,singular.genitive,gadadaruer
chef,n,dadaruer,singular.dative,dadaruerahi
cherry-blossom,n,ogattasuwajirim,singular.nominative,ogattasuwajirim
cherry-blossom,n,ogattasuwajirim,singular.accusative,idogattasuwajirim
cherry-blossom,n,ogattasuwajirim,singular.genitive,gogattasuwajirim
cherry-blossom,n,ogattasuwajirim,singular.dative,ogattasuwajirimahi
chestnut,adj,gogurdar,positive,gogurdar
chestnut,adj,gogurdar,comparative,zon gogurdar
chestnut,adj,gogurdar,superlative,yafuntt gogurdar
choice,n,gujiyurde,singular.nominative,gujiyurde
choice,n,gujiyurde,singular.accusative,idagujiyurde
choice,n,gujiyurde,singular.genitive,gujiyurde
choice,n,gujiyurde,singular.dative,gujiyurdehi
clove,adj,xiamasudar,positive,xiamasudar
clove,adj,xiamasudar,comparative,zon xiamasudar
clove,adj,xiamasudar,superlative,yafuntt xiamasudar
comb,v,kyunji,indicative.present.3sg,kyunji
comb,v,kyunji,imperative.present.3sg,kyunjia
comb,v,kyunji,subjunctive.present.3sg,kyunjipo
comb,v,kyunji,conditional.present.3sg,kyunjid
commander,n,unaradaiwoer,singular.nominative,unaradaiwoer
commander,n,unaradaiwoer,singular.accusative,idunaradaiwoer
commander,n,unaradaiwoer,singular.genitive,gunaradaiwoer
commander,n,unaradaiwoer,singular.dative,unaradaiwoerahi
competition,n,dzosomas,singular.nominative,dzosomas
competition,n,dzosomas,singular.accusative,idazosomas
competition,n,dzosomas,singular.genitive,gadzosomas
competition,n,dzosomas,singular.dative,dzosomasahi
confidence,n,shgyazezuwa,singular.nominative,shgyazezuwa
confidence,n,shgyazezuwa,singular.accusative,idashgyazezuwa
confidence,n,shgyazezuwa,singular.genitive,gashgyazezuwa
confidence,n,shgyazezuwa,singular.dative,shgyazezuwahi
copper,adj,mebawadar,positive,mebawadar
copper,adj,mebawadar,comparative,zon mebawadar
copper,adj,mebawadar,superlative,yafuntt mebawadar
corporal,n,opyaazdaiwoer,singular.nominative,opyaazdaiwoer
corporal,n,opyaazdaiwoer,singular.accusative,idopyaazdaiwoer
corporal,n,opyaazdaiwoer,singular.genitive,gopyaazdaiwoer
corporal,n,opyaazdaiwoer,singular.dative,opyaazdaiwoerahi
craft,v,myooji,indicative.present.3sg,myooji
craft,v,myooji,imperative.present.3sg,myoojia
craft,v,myooji,subjunctive.present.3sg,myoojipo
craft,v,myooji,conditional.present.3sg,myoojid
criminal,adj,fadasu,positive,fadasu
criminal,adj,fadasu,comparative,zon fadasu
criminal,adj,fadasu,superlative,yafuntt fadasu
curse,v,sedeji,indicative.present.3sg,sedeji
curse,v,sedeji,imperative.present.3sg,sedejia
curse,v,sedeji,subjunctive.present.3sg,sedejipo
curse,v,sedeji,conditional.present.3sg,sedejid
cut,v,ubamonoji,indicative.present.3sg,ubamonoji
cut,v,ubamonoji,imperative.present.3sg,ubamonojia
cut,v,ubamonoji,subjunctive.present.3sg,ubamonojipo
cut,v,ubamonoji,conditional.present.3sg,ubamonojid
dance,v,gozoruhji,indicative.present.3sg,gozoruhji
dance,v,gozoruhji,imperative.present.3sg,gozoruhjia
dance,v,gozoruhji,subjunctive.present.3sg,gozoruhjipo
dance,v,gozoruhji,conditional.present.3sg,gozoruhjid
dancer,n,gozoruhjier,singular.nominative,gozoruhjier
dancer,n,gozoruhjier,singular.accusative,idagozoruhjier
dancer,n,gozoruhjier,singular.genitive,gozoruhjier
dancer,n,gozoruhjier,singular.dative,gozoruhjierahi
dangerous,adj,fzapyade,positive,fzapyade
dangerous,adj,fzapyade,comparative,zon fzapyade
dangerous,adj,fzapyade,superlative,yafuntt fzapyade
dark,adj,moheryu,positive,moheryu
dark,adj,moheryu,comparative,zon moheryu
dark,adj,moheryu,superlative,yafuntt moheryu
darkness,n,shfusewa,singular.nominative,shfusewa
darkness,n,shfusewa,singular.accusative,idashfusewa
darkness,n,shfusewa,singular.genitive,gashfusewa
darkness,n,shfusewa,singular.dative,shfusewahi
dart,v,yahyuji,indicative.present.3sg,yahyuji
dart,v,yahyuji,imperative.present.3sg,yahyujia
dart,v,yahyuji,subjunctive.present.3sg,yahyujipo
dart,v,yahyuji,conditional.present.3sg,yahyujid
dealer,n,autakinr,singular.nominative,autakinr
dealer,n,autakinr,singular.accusative,idautakinr
dealer,n,autakinr,singular.genitive,gautakinr
dealer,n,autakinr,singular.dative,autakinrahi
death,n,ryontade,singular.nominative,ryontade
death,n,ryontade,singular.accusative,idaryontade
death,n,ryontade,singular.genitive,garyontade
death,n,ryontade,singular.dative,ryontadehi
deathcurse,n,ryontadesede,singular.nominative,ryontadesede
deathcurse,n,ryontadesede,singular.accusative,idaryontadesede
deathcurse,n,ryontadesede,singular.genitive,garyontadesede
deathcurse,n,ryontadesede,singular.dative,ryontadesedehi
decay,v,anemasuji,indicative.present.3sg,anemasuji
decay,v,anemasuji,imperative.present.3sg,anemasujia
decay,v,anemasuji,subjunctive.present.3sg,anemasujipo
decay,v,anemasuji,conditional.present.3sg,anemasujid
decision,n,watanarde,singular.nominative,watanarde
decision,n,watanarde,singular.accusative,idawatanarde
decision,n,watanarde,singular.genitive,gawatanarde
decision,n,watanarde,singular.dative,watanardehi
defense,n,iliamyade,singular.nominative,iliamyade
defense,n,iliamyade,singular.accusative,idiliamyade
defense,n,iliamyade,singular.genitive,giliamyade
defense,n,iliamyade,singular.dative,iliamyadehi
description,n,judede,singular.nominative,judede
description,n,judede,singular.accusative,idajudede
description,n,judede,singular.genitive,gajudede
description,n,judede,singular.dative,judedehi
destruction,n,yohodasde,singular.nominative,yohodasde
destruction,n,yohodasde,singular.accusative,idayohodasde
destruction,n,yohodasde,singular.genitive,gayohodasde
destruction,n,yohodasde,singular.dative,yohodasdehi
development,n,hyopestde,singular.nominative,hyopestde
development,n,hyopestde,singular.accusative,idahyopestde
development,n,hyopestde,singular.genitive,gahyopestde
development,n,hyopestde,singular.dative,hyopestdehi
difference,n,shewowa,singular.nominative,shewowa
difference,n,shewowa,singular.accusative,idashewowa
difference,n,shewowa,singular.genitive,gashewowa
difference,n,shewowa,singular.dative,shewowahi
dirty,adj,kanocho,positive,kanocho
dirty,adj,kanocho,comparative,zon kanocho
dirty,adj,kanocho,superlative,yafuntt kanocho
discovery,n,dashojade,singular.nominative,dashojade
discovery,n,dashojade,singular.accusative,idashojade
discovery,n,dashojade,singular.genitive,gadashojade
discovery,n,dashojade,singular.dative,dashojadehi
disguise,v,sodokotji,indicative.present.3sg,sodokotji
disguise,v,sodokotji,imperative.present.3sg,sodokotjia
disguise,v,sodokotji,subjunctive.present.3sg,sodokotjipo
disguise,v,sodokotji,conditional.present.3sg,sodokotjid
distant,adj,fhetta,positive,fhetta
distant,adj,fhetta,comparative,zon fhetta
distant,adj,fhetta,superlative,yafuntt fhetta
divine,adj,fdezoru,positive,fdezoru
divine,adj,fdezoru,comparative,zon fdezoru
divine,adj,fdezoru,superlative,yafuntt fdezoru
diviner,n,hazunmaosozojr,singular.nominative,hazunmaosozojr
diviner,n,hazunmaosozojr,singular.accusative,idahazunmaosozojr
diviner,n,hazunmaosozojr,singular.genitive,gahazunmaosozojr
diviner,n,hazunmaosozojr,singular.dative,hazunmaosozojrahi
division,n,shihehede,singular.nominative,shihehede
division,n,shihehede,singular.accusative,idashihehede
division,n,shihehede,singular.genitive,gashihehede
division,n,shihehede,singular.dative,shihehedehi
drill,v,deshunnji,indicative.present.3sg,deshunnji
drill,v,deshunnji,imperative.present.3sg,deshunnjia
drill,v,deshunnji,subjunctive.present.3sg,deshunnjipo
drill,v,deshunnji,conditional.present.3sg,deshunnjid
drink,v,hohenaiji,indicative.present.3sg,hohenaiji
drink,v,hohenaiji,imperative.present.3sg,hohenaijia
drink,v,hohenaiji,subjunctive.present.3sg,hohenaijipo
drink,v,hohenaiji,conditional.present.3sg,hohenaijid
driver,n,konaraer,singular.nominative,konaraer
driver,n,konaraer,singular.accusative,idakonaraer
driver,n,konaraer,singular.genitive,gakonaraer
driver,n,konaraer,singular.dative,konaraerahi
duel,v,kazuyat,indicative.present.3sg,kazuyat
duel,v,kazuyat,imperative.present.3sg,kazuyata
duel,v,kazuyat,subjunctive.present.3sg,kazuyatapo
duel,v,kazuyat,conditional.present.3sg,kazuyatad
dueling scar,n,ogkazuyathegyasu,singular.nominative,ogkazuyathegyasu
dueling scar,n,ogkazuyathegyasu,singular.accusative,idogkazuyathegyasu
dueling scar,n,ogkazuyathegyasu,singular.genitive,gogkazuyathegyasu
dueling scar,n,ogkazuyathegyasu,singular.dative,ogkazuyathegyasuhi
duelist,n,kazuyatr,singular.nominative,kazuyatr
duelist,n,kazuyatr,singular.accusative,idakazuyatr
duelist,n,kazuyatr,singular.genitive,gakazuyatr
duelist,n,kazuyatr,singular.dative,kazuyatrahi
dye,v,muuruji,indicative.present.3sg,muuruji
dye,v,muuruji,imperative.present.3sg,muurujia
dye,v,muuruji,subjunctive.present.3sg,muurujipo
dye,v,muuruji,conditional.present.3sg,muurujid
economic,adj,fsesu,positive,fsesu
economic,adj,fsesu,comparative,zon fsesu
economic,adj,fsesu,superlative,yafuntt fsesu
election,n,kemasude,singular.nominative,kemasude
election,n,kemasude,singular.accusative,idakemasude
election,n,kemasude,singular.genitive,gakemasude
election,n,kemasude,singular.dative,kemasudehi
elemental,adj,adfluto,positive,adfluto
elemental,adj,adfluto,comparative,zon adfluto
elemental,adj,adfluto,superlative,yafuntt adfluto
elemental,n,shazohykanchim,singular.nominative,shazohykanchim
elemental,n,shazohykanchim,singular.accusative,idashazohykanchim
elemental,n,shazohykanchim,singular.genitive,gashazohykanchim
elemental,n,shazohykanchim,singular.dative,shazohykanchimahi
emerald,adj,advenardar,positive,advenardar
emerald,adj,advenardar,comparative,zon advenardar
emerald,adj,advenardar,superlative,yafuntt advenardar
emperor,n,komasinaruhohr,singular.nominative,komasinaruhohr
emperor,n,komasinaruhohr,singular.accusative,idakomasinaruhohr
emperor,n,komasinaruhohr,singular.genitive,gakomasinaruhohr
emperor,n,komasinaruhohr,singular.dative,komasinaruhohrahi
employer,n,onyaer,singular.nominative,onyaer
employer,n,onyaer,singular.accusative,idonyaer
employer,n,onyaer,singular.genitive,gonyaer
employer,n,onyaer,singular.dative,onyaerahi
enchanted,adj,omyoji,positive,omyoji
enchanted,adj,omyoji,comparative,zon omyoji
enchanted,adj,omyoji,superlative,yafuntt omyoji
enchantment,n,oni,singular.nominative,oni
enchantment,n,oni,singular.accusative,idoni
enchantment,n,oni,singular.genitive,goni
enchantment,n,oni,singular.dative,onihi
"evident, obvious",adj,fjaomasu,positive,fjaomasu
"evident, obvious",adj,fjaomasu,comparative,zon fjaomasu
"evident, obvious",adj,fjaomasu,superlative,yafuntt fjaomasu
evocation,n,dkaritsu,singular.nominative,dkaritsu
evocation,n,dkaritsu,singular.accusative,idakaritsu
evocation,n,dkaritsu,singular.genitive,gadkaritsu
evocation,n,dkaritsu,singular.dative,dkaritsuhi
excitement,n,redazuwde,singular.nominative,redazuwde
excitement,n,redazuwde,singular.accusative,idaredazuwde
excitement,n,redazuwde,singular.genitive,garedazuwde
excitement,n,redazuwde,singular.dative,redazuwdehi
expensive,adj,fwohadfi,positive,fwohadfi
expensive,adj,fwohadfi,comparative,zon fwohadfi
expensive,adj,fwohadfi,superlative,yafuntt fwohadfi
experience,v,reaazapji,indicative.present.3sg,reaazapji
experience,v,reaazapji,imperative.present.3sg,reaazapjia
experience,v,reaazapji,subjunctive.present.3sg,reaazapjipo
experience,v,reaazapji,conditional.present.3sg,reaazapjid
explanation,n,soadatade,singular.nominative,soadatade
explanation,n,soadatade,singular.accusative,idasoadatade
explanation,n,soadatade,singular.genitive,gasoadatade
explanation,n,soadatade,singular.dative,soadatadehi
failure,n,garyosode,singular.nominative,garyosode
failure,n,garyosode,singular.accusative,idagaryosode
failure,n,garyosode,singular.genitive,garyosode
failure,n,garyosode,singular.dative,garyosodehi
farmer,n,poruer,singular.nominative,poruer
farmer,n,poruer,singular.accusative,idaporuer
farmer,n,poruer,singular.genitive,gaporuer
farmer,n,poruer,singular.dative,poruerahi
fashionable,adj,fitahi,positive,fitahi
fashionable,adj,fitahi,comparative,zon fitahi
fashionable,adj,fitahi,superlative,yafuntt fitahi
fat,adj,taranyudar,positive,taranyudar
fat,adj,taranyudar,comparative,zon taranyudar
fat,adj,taranyudar,superlative,yafuntt taranyudar
feeling,n,shade,singular.nominative,shade
feeling,n,shade,singular.accusative,idashade
feeling,n,shade,singular.genitive,gashade
feeling,n,shade,singular.dative,shadehi
fertility,n,shyoawa,singular.nominative,shyoawa
fertility,n,shyoawa,singular.accusative,idashyoawa
fertility,n,shyoawa,singular.genitive,gashyoawa
fertility,n,shyoawa,singular.dative,shyoawahi
fight,v,inakuji,indicative.present.3sg,inakuji
fight,v,inakuji,imperative.present.3sg,inakujia
fight,v,inakuji,subjunctive.present.3sg,inakujipo
fight,v,inakuji,conditional.present.3sg,inakujid
final,adj,zaozupie,positive,zaozupie
final,adj,zaozupie,comparative,zon zaozupie
final,adj,zaozupie,superlative,yafuntt zaozupie
fire,v,cipimasji,indicative.present.3sg,cipimasji
fire,v,cipimasji,imperative.present.3sg,cipimasjia
fire,v,cipimasji,subjunctive.present.3sg,cipimasjipo
fire,v,cipimasji,conditional.present.3sg,cipimasjid
fit,v,karaeji,indicative.present.3sg,karaeji
fit,v,karaeji,imperative.present.3sg,karaejia
fit,v,karaeji,subjunctive.present.3sg,karaejipo
fit,v,karaeji,conditional.present.3sg,karaejid
flavor,v,zoruhewa,indicative.present.3sg,zoruhewa
flavor,v,zoruhewa,imperative.present.3sg,zoruhewa
flavor,v,zoruhewa,subjunctive.present.3sg,zoruhewapo
flavor,v,zoruhewa,conditional.present.3sg,zoruhewad
flavorsome,adj,zoruhedar,positive,zoruhedar
flavorsome,adj,zoruhedar,comparative,zon zoruhedar
flavorsome,adj,zoruhedar,superlative,yafuntt zoruhedar
flight,n,shiroorde,singular.nominative,shiroorde
flight,n,shiroorde,singular.accusative,idashiroorde
flight,n,shiroorde,singular.genitive,gashiroorde
flight,n,shiroorde,singular.dative,shiroordehi
florist,n,wajirimr,singular.nominative,wajirimr
florist,n,wajirimr,singular.accusative,idawajirimr
florist,n,wajirimr,singular.genitive,gawajirimr
florist,n,wajirimr,singular.dative,wajirimrahi
foreigner,n,kanpyuer,singular.nominative,kanpyuer
foreigner,n,kanpyuer,singular.accusative,idakanpyuer
foreigner,n,kanpyuer,singular.genitive,gakanpyuer
foreigner,n,kanpyuer,singular.dative,kanpyuerahi
forge,v,upubyaji,indicative.present.3sg,upubyaji
forge,v,upubyaji,imperative.present.3sg,upubyajia
forge,v,upubyaji,subjunctive.present.3sg,upubyajipo
forge,v,upubyaji,conditional.present.3sg,upubyajid
forgetful,adj,zawoutte,positive,zawoutte
forgetful,adj,zawoutte,comparative,zon zawoutte
forgetful,adj,zawoutte,superlative,yafuntt zawoutte
friendly,adj,fwokyury,positive,fwokyury
friendly,adj,fwokyury,comparative,zon fwokyury
friendly,adj,fwokyury,superlative,yafuntt fwokyury
frost,n,nyazemade,singular.nominative,nyazemade
frost,n,nyazemade,singular.accusative,idanyazemade
frost,n,nyazemade,singular.genitive,ganyazemade
frost,n,nyazemade,singular.dative,nyazemadehi
gardener,n,oiditakr,singular.nominative,oiditakr
gardener,n,oiditakr,singular.accusative,idoiditakr
gardener,n,oiditakr,singular.genitive,goiditakr
gardener,n,oiditakr,singular.dative,oiditakrahi
general,n,gaidaiwoer,singular.nominative,gaidaiwoer
general,n,gaidaiwoer,singular.accusative,idagaidaiwoer
general,n,gaidaiwoer,singular.genitive,gaidaiwoer
general,n,gaidaiwoer,singular.dative,gaidaiwoerahi
glue,v,ichuropji,indicative.present.3sg,ichuropji
glue,v,ichuropji,imperative.present.3sg,ichuropjia
glue,v,ichuropji,subjunctive.present.3sg,ichuropjipo
glue,v,ichuropji,conditional.present.3sg,ichuropjid
"godling, demigod",n,ogdezoru,singular.nominative,ogdezoru
"godling, demigod",n,ogdezoru,singular.accusative,idogdezoru
"godling, demigod",n,ogdezoru,singular.genitive,gogdezoru
"godling, demigod",n,ogdezoru,singular.dative,ogdezoruhi
golden,adj,fpyumasu,positive,fpyumasu
golden,adj,fpyumasu,comparative,zon fpyumasu
golden,adj,fpyumasu,superlative,yafuntt fpyumasu
government,n,hyumasude,singular.nominative,hyumasude
government,n,hyumasude,singular.accusative,idahyumasude
government,n,hyumasude,singular.genitive,gahyumasude
government,n,hyumasude,singular.dative,hyumasudehi
government official,n,hyumasuder,singular.nominative,hyumasuder
government official,n,hyumasuder,singular.accusative,idahyumasuder
government official,n,hyumasuder,singular.genitive,gahyumasuder
government official,n,hyumasuder,singular.dative,hyumasuderahi
graveyard,n,otatado,singular.nominative,otatado
graveyard,n,otatado,singular.accusative,idotatado
graveyard,n,otatado,singular.genitive,gotatado
graveyard,n,otatado,singular.dative,otatadohi
greedy,adj,fpyoasu,positive,fpyoasu
greedy,adj,fpyoasu,comparative,zon fpyoasu
greedy,adj,fpyoasu,superlative,yafuntt fpyoasu
grill,v,gosuji,indicative.present.3sg,gosuji
grill,v,gosuji,imperative.present.3sg,gosujia
grill,v,gosuji,subjunctive.present.3sg,gosujipo
grill,v,gosuji,conditional.present.3sg,gosujid
grocer,n,wazumasdo,singular.nominative,wazumasdo
grocer,n,wazumasdo,singular.accusative,idawazumasdo
grocer,n,wazumasdo,singular.genitive,gawazumasdo
grocer,n,wazumasdo,singular.dative,wazumasdohi
growth,n,sedebande,singular.nominative,sedebande
growth,n,sedebande,singular.accusative,idasedebande
growth,n,sedebande,singular.genitive,gasedebande
growth,n,sedebande,singular.dative,sedebandehi
guardian,n,yajotter,singular.nominative,yajotter
guardian,n,yajotter,singular.accusative,idayajotter
guardian,n,yajotter,singular.genitive,gayajotter
guardian,n,yajotter,singular.dative,yajotterahi
happiness,n,shjadaroowa,singular.nominative,shjadaroowa
happiness,n,shjadaroowa,singular.accusative,idashjadaroowa
happiness,n,shjadaroowa,singular.genitive,gashjadaroowa
happiness,n,shjadaroowa,singular.dative,shjadaroowahi
healer,n,himasuer,singular.nominative,himasuer
healer,n,himasuer,singular.accusative,idahimasuer
healer,n,himasuer,singular.genitive,gahimasuer
healer,n,himasuer,singular.dative,himasuerahi
healthy,adj,fsoho,positive,fsoho
healthy,adj,fsoho,comparative,zon fsoho
healthy,adj,fsoho,superlative,yafuntt fsoho
hearing,n,hazurbode,singular.nominative,hazurbode
hearing,n,hazurbode,singular.accusative,idahazurbode
hearing,n,hazurbode,singular.genitive,gahazurbode
hearing,n,hazurbode,singular.dative,hazurbodehi
heat,n,shuyaniwa,singular.nominative,shuyaniwa
heat,n,shuyaniwa,singular.accusative,idashuyaniwa
heat,n,shuyaniwa,singular.genitive,gashuyaniwa
heat,n,shuyaniwa,singular.dative,shuyaniwahi
homely,adj,fbaozuma,positive,fbaozuma
homely,adj,fbaozuma,comparative,zon fbaozuma
homely,adj,fbaozuma,superlative,yafuntt fbaozuma
hunter,n,hozuer,singular.nominative,hozuer
hunter,n,hozuer,singular.accusative,idahozuer
hunter,n,hozuer,singular.genitive,gahozuer
hunter,n,hozuer,singular.dative,hozuerahi
identity,n,yapyaide,singular.nominative,yapyaide
identity,n,yapyaide,singular.accusative,idayapyaide
identity,n,yapyaide,singular.genitive,gayapyaide
identity,n,yapyaide,singular.dative,yapyaidehi
idiotic,adj,fdeyuzam,positive,fdeyuzam
idiotic,adj,fdeyuzam,comparative,zon fdeyuzam
idiotic,adj,fdeyuzam,superlative,yafuntt fdeyuzam
imperial,adj,fkomasi,positive,fkomasi
imperial,adj,fkomasi,comparative,zon fkomasi
imperial,adj,fkomasi,superlative,yafuntt fkomasi
imperial holiday,n,fkomasichipyom,singular.nominative,fkomasichipyom
imperial holiday,n,fkomasichipyom,singular.accusative,idafkomasichipyom
imperial holiday,n,fkomasichipyom,singular.genitive,gafkomasichipyom
imperial holiday,n,fkomasichipyom,singular.dative,fkomasichipyomahi
indenture,v,kyogemywa,indicative.present.3sg,kyogemywa
indenture,v,kyogemywa,imperative.present.3sg,kyogemywa
indenture,v,kyogemywa,subjunctive.present.3sg,kyogemywapo
indenture,v,kyogemywa,conditional.present.3sg,kyogemywad
indigo,adj,fgoyowo,positive,fgoyowo
indigo,adj,fgoyowo,comparative,zon fgoyowo
indigo,adj,fgoyowo,superlative,yafuntt fgoyowo
indigo,adj,fgoyowo,positive,fgoyowo
indigo,adj,fgoyowo,comparative,zon fgoyowo
indigo,adj,fgoyowo,superlative,yafuntt fgoyowo
industrial,adj,fdan,positive,fdan
industrial,adj,fdan,comparative,zon fdan
industrial,adj,fdan,superlative,yafuntt fdan
infect,v,zumiji,indicative.present.3sg,zumiji
infect,v,zumiji,imperative.present.3sg,zumijia
infect,v,zumiji,subjunctive.present.3sg,zumijipo
infect,v,zumiji,conditional.present.3sg,zumijid
iron,adj,tottemadar,positive,tottemadar
iron,adj,tottemadar,comparative,zon tottemadar
iron,adj,tottemadar,superlative,yafuntt tottemadar
ironic,adj,foizoma,positive,foizoma
ironic,adj,foizoma,comparative,zon foizoma
ironic,adj,foizoma,superlative,yafuntt foizoma
keeper,n,arisuer,singular.nominative,arisuer
keeper,n,arisuer,singular.accusative,idarisuer
keeper,n,arisuer,singular.genitive,garisuer
keeper,n,arisuer,singular.dative,arisuerahi
killer,n,nemasuer,singular.nominative,nemasuer
killer,n,nemasuer,singular.accusative,idanemasuer
killer,n,nemasuer,singular.genitive,ganemasuer
killer,n,nemasuer,singular.dative,nemasuerahi
knot,v,zuruwa,indicative.present.3sg,zuruwa
knot,v,zuruwa,imperative.present.3sg,zuruwa
knot,v,zuruwa,subjunctive.present.3sg,zuruwapo
knot,v,zuruwa,conditional.present.3sg,zuruwad
knowledge,n,chimasude,singular.nominative,chimasude
knowledge,n,chimasude,singular.accusative,idachimasude
knowledge,n,chimasude,singular.genitive,gachimasude
knowledge,n,chimasude,singular.dative,chimasudehi
lawyer,n,detoer,singular.nominative,detoer
lawyer,n,detoer,singular.accusative,idetoer
lawyer,n,detoer,singular.genitive,gadetoer
lawyer,n,detoer,singular.dative,detoerahi
legal,adj,fdeto,positive,fdeto
legal,adj,fdeto,comparative,zon fdeto
legal,adj,fdeto,superlative,yafuntt fdeto
length,n,shzosawa,singular.nominative,shzosawa
length,n,shzosawa,singular.accusative,idashzosawa
length,n,shzosawa,singular.genitive,gashzosawa
length,n,shzosawa,singular.dative,shzosawahi
lieutenant general,n,perimasdargaidaiwoer,singular.nominative,perimasdargaidaiwoer
lieutenant general,n,perimasdargaidaiwoer,singular.accusative,idaperimasdargaidaiwoer
lieutenant general,n,perimasdargaidaiwoer,singular.genitive,gaperimasdargaidaiwoer
lieutenant general,n,perimasdargaidaiwoer,singular.dative,perimasdargaidaiwoerahi
lieutenant,n,bechudadaiwoer,singular.nominative,bechudadaiwoer
lieutenant,n,bechudadaiwoer,singular.accusative,idabechudadaiwoer
lieutenant,n,bechudadaiwoer,singular.genitive,gabechudadaiwoer
lieutenant,n,bechudadaiwoer,singular.dative,bechudadaiwoerahi
locksmith,n,hatachoer,singular.nominative,hatachoer
locksmith,n,hatachoer,singular.accusative,idahatachoer
locksmith,n,hatachoer,singular.genitive,gahatachoer
locksmith,n,hatachoer,singular.dative,hatachoerahi
loss,n,nakizerde,singular.nominative,nakizerde
loss,n,nakizerde,singular.accusative,idanakizerde
loss,n,nakizerde,singular.genitive,ganakizerde
loss,n,nakizerde,singular.dative,nakizerdehi
lover,n,gyusebier,singular.nominative,gyusebier
lover,n,gyusebier,singular.accusative,idagyusebier
lover,n,gyusebier,singular.genitive,gayusebier
lover,n,gyusebier,singular.dative,gyusebierahi
lucky,adj,fhibulic,positive,fhibulic
lucky,adj,fhibulic,comparative,zon fhibulic
lucky,adj,fhibulic,superlative,yafuntt fhibulic
mageking,n,kanchimnaruhohr,singular.nominative,kanchimnaruhohr
mageking,n,kanchimnaruhohr,singular.accusative,idakanchimnaruhohr
mageking,n,kanchimnaruhohr,singular.genitive,gakanchimnaruhohr
mageking,n,kanchimnaruhohr,singular.dative,kanchimnaruhohrahi
magician,n,kanchimr,singular.nominative,kanchimr
magician,n,kanchimr,singular.accusative,idakanchimr
magician,n,kanchimr,singular.genitive,gakanchimr
magician,n,kanchimr,singular.dative,kanchimrahi
male,adj,sharanedar,positive,sharanedar
male,adj,sharanedar,comparative,zon sharanedar
male,adj,sharanedar,superlative,yafuntt sharanedar
manager,n,desooer,singular.nominative,desooer
manager,n,desooer,singular.accusative,idesooer
manager,n,desooer,singular.genitive,gadesooer
manager,n,desooer,singular.dative,desooerahi
mansion,n,shzewoja,singular.nominative,shzewoja
mansion,n,shzewoja,singular.accusative,idashzewoja
mansion,n,shzewoja,singular.genitive,gashzewoja
mansion,n,shzewoja,singular.dative,shzewojahi
map,v,rotteruji,indicative.present.3sg,rotteruji
map,v,rotteruji,imperative.present.3sg,rotterujia
map,v,rotteruji,subjunctive.present.3sg,rotterujipo
map,v,rotteruji,conditional.present.3sg,rotterujid
marshall,n,fpyumasunyuhazadaiwoer,singular.nominative,fpyumasunyuhazadaiwoer
marshall,n,fpyumasunyuhazadaiwoer,singular.accusative,idafpyumasunyuhazadaiwoer
marshall,n,fpyumasunyuhazadaiwoer,singular.genitive,gafpyumasunyuhazadaiwoer
marshall,n,fpyumasunyuhazadaiwoer,singular.dative,fpyumasunyuhazadaiwoerahi
medical,adj,fzote,positive,fzote
medical,adj,fzote,comparative,zon fzote
medical,adj,fzote,superlative,yafuntt fzote
meeting,n,deshushde,singular.nominative,deshushde
meeting,n,deshushde,singular.accusative,ideshushde
meeting,n,deshushde,singular.genitive,gadeshushde
meeting,n,deshushde,singular.dative,deshushdehi
memory,n,itakinmde,singular.nominative,itakinmde
memory,n,itakinmde,singular.accusative,iditakinmde
memory,n,itakinmde,singular.genitive,gitakinmde
memory,n,itakinmde,singular.dative,itakinmdehi
messy,adj,fxiano,positive,fxiano
messy,adj,fxiano,comparative,zon fxiano
messy,adj,fxiano,superlative,yafuntt fxiano
metalic,adj,datushodar,positive,datushodar
metalic,adj,datushodar,comparative,zon datushodar
metalic,adj,datushodar,superlative,yafuntt datushodar
milk,v,kopateji,indicative.present.3sg,kopateji
milk,v,kopateji,imperative.present.3sg,kopatejia
milk,v,kopateji,subjunctive.present.3sg,kopatejipo
milk,v,kopateji,conditional.present.3sg,kopatejid
mirror,v,jadesuji,indicative.present.3sg,jadesuji
mirror,v,jadesuji,imperative.present.3sg,jadesujia
mirror,v,jadesuji,subjunctive.present.3sg,jadesujipo
mirror,v,jadesuji,conditional.present.3sg,jadesujid
monastery,n,jayohakdo,singular.nominative,jayohakdo
monastery,n,jayohakdo,singular.accusative,idajayohakdo
monastery,n,jayohakdo,singular.genitive,gajayohakdo
monastery,n,jayohakdo,singular.dative,jayohakdohi
monetary,adj,fhitteru,positive,fhitteru
monetary,adj,fhitteru,comparative,zon fhitteru
monetary,adj,fhitteru,superlative,yafuntt fhitteru
movement,n,hade,singular.nominative,hade
movement,n,hade,singular.accusative,idahade
movement,n,hade,singular.genitive,gahade
movement,n,hade,singular.dative,hadehi
nail,v,pupurimji,indicative.present.3sg,pupurimji
nail,v,pupurimji,imperative.present.3sg,pupurimjia
nail,v,pupurimji,subjunctive.present.3sg,pupurimjipo
nail,v,pupurimji,conditional.present.3sg,pupurimjid
natural,adj,fkasu,positive,fkasu
natural,adj,fkasu,comparative,zon fkasu
natural,adj,fkasu,superlative,yafuntt fkasu
navigator,n,yajiher,singular.nominative,yajiher
navigator,n,yajiher,singular.accusative,idayajiher
navigator,n,yajiher,singular.genitive,gayajiher
navigator,n,yajiher,singular.dative,yajiherahi
navigator,n,yajiher,singular.nominative,yajiher
navigator,n,yajiher,singular.accusative,idayajiher
navigator,n,yajiher,singular.genitive,gayajiher
navigator,n,yajiher,singular.dative,yajiherahi
necromancer,n,ryontadekanchimr,singular.nominative,ryontadekanchimr
necromancer,n,ryontadekanchimr,singular.accusative,idaryontadekanchimr
necromancer,n,ryontadekanchimr,singular.genitive,garyontadekanchimr
necromancer,n,ryontadekanchimr,singular.dative,ryontadekanchimrahi
nest,v,hozubyaji,indicative.present.3sg,hozubyaji
nest,v,hozubyaji,imperative.present.3sg,hozubyajia
nest,v,hozubyaji,subjunctive.present.3sg,hozubyajipo
nest,v,hozubyaji,conditional.present.3sg,hozubyajid
offensive,adj,zakyawoky,positive,zakyawoky
offensive,adj,zakyawoky,comparative,zon zakyawoky
offensive,adj,zakyawoky,superlative,yafuntt zakyawoky
oil,v,eomisenji,indicative.present.3sg,eomisenji
oil,v,eomisenji,imperative.present.3sg,eomisenjia
oil,v,eomisenji,subjunctive.present.3sg,eomisenjipo
oil,v,eomisenji,conditional.present.3sg,eomisenjid
opening,n,myahahe,singular.nominative,myahahe
opening,n,myahahe,singular.accusative,idamyahahe
opening,n,myahahe,singular.genitive,gamyahahe
opening,n,myahahe,singular.dative,myahahehi
oral,adj,fkahenar,positive,fkahenar
oral,adj,fkahenar,comparative,zon fkahenar
oral,adj,fkahenar,superlative,yafuntt fkahenar
paganism,n,fdarohan,singular.nominative,fdarohan
paganism,n,fdarohan,singular.accusative,idafdarohan
paganism,n,fdarohan,singular.genitive,gafdarohan
paganism,n,fdarohan,singular.dative,fdarohanahi
painful,adj,fhohohod,positive,fhohohod
painful,adj,fhohohod,comparative,zon fhohohod
painful,adj,fhohohod,superlative,yafuntt fhohohod
paint,v,kotarimji,indicative.present.3sg,kotarimji
paint,v,kotarimji,imperative.present.3sg,kotarimjia
paint,v,kotarimji,subjunctive.present.3sg,kotarimjipo
paint,v,kotarimji,conditional.present.3sg,kotarimjid
painter,n,kotarimjier,singular.nominative,kotarimjier
painter,n,kotarimjier,singular.accusative,idakotarimjier
painter,n,kotarimjier,singular.genitive,gakotarimjier
painter,n,kotarimjier,singular.dative,kotarimjierahi
painting,n,kotarimde,singular.nominative,kotarimde
painting,n,kotarimde,singular.accusative,idakotarimde
painting,n,kotarimde,singular.genitive,gakotarimde
painting,n,kotarimde,singular.dative,kotarimdehi
paste,v,monheiji,indicative.present.3sg,monheiji
paste,v,monheiji,imperative.present.3sg,monheijia
paste,v,monheiji,subjunctive.present.3sg,monheijipo
paste,v,monheiji,conditional.present.3sg,monheijid
peel,v,ubyogyaji,indicative.present.3sg,ubyogyaji
peel,v,ubyogyaji,imperative.present.3sg,ubyogyajia
peel,v,ubyogyaji,subjunctive.present.3sg,ubyogyajipo
peel,v,ubyogyaji,conditional.present.3sg,ubyogyajid
pensive,adj,zawoyadaz,positive,zawoyadaz
pensive,adj,zawoyadaz,comparative,zon zawoyadaz
pensive,adj,zawoyadaz,superlative,yafuntt zawoyadaz
perfection,n,shtiattewa,singular.nominative,shtiattewa
perfection,n,shtiattewa,singular.accusative,idashtiattewa
perfection,n,shtiattewa,singular.genitive,gashtiattewa
perfection,n,shtiattewa,singular.dative,shtiattewahi
personal,adj,finasu,positive,finasu
personal,adj,finasu,comparative,zon finasu
personal,adj,finasu,superlative,yafuntt finasu
place,v,soiryozji,indicative.present.3sg,soiryozji
place,v,soiryozji,imperative.present.3sg,soiryozjia
place,v,soiryozji,subjunctive.present.3sg,soiryozjipo
place,v,soiryozji,conditional.present.3sg,soiryozjid
plant,v,pyudeji,indicative.present.3sg,pyudeji
plant,v,pyudeji,imperative.present.3sg,pyudejia
plant,v,pyudeji,subjunctive.present.3sg,pyudejipo
plant,v,pyudeji,conditional.present.3sg,pyudejid
pleasure,n,edesude,singular.nominative,edesude
pleasure,n,edesude,singular.accusative,idedesude
pleasure,n,edesude,singular.genitive,gedesude
pleasure,n,edesude,singular.dative,edesudehi
plough,v,jigoyukji,indicative.present.3sg,jigoyukji
plough,v,jigoyukji,imperative.present.3sg,jigoyukjia
plough,v,jigoyukji,subjunctive.present.3sg,jigoyukjipo
plough,v,jigoyukji,conditional.present.3sg,jigoyukjid
poet,n,devinjier,singular.nominative,devinjier
poet,n,devinjier,singular.accusative,idevinjier
poet,n,devinjier,singular.genitive,gadevinjier
poet,n,devinjier,singular.dative,devinjierahi
poison,v,nanmasaji,indicative.present.3sg,nanmasaji
poison,v,nanmasaji,imperative.present.3sg,nanmasajia
poison,v,nanmasaji,subjunctive.present.3sg,nanmasajipo
poison,v,nanmasaji,conditional.present.3sg,nanmasajid
politician,n,hisataer,singular.nominative,hisataer
politician,n,hisataer,singular.accusative,idahisataer
politician,n,hisataer,singular.genitive,gahisataer
politician,n,hisataer,singular.dative,hisataerahi
possibility,n,shgonowa,singular.nominative,shgonowa
possibility,n,shgonowa,singular.accusative,idashgonowa
possibility,n,shgonowa,singular.genitive,gashgonowa
possibility,n,shgonowa,singular.dative,shgonowahi
powerful,adj,fnakite,positive,fnakite
powerful,adj,fnakite,comparative,zon fnakite
powerful,adj,fnakite,superlative,yafuntt fnakite
prayer,n,dkyosomy,singular.nominative,dkyosomy
prayer,n,dkyosomy,singular.accusative,idakyosomy
prayer,n,dkyosomy,singular.genitive,gadkyosomy
prayer,n,dkyosomy,singular.dative,dkyosomyahi
preparation,n,tsuncho,singular.nominative,tsuncho
preparation,n,tsuncho,singular.accusative,idatsuncho
preparation,n,tsuncho,singular.genitive,gatsuncho
preparation,n,tsuncho,singular.dative,tsunchohi
priest-mage,n,binattenattene,singular.nominative,binattenattene
priest-mage,n,binattenattene,singular.accusative,idabinattenattene
priest-mage,n,binattenattene,singular.genitive,gabinattenattene
priest-mage,n,binattenattene,singular.dative,binattenattenehi
"prima noctis, bridal tax",n,nemasuzgohotoshid,singular.nominative,nemasuzgohotoshid
"prima noctis, bridal tax",n,nemasuzgohotoshid,singular.accusative,idanemasuzgohotoshid
"prima noctis, bridal tax",n,nemasuzgohotoshid,singular.genitive,ganemasuzgohotoshid
"prima noctis, bridal tax",n,nemasuzgohotoshid,singular.dative,nemasuzgohotoshidahi
prisoner,n,ozusetr,singular.nominative,ozusetr
prisoner,n,ozusetr,singular.accusative,idozusetr
prisoner,n,ozusetr,singular.genitive,gozusetr
prisoner,n,ozusetr,singular.dative,ozusetrahi
product,n,gozuntde,singular.nominative,gozuntde
product,n,gozuntde,singular.accusative,idagozuntde
product,n,gozuntde,singular.genitive,gozuntde
product,n,gozuntde,singular.dative,gozuntdehi
promise,v,gahotatji,indicative.present.3sg,gahotatji
promise,v,gahotatji,imperative.present.3sg,gahotatjia
promise,v,gahotatji,subjunctive.present.3sg,gahotatjipo
promise,v,gahotatji,conditional.present.3sg,gahotatjid
proof,n,debyayade,singular.nominative,debyayade
proof,n,debyayade,singular.accusative,idebyayade
proof,n,debyayade,singular.genitive,gadebyayade
proof,n,debyayade,singular.dative,debyayadehi
protection,n,juke,singular.nominative,juke
protection,n,juke,singular.accusative,idajuke
protection,n,juke,singular.genitive,gajuke
protection,n,juke,singular.dative,jukehi
psychologist,n,viumyamr,singular.nominative,viumyamr
psychologist,n,viumyamr,singular.accusative,idaviumyamr
psychologist,n,viumyamr,singular.genitive,gaviumyamr
psychologist,n,viumyamr,singular.dative,viumyamrahi
puppy,n,ogkaho,singular.nominative,ogkaho
puppy,n,ogkaho,singular.accusative,idogkaho
puppy,n,ogkaho,singular.genitive,gogkaho
puppy,n,ogkaho,singular.dative,ogkahohi
quarrel,v,womigyaji,indicative.present.3sg,womigyaji
quarrel,v,womigyaji,imperative.present.3sg,womigyajia
quarrel,v,womigyaji,subjunctive.present.3sg,womigyajipo
quarrel,v,womigyaji,conditional.present.3sg,womigyajid
race,v,zakinmaji,indicative.present.3sg,zakinmaji
race,v,zakinmaji,imperative.present.3sg,zakinmajia
race,v,zakinmaji,subjunctive.present.3sg,zakinmajipo
race,v,zakinmaji,conditional.present.3sg,zakinmajid
rain,v,hyoeji,indicative.present.3sg,hyoeji
rain,v,hyoeji,imperative.present.3sg,hyoejia
rain,v,hyoeji,subjunctive.present.3sg,hyoejipo
rain,v,hyoeji,conditional.present.3sg,hyoejid
recognition,n,pebyade,singular.nominative,pebyade
recognition,n,pebyade,singular.accusative,idapebyade
recognition,n,pebyade,singular.genitive,gapebyade
recognition,n,pebyade,singular.dative,pebyadehi
record,v,moreji,indicative.present.3sg,moreji
record,v,moreji,imperative.present.3sg,morejia
record,v,moreji,subjunctive.present.3sg,morejipo
record,v,moreji,conditional.present.3sg,morejid
reflection,n,iwoyudede,singular.nominative,iwoyudede
reflection,n,iwoyudede,singular.accusative,idiwoyudede
reflection,n,iwoyudede,singular.genitive,giwoyudede
reflection,n,iwoyudede,singular.dative,iwoyudedehi
religious,adj,fohomas,positive,fohomas
religious,adj,fohomas,comparative,zon fohomas
religious,adj,fohomas,superlative,yafuntt fohomas
response,n,sowamasde,singular.nominative,sowamasde
response,n,sowamasde,singular.accusative,idasowamasde
response,n,sowamasde,singular.genitive,gasowamasde
response,n,sowamasde,singular.dative,sowamasdehi
"rich, flavorsome",adj,fzoruhe,positive,fzoruhe
"rich, flavorsome",adj,fzoruhe,comparative,zon fzoruhe
"rich, flavorsome",adj,fzoruhe,superlative,yafuntt fzoruhe
"rich, wealthy",adj,fhejuse,positive,fhejuse
"rich, wealthy",adj,fhejuse,comparative,zon fhejuse
"rich, wealthy",adj,fhejuse,superlative,yafuntt fhejuse
"risky, dangerous",adj,fnohoto,positive,fnohoto
"risky, dangerous",adj,fnohoto,comparative,zon fnohoto
"risky, dangerous",adj,fnohoto,superlative,yafuntt fnohoto
rose,adj,sazoyozdar,positive,sazoyozdar
rose,adj,sazoyozdar,comparative,zon sazoyozdar
rose,adj,sazoyozdar,superlative,yafuntt sazoyozdar
ruler,n,naruhohr,singular.nominative,naruhohr
ruler,n,naruhohr,singular.accusative,idanaruhohr
ruler,n,naruhohr,singular.genitive,ganaruhohr
ruler,n,naruhohr,singular.dative,naruhohrahi
runner,n,sekonoer,singular.nominative,sekonoer
runner,n,sekonoer,singular.accusative,idasekonoer
runner,n,sekonoer,singular.genitive,gasekonoer
runner,n,sekonoer,singular.dative,sekonoerahi
rust (colored),adj,ohyuamdar,positive,ohyuamdar
rust (colored),adj,ohyuamdar,comparative,zon ohyuamdar
rust (colored),adj,ohyuamdar,superlative,yafuntt ohyuamdar
rust,v,ohyuamji,indicative.present.3sg,ohyuamji
rust,v,ohyuamji,imperative.present.3sg,ohyuamjia
rust,v,ohyuamji,subjunctive.present.3sg,ohyuamjipo
rust,v,ohyuamji,conditional.present.3sg,ohyuamjid
rust,v,ohyuamji,indicative.present.3sg,ohyuamji
rust,v,ohyuamji,imperative.present.3sg,ohyuamjia
rust,v,ohyuamji,subjunctive.present.3sg,ohyuamjipo
rust,v,ohyuamji,conditional.present.3sg,ohyuamjid
sacrifice,v,wogyuudji,indicative.present.3sg,wogyuudji
sacrifice,v,wogyuudji,imperative.present.3sg,wogyuudjia
sacrifice,v,wogyuudji,subjunctive.present.3sg,wogyuudjipo
sacrifice,v,wogyuudji,conditional.present.3sg,wogyuudjid
sadness,n,shnienhadwa,singular.nominative,shnienhadwa
sadness,n,shnienhadwa,singular.accusative,idashnienhadwa
sadness,n,shnienhadwa,singular.genitive,gashnienhadwa
sadness,n,shnienhadwa,singular.dative,shnienhadwahi
sailor,n,toseer,singular.nominative,toseer
sailor,n,toseer,singular.accusative,idatoseer
sailor,n,toseer,singular.genitive,gatoseer
sailor,n,toseer,singular.dative,toseerahi
salted,adj,dashohedar,positive,dashohedar
salted,adj,dashohedar,comparative,zon dashohedar
salted,adj,dashohedar,superlative,yafuntt dashohedar
scholar-mage,n,kanchimomyuda,singular.nominative,kanchimomyuda
scholar-mage,n,kanchimomyuda,singular.accusative,idakanchimomyuda
scholar-mage,n,kanchimomyuda,singular.genitive,gakanchimomyuda
scholar-mage,n,kanchimomyuda,singular.dative,kanchimomyudahi
scientist,n,nansier,singular.nominative,nansier
scientist,n,nansier,singular.accusative,idanansier
scientist,n,nansier,singular.genitive,ganansier
scientist,n,nansier,singular.dative,nansierahi
screw,v,tozenji,indicative.present.3sg,tozenji
screw,v,tozenji,imperative.present.3sg,tozenjia
screw,v,tozenji,subjunctive.present.3sg,tozenjipo
screw,v,tozenji,conditional.present.3sg,tozenjid
seer,n,pyuzoer,singular.nominative,pyuzoer
seer,n,pyuzoer,singular.accusative,idapyuzoer
seer,n,pyuzoer,singular.genitive,gapyuzoer
seer,n,pyuzoer,singular.dative,pyuzoerahi
sergeant,n,onyosh,singular.nominative,onyosh
sergeant,n,onyosh,singular.accusative,idonyosh
sergeant,n,onyosh,singular.genitive,gonyosh
sergeant,n,onyosh,singular.dative,onyoshi
service,n,tehofumde,singular.nominative,tehofumde
service,n,tehofumde,singular.accusative,idatehofumde
service,n,tehofumde,singular.genitive,gatehofumde
service,n,tehofumde,singular.dative,tehofumdehi
settlement,n,zhefunhde,singular.nominative,zhefunhde
settlement,n,zhefunhde,singular.accusative,idazhefunhde
settlement,n,zhefunhde,singular.genitive,gazhefunhde
settlement,n,zhefunhde,singular.dative,zhefunhdehi
sexy,adj,fohezusa,positive,fohezusa
sexy,adj,fohezusa,comparative,zon fohezusa
sexy,adj,fohezusa,superlative,yafuntt fohezusa
"sickness, disease",n,shituruwa,singular.nominative,shituruwa
"sickness, disease",n,shituruwa,singular.accusative,idashituruwa
"sickness, disease",n,shituruwa,singular.genitive,gashituruwa
"sickness, disease",n,shituruwa,singular.dative,shituruwahi
silence,n,shnatwa,singular.nominative,shnatwa
silence,n,shnatwa,singular.accusative,idashnatwa
silence,n,shnatwa,singular.genitive,gashnatwa
silence,n,shnatwa,singular.dative,shnatwahi
silvered,adj,perimasdardar,positive,perimasdardar
silvered,adj,perimasdardar,comparative,zon perimasdardar
silvered,adj,perimasdardar,superlative,yafuntt perimasdardar
sing,v,inatakawa,indicative.present.3sg,inatakawa
sing,v,inatakawa,imperative.present.3sg,inatakawa
sing,v,inatakawa,subjunctive.present.3sg,inatakawapo
sing,v,inatakawa,conditional.present.3sg,inatakawad
singer,n,inatakaer,singular.nominative,inatakaer
singer,n,inatakaer,singular.accusative,idinatakaer
singer,n,inatakaer,singular.genitive,ginatakaer
singer,n,inatakaer,singular.dative,inatakaerahi
skilled,adj,farumuse,positive,farumuse
skilled,adj,farumuse,comparative,zon farumuse
skilled,adj,farumuse,superlative,yafuntt farumuse
slave,n,tehofumr,singular.nominative,tehofumr
slave,n,tehofumr,singular.accusative,idatehofumr
slave,n,tehofumr,singular.genitive,gatehofumr
slave,n,tehofumr,singular.dative,tehofumrahi
smoke,v,goseyaji,indicative.present.3sg,goseyaji
smoke,v,goseyaji,imperative.present.3sg,goseyajia
smoke,v,goseyaji,subjunctive.present.3sg,goseyajipo
smoke,v,goseyaji,conditional.present.3sg,goseyajid
smoked,adj,goseyadar,positive,goseyadar
smoked,adj,goseyadar,comparative,zon goseyadar
smoked,adj,goseyadar,superlative,yafuntt goseyadar
spelling,n,wanarepde,singular.nominative,wanarepde
spelling,n,wanarepde,singular.accusative,idawanarepde
spelling,n,wanarepde,singular.genitive,gawanarepde
spelling,n,wanarepde,singular.dative,wanarepdehi
stable,n,neruhejdo,singular.nominative,neruhejdo
stable,n,neruhejdo,singular.accusative,idaneruhejdo
stable,n,neruhejdo,singular.genitive,ganeruhejdo
stable,n,neruhejdo,singular.dative,neruhejdohi
strength,n,shtemashiwa,singular.nominative,shtemashiwa
strength,n,shtemashiwa,singular.accusative,idashtemashiwa
strength,n,shtemashiwa,singular.genitive,gashtemashiwa
strength,n,shtemashiwa,singular.dative,shtemashiwahi
subtlety,n,shzuisowa,singular.nominative,shzuisowa
subtlety,n,shzuisowa,singular.accusative,idashzuisowa
subtlety,n,shzuisowa,singular.genitive,gashzuisowa
subtlety,n,shzuisowa,singular.dative,shzuisowahi
successful,adj,fwaho,positive,fwaho
successful,adj,fwaho,comparative,zon fwaho
successful,adj,fwaho,superlative,yafuntt fwaho
"suckling pig, piglet",n,oghabyoma,singular.nominative,oghabyoma
"suckling pig, piglet",n,oghabyoma,singular.accusative,idoghabyoma
"suckling pig, piglet",n,oghabyoma,singular.genitive,goghabyoma
"suckling pig, piglet",n,oghabyoma,singular.dative,oghabyomahi
suggestion,n,yorude,singular.nominative,yorude
suggestion,n,yorude,singular.accusative,idayorude
suggestion,n,yorude,singular.genitive,gayorude
suggestion,n,yorude,singular.dative,yorudehi
tattoo,v,modomyoji,indicative.present.3sg,modomyoji
tattoo,v,modomyoji,imperative.present.3sg,modomyojia
tattoo,v,modomyoji,subjunctive.present.3sg,modomyojipo
tattoo,v,modomyoji,conditional.present.3sg,modomyojid
teacher,n,moshokyer,singular.nominative,moshokyer
teacher,n,moshokyer,singular.accusative,idamoshokyer
teacher,n,moshokyer,singular.genitive,gamoshokyer
teacher,n,moshokyer,singular.dative,moshokyerahi
technological,adj,fnarimpo,positive,fnarimpo
technological,adj,fnarimpo,comparative,zon fnarimpo
technological,adj,fnarimpo,superlative,yafuntt fnarimpo
thief,n,jizuhohr,singular.nominative,jizuhohr
thief,n,jizuhohr,singular.accusative,idajizuhohr
thief,n,jizuhohr,singular.genitive,gajizuhohr
thief,n,jizuhohr,singular.dative,jizuhohrahi
thought,n,woyadazde,singular.nominative,woyadazde
thought,n,woyadazde,singular.accusative,idawoyadazde
thought,n,woyadazde,singular.genitive,gawoyadazde
thought,n,woyadazde,singular.dative,woyadazdehi
threaten,v,datteyuji,indicative.present.3sg,datteyuji
threaten,v,datteyuji,imperative.present.3sg,datteyujia
threaten,v,datteyuji,subjunctive.present.3sg,datteyujipo
threaten,v,datteyuji,conditional.present.3sg,datteyujid
tin,adj,zuruhobdar,positive,zuruhobdar
tin,adj,zuruhobdar,comparative,zon zuruhobdar
tin,adj,zuruhobdar,superlative,yafuntt zuruhobdar
trade,v,yuhoji,indicative.present.3sg,yuhoji
trade,v,yuhoji,imperative.present.3sg,yuhojia
trade,v,yuhoji,subjunctive.present.3sg,yuhojipo
trade,v,yuhoji,conditional.present.3sg,yuhojid
trader,n,yuhojier,singular.nominative,yuhojier
trader,n,yuhojier,singular.accusative,idayuhojier
trader,n,yuhojier,singular.genitive,gayuhojier
trader,n,yuhojier,singular.dative,yuhojierahi
training,n,dotsude,singular.nominative,dotsude
training,n,dotsude,singular.accusative,idotsude
training,n,dotsude,singular.genitive,gadotsude
training,n,dotsude,singular.dative,dotsudehi
treatment,n,chibujude,singular.nominative,chibujude
treatment,n,chibujude,singular.accusative,idachibujude
treatment,n,chibujude,singular.genitive,gachibujude
treatment,n,chibujude,singular.dative,chibujudehi
troublesome,adj,fdit,positive,fdit
troublesome,adj,fdit,comparative,zon fdit
troublesome,adj,fdit,superlative,yafuntt fdit
truth,n,sharantawa,singular.nominative,sharantawa
truth,n,sharantawa,singular.accusative,idasharantawa
truth,n,sharantawa,singular.genitive,gasharantawa
truth,n,sharantawa,singular.dative,sharantawahi
urban,adj,fmekyuju,positive,fmekyuju
urban,adj,fmekyuju,comparative,zon fmekyuju
urban,adj,fmekyuju,superlative,yafuntt fmekyuju
vendor,n,coruyoer,singular.nominative,coruyoer
vendor,n,coruyoer,singular.accusative,idacoruyoer
vendor,n,coruyoer,singular.genitive,gacoruyoer
vendor,n,coruyoer,singular.dative,coruyoerahi
violence,n,shmochoruwa,singular.nominative,shmochoruwa
violence,n,shmochoruwa,singular.accusative,idashmochoruwa
violence,n,shmochoruwa,singular.genitive,gashmochoruwa
violence,n,shmochoruwa,singular.dative,shmochoruwahi
visitor,n,adattauer,singular.nominative,adattauer
visitor,n,adattauer,singular.accusative,idadattauer
visitor,n,adattauer,singular.genitive,gadattauer
visitor,n,adattauer,singular.dative,adattauerahi
walnut,adj,artedar,positive,artedar
walnut,adj,artedar,comparative,zon artedar
walnut,adj,artedar,superlative,yafuntt artedar
warrior,n,goger,singular.nominative,goger
warrior,n,goger,singular.accusative,idagoger
warrior,n,goger,singular.genitive,goger
warrior,n,goger,singular.dative,gogerahi
weigh,v,naranmawa,indicative.present.3sg,naranmawa
weigh,v,naranmawa,imperative.present.3sg,naranmawa
weigh,v,naranmawa,subjunctive.present.3sg,naranmawapo
weigh,v,naranmawa,conditional.present.3sg,naranmawad
width,n,shamasotowa,singular.nominative,shamasotowa
width,n,shamasotowa,singular.accusative,idashamasotowa
width,n,shamasotowa,singular.genitive,gashamasotowa
width,n,shamasotowa,singular.dative,shamasotowahi
winery,n,hodomyudo,singular.nominative,hodomyudo
winery,n,hodomyudo,singular.accusative,idahodomyudo
winery,n,hodomyudo,singular.genitive,gahodomyudo
winery,n,hodomyudo,singular.dative,hodomyudohi
wisteria,adj,sadar,positive,sadar
wisteria,adj,sadar,comparative,zon sadar
wisteria,adj,sadar,superlative,yafuntt sadar
witchcraft,n,sahezuarimasu,singular.nominative,sahezuarimasu
witchcraft,n,sahezuarimasu,singular.accusative,idasahezuarimasu
witchcraft,n,sahezuarimasu,singular.genitive,gasahezuarimasu
witchcraft,n,sahezuarimasu,singular.dative,sahezuarimasuhi
witchdoctor,n,sahezuhimasuer,singular.nominative,sahezuhimasuer
witchdoctor,n,sahezuhimasuer,singular.accusative,idasahezuhimasuer
witchdoctor,n,sahezuhimasuer,singular.genitive,gasahezuhimasuer
witchdoctor,n,sahezuhimasuer,singular.dative,sahezuhimasuerahi
witchfinder,n,sahezuheyomasr,singular.nominative,sahezuheyomasr
witchfinder,n,sahezuheyomasr,singular.accusative,idasahezuheyomasr
witchfinder,n,sahezuheyomasr,singular.genitive,gasahezuheyomasr
witchfinder,n,sahezuheyomasr,singular.dative,sahezuheyomasrahi
wizard,n,gyaakanchimr,singular.nominative,gyaakanchimr
wizard,n,gyaakanchimr,singular.accusative,idagyaakanchimr
wizard,n,gyaakanchimr,singular.genitive,gayaakanchimr
wizard,n,gyaakanchimr,singular.dative,gyaakanchimrahi
wooden,adj,fwohehem,positive,fwohehem
wooden,adj,fwohehem,comparative,zon fwohehem
wooden,adj,fwohehem,superlative,yafuntt fwohehem
woolen,adj,ftsun,positive,ftsun
woolen,adj,ftsun,comparative,zon ftsun
woolen,adj,ftsun,superlative,yafuntt ftsun
"worker, employee",n,nakiwaer,singular.nominative,nakiwaer
"worker, employee",n,nakiwaer,singular.accusative,idanakiwaer
"worker, employee",n,nakiwaer,singular.genitive,ganakiwaer
"worker, employee",n,nakiwaer,singular.dative,nakiwaerahi
writer,n,kyuhasuer,singular.nominative,kyuhasuer
writer,n,kyuhasuer,singular.accusative,idakyuhasuer
writer,n,kyuhasuer,singular.genitive,gakyuhasuer
writer,n,kyuhasuer,singular.dative,kyuhasuerahi
youth,n,shwoshonkwa,singular.nominative,shwoshonkwa
youth,n,shwoshonkwa,singular.accusative,idashwoshonkwa
youth,n,shwoshonkwa,singular.genitive,gashwoshonkwa
youth,n,shwoshonkwa,singular.dative,shwoshonkwahi
